# WaveFront *.obj file (generated by CINEMA 4D)

mtllib ./Vitrine.mtl

v 34.10260772705078 130.22367858886719 7.43910217285156
v 41.4019660949707 130.22367858886719 8.05527782440186
v 30.60087966918945 116.53093719482422 -0.00851672608405
v 39.28781509399414 116.53093719482422 -0.00593295879662
v 48.95461273193359 116.53093719482422 -0.00305097061209
v 60 116.53093719482422 0
v 60 131.53092956542969 0
v 50.25127029418945 130.22367858886719 -0.00166405551136
v 41.84947967529297 130.22367858886719 -0.00322079681791
v 34.3477897644043 130.22367858886719 -0.0046057747677
v 30.28409004211426 116.53093719482422 -7.60339975357056
v 38.80098342895508 116.53093719482422 -8.24424839019775
v 48.26818084716797 116.53093719482422 -9.17720985412598
v 59.08846664428711 116.53093719482422 -10.41889095306396
v 59.08846664428711 131.53092956542969 -10.41889095306396
v 49.57929229736328 130.22367858886719 -9.06127262115479
v 41.40128707885742 130.22367858886719 -8.06165981292725
v 34.10168075561523 130.22367858886719 -7.44820117950439
v 29.37348747253418 116.53093719482422 -14.94248580932617
v 37.36991500854492 116.53093719482422 -16.18690872192383
v 46.23381423950195 116.53093719482422 -18.04154777526855
v 56.38155746459961 116.53093719482422 -20.52120780944824
v 56.38155746459961 131.53092956542969 -20.52120780944824
v 47.57713317871094 130.22367858886719 -17.76174545288086
v 40.07594299316406 130.22367858886719 -15.72648620605469
v 33.41372680664062 130.22367858886719 -14.52166557312012
v 27.99317169189453 116.53093719482422 -21.73559951782227
v 35.07348251342773 116.53093719482422 -23.51096153259277
v 42.91701126098633 116.53093719482422 -26.27933502197266
v 51.96152496337891 116.53093719482422 -30
v 51.96152496337891 131.53092956542969 -30
v 44.26468276977539 130.22367858886719 -25.74088478088379
v 37.89548110961914 130.22367858886719 -22.54831123352051
v 32.44754409790039 130.22367858886719 -20.72934341430664
v 26.38540840148926 116.53093719482422 -27.57179260253906
v 31.9980525970459 116.53093719482422 -29.82848167419434
v 38.39148712158203 116.53093719482422 -33.56688690185547
v 45.96266555786133 116.53093719482422 -38.56725692749023
v 45.96266555786133 131.53092956542969 -38.56725692749023
v 39.61486053466797 130.22367858886719 -32.67339706420898
v 34.69295120239258 130.22367858886719 -28.02827072143555
v 31.57388496398926 130.22367858886719 -25.04445266723633
v 25.0512866973877 116.53093719482422 -31.56331634521484
v 28.03351783752441 116.53093719482422 -34.68478393554688
v 32.67619323730469 116.53093719482422 -39.61047744750977
v 38.56725692749023 116.53093719482422 -45.96266555786133
v 38.56725692749023 131.53092956542969 -45.96266555786133
v 33.57149124145508 130.22367858886719 -38.3886833190918
v 29.83713531494141 130.22367858886719 -31.99270057678223
v 27.58353424072266 130.22367858886719 -26.37799835205078
v 20.73691177368164 116.53093719482422 -32.43610382080078
v 22.55385398864746 116.53093719482422 -37.88717269897461
v 25.74381637573242 116.53093719482422 -44.26029586791992
v 30 116.53093719482422 -51.96152496337891
v 30 131.53092956542969 -51.96152496337891
v 26.28432083129883 130.22367858886719 -42.91411209106445
v 23.52042579650879 130.22367858886719 -35.06786727905273
v 21.74873161315918 130.22367858886719 -27.98517036437988
v 14.53006553649902 116.53093719482422 -33.40142440795898
v 15.73250579833984 116.53093719482422 -40.06725311279297
v 17.76490020751953 116.53093719482422 -47.57261276245117
v 20.52120780944824 116.53093719482422 -56.38155746459961
v 20.52120780944824 131.53092956542969 -56.38155746459961
v 18.04697799682617 130.22367858886719 -46.23079681396484
v 16.19726181030273 130.22367858886719 -37.36402130126953
v 14.95696449279785 130.22367858886719 -29.36498641967773
v 7.45734119415283 116.53093719482422 -34.08872985839844
v 8.06816673278809 116.53093719482422 -41.39223861694336
v 9.06467437744141 116.53093719482422 -49.57462310791016
v 10.41889095306396 116.53093719482422 -59.08846664428711
v 10.41889095306396 131.53092956542969 -59.08846664428711
v 9.18308639526367 130.22367858886719 -48.26506042480469
v 8.25544452667236 130.22367858886719 -38.79486465454102
v 7.61907434463501 130.22367858886719 -30.27522087097168
v 0.01429853681475 116.53093719482422 -34.33446884155273
v 0.01013223547488 116.53093719482422 -41.8401985168457
v 0.00528739998117 116.53093719482422 -50.24648666381836
v 0 116.53093719482422 -60
v 0 131.53092956542969 -60
v 0.00932565703988 130.22367858886719 -48.951416015625
v 0.01784579269588 130.22367858886719 -39.28154373168945
v 0.02514927461743 130.22367858886719 -30.59178733825684
v -7.42910146713257 116.53093719482422 -34.08923721313477
v -8.048095703125 116.53093719482422 -41.39262390136719
v -9.05417633056641 116.53093719482422 -49.5748405456543
v -10.41889095306396 116.53093719482422 -59.08846664428711
v -10.41889095306396 131.53092956542969 -59.08846664428711
v -9.16454696655273 130.22367858886719 -48.2652473449707
v -8.22001361846924 130.22367858886719 -38.79520416259766
v -7.56922721862793 130.22367858886719 -30.27566719055176
v -14.50287246704102 116.53093719482422 -33.40238189697266
v -15.71296405792236 116.53093719482422 -40.06797790527344
v -17.75460052490234 116.53093719482422 -47.57302474975586
v -20.52120780944824 116.53093719482422 -56.38155746459961
v -20.52120780944824 131.53092956542969 -56.38155746459961
v -18.02875709533691 130.22367858886719 -46.23116302490234
v -16.16259002685547 130.22367858886719 -37.36466979980469
v -14.90845966339111 130.22367858886719 -29.36583518981934
v -20.71133804321289 116.53093719482422 -32.43738555908203
v -22.53499031066895 116.53093719482422 -37.8881721496582
v -25.73372650146484 116.53093719482422 -44.26087188720703
v -30 116.53093719482422 -51.96152496337891
v -30 131.53092956542969 -51.96152496337891
v -26.26655769348145 130.22367858886719 -42.91462707519531
v -23.48692512512207 130.22367858886719 -35.06877136230469
v -21.70243453979492 130.22367858886719 -27.98634910583496
v -25.02751541137695 116.53093719482422 -31.56474113464355
v -28.01496696472168 116.53093719482422 -34.68599700927734
v -32.66611480712891 116.53093719482422 -39.61119842529297
v -38.56725692749023 116.53093719482422 -45.96266555786133
v -38.56725692749023 131.53092956542969 -45.96266555786133
v -33.55415725708008 130.22367858886719 -38.38931274414062
v -29.804931640625 130.22367858886719 -31.99379920959473
v -27.54018020629883 130.22367858886719 -26.37939262390137
v -26.35937690734863 116.53093719482422 -27.57342529296875
v -31.97864532470703 116.53093719482422 -29.82990455627441
v -38.38102722167969 116.53093719482422 -33.5677490234375
v -45.96266555786133 116.53093719482422 -38.56725692749023
v -45.96266555786133 131.53092956542969 -38.56725692749023
v -39.59760665893555 130.22367858886719 -32.67412185668945
v -34.66139221191406 130.22367858886719 -28.02950096130371
v -31.53365707397461 130.22367858886719 -25.04591369628906
v -27.96475028991699 116.53093719482422 -21.73746871948242
v -35.05273818969727 116.53093719482422 -23.51260375976562
v -42.90593338012695 116.53093719482422 -26.28033828735352
v -51.96152496337891 116.53093719482422 -30
v -51.96152496337891 131.53092956542969 -30
v -44.24689865112305 130.22367858886719 -25.74168968200684
v -37.86267471313477 130.22367858886719 -22.5496654510498
v -32.40373611450195 130.22367858886719 -20.7309513092041
v -29.34297943115234 116.53093719482422 -14.94458198547363
v -37.34783935546875 116.53093719482422 -16.18876075744629
v -46.22207641601562 116.53093719482422 -18.04268836975098
v -56.38155746459961 116.53093719482422 -20.52120780944824
v -56.38155746459961 131.53092956542969 -20.52120780944824
v -47.55849456787109 130.22367858886719 -17.76262092590332
v -40.04123687744141 130.22367858886719 -15.72795104980469
v -33.36638641357422 130.22367858886719 -14.52340316772461
v -30.25197410583496 116.53093719482422 -7.60569286346436
v -38.77781677246094 116.53093719482422 -8.24628353118896
v -48.25587463378906 116.53093719482422 -9.17847061157227
v -59.08846664428711 116.53093719482422 -10.41889095306396
v -59.08846664428711 131.53092956542969 -10.41889095306396
v -49.55984497070312 130.22367858886719 -9.06219959259033
v -41.36492538452148 130.22367858886719 -8.06320476531982
v -34.05166625976562 130.22367858886719 -7.45002841949463
v -30.56771659851074 116.53093719482422 -0.01095571834594
v -39.26389312744141 116.53093719482422 -0.00810429640114
v -48.94189834594727 116.53093719482422 -0.00440318603069
v -60 116.53093719482422 -0.00000000000001
v -60 131.53092956542969 -0.00000000000001
v -50.23128128051758 130.22367858886719 -0.00261702411808
v -41.81207656860352 130.22367858886719 -0.00480369059369
v -34.2962532043457 130.22367858886719 -0.00647131307051
v -30.25124168395996 116.53093719482422 7.58398246765137
v -38.77725982666016 116.53093719482422 8.23021030426025
v -48.25556182861328 116.53093719482422 9.16973686218262
v -59.08846664428711 116.53093719482422 10.41889095306396
v -59.08846664428711 131.53092956542969 10.41889095306396
v -49.55949783325195 130.22367858886719 9.05701732635498
v -41.36430358886719 130.22367858886719 8.05370044708252
v -34.05085754394531 130.22367858886719 7.43725061416626
v -29.34157180786133 116.53093719482422 14.92347526550293
v -37.34677124023438 116.53093719482422 16.17308616638184
v -46.22147750854492 116.53093719482422 18.03416061401367
v -56.38155746459961 116.53093719482422 20.52120780944824
v -56.38155746459961 131.53092956542969 20.52120780944824
v -47.55782699584961 130.22367858886719 17.75757789611816
v -40.04005432128906 130.22367858886719 15.71873664855957
v -33.3648681640625 130.22367858886719 14.51111030578613
v -27.96279335021973 116.53093719482422 21.71736335754395
v -35.05123519897461 116.53093719482422 23.49755477905273
v -42.90509033203125 116.53093719482422 26.27212524414062
v -51.96152496337891 116.53093719482422 30
v -51.96152496337891 131.53092956542969 30
v -44.24595642089844 130.22367858886719 25.7368278503418
v -37.86103057861328 130.22367858886719 22.54084968566895
v -32.40167999267578 130.22367858886719 20.71940994262695
v -26.3570556640625 116.53093719482422 27.55465698242188
v -31.9768180847168 116.53093719482422 29.81558990478516
v -38.37998962402344 116.53093719482422 33.55987548828125
v -45.96266555786133 116.53093719482422 38.56725692749023
v -45.96266555786133 131.53092956542969 38.56725692749023
v -39.59642791748047 130.22367858886719 32.66939163208008
v -34.65940475463867 130.22367858886719 28.02098846435547
v -31.53136444091797 130.22367858886719 25.03522872924805
v -25.02507781982422 116.53093719482422 31.54741096496582
v -28.01291275024414 116.53093719482422 34.67222595214844
v -32.6649169921875 116.53093719482422 39.60356903076172
v -38.56725692749023 116.53093719482422 45.96266555786133
v -38.56725692749023 131.53092956542969 45.96266555786133
v -33.55276107788086 130.22367858886719 38.38460540771484
v -29.80264472961426 130.22367858886719 31.98520469665527
v -27.5376033782959 130.22367858886719 26.36802864074707
v -20.70865440368652 116.53093719482422 32.41899490356445
v -22.53273010253906 116.53093719482422 37.87430572509766
v -25.73239135742188 116.53093719482422 44.25329971313477
v -30 116.53093719482422 51.96152496337891
v -30 131.53092956542969 51.96152496337891
v -26.26497268676758 130.22367858886719 42.90989685058594
v -23.484375 130.22367858886719 35.06002426147461
v -21.69958305358887 130.22367858886719 27.97450065612793
v -14.49997138977051 116.53093719482422 33.38328552246094
v -15.71052551269531 116.53093719482422 40.05392456054688
v -17.75315284729004 116.53093719482422 47.56545257568359
v -20.52120780944824 116.53093719482422 56.38155746459961
v -20.52120780944824 131.53092956542969 56.38155746459961
v -18.02702140808105 130.22367858886719 46.2264518737793
v -16.15982818603516 130.22367858886719 37.35588073730469
v -14.90538311004639 130.22367858886719 29.35378837585449
v -7.42604398727417 116.53093719482422 34.06996917724609
v -8.04552841186523 116.53093719482422 41.37859725952148
v -9.05264949798584 116.53093719482422 49.56734085083008
v -10.41889095306396 116.53093719482422 59.08846664428711
v -10.41889095306396 131.53092956542969 59.08846664428711
v -9.16271495819092 130.22367858886719 48.26062393188477
v -8.21710205078125 130.22367858886719 38.78653335571289
v -7.56599760055542 130.22367858886719 30.26370811462402
v 0.01742664538324 116.53093719482422 34.31556701660156
v 0.01275654230267 116.53093719482422 41.82650375366211
v 0.00684688938782 116.53093719482422 50.23919677734375
v -0.00000000000001 116.53093719482422 60
v -0.00000000000001 131.53092956542969 60
v 0.01119981892407 130.22367858886719 48.94695663452148
v 0.02083137072623 130.22367858886719 39.27315139770508
v 0.02846530452371 130.22367858886719 30.58017158508301
v 7.46043920516968 116.53093719482422 34.0706901550293
v 8.07076740264893 116.53093719482422 41.3791618347168
v 9.06621551513672 116.53093719482422 49.56767272949219
v 10.41889095306396 116.53093719482422 59.08846664428711
v 10.41889095306396 131.53092956542969 59.08846664428711
v 9.18494319915771 130.22367858886719 48.26082992553711
v 8.25841903686523 130.22367858886719 38.78688812255859
v 7.622389793396 130.22367858886719 30.26416969299316
v 14.53303813934326 116.53093719482422 33.3846435546875
v 15.73500061035156 116.53093719482422 40.05500030517578
v 17.76637268066406 116.53093719482422 47.56608581542969
v 20.52120780944824 116.53093719482422 56.38155746459961
v 20.52120780944824 131.53092956542969 56.38155746459961
v 18.04875946044922 130.22367858886719 46.22684478759766
v 16.20013809204102 130.22367858886719 37.35656356811523
v 14.96018886566162 130.22367858886719 29.35467720031738
v 20.73968124389648 116.53093719482422 32.42082595825195
v 22.55617523193359 116.53093719482422 37.87579345703125
v 25.74517822265625 116.53093719482422 44.25418472290039
v 30 116.53093719482422 51.96152496337891
v 30 131.53092956542969 51.96152496337891
v 26.28596878051758 130.22367858886719 42.91044998168945
v 23.52312088012695 130.22367858886719 35.06098556518555
v 21.75178337097168 130.22367858886719 27.97573280334473
v 25.05380058288574 116.53093719482422 31.54944610595703
v 28.03562355041504 116.53093719482422 34.67399978637695
v 32.67741775512695 116.53093719482422 39.60464859008789
v 38.56725692749023 116.53093719482422 45.96266555786133
v 38.56725692749023 131.53092956542969 45.96266555786133
v 33.57296371459961 130.22367858886719 38.38528442382812
v 29.83957672119141 130.22367858886719 31.98637390136719
v 27.58633804321289 130.22367858886719 26.36949348449707
v 26.3878002166748 116.53093719482422 27.55690765380859
v 31.99991989135742 116.53093719482422 29.81758880615234
v 38.39253997802734 116.53093719482422 33.56110763549805
v 45.96266555786133 116.53093719482422 38.56725692749023
v 45.96266555786133 131.53092956542969 38.56725692749023
v 39.61612319946289 130.22367858886719 32.67016983032227
v 34.69508361816406 130.22367858886719 28.02230072021484
v 31.57639312744141 130.22367858886719 25.03676795959473
v 27.99517822265625 116.53093719482422 21.71978950500488
v 35.07500457763672 116.53093719482422 23.49971771240234
v 42.91785430908203 116.53093719482422 26.27346801757812
v 51.96152496337891 116.53093719482422 30
v 51.96152496337891 131.53092956542969 30
v 44.26569366455078 130.22367858886719 25.73768615722656
v 37.89725494384766 130.22367858886719 22.54228401184082
v 32.44980239868164 130.22367858886719 20.72109222412109
v 29.37491035461426 116.53093719482422 14.92599868774414
v 37.3709831237793 116.53093719482422 16.17533874511719
v 46.23440170288086 116.53093719482422 18.03556632995605
v 56.38155746459961 116.53093719482422 20.52120780944824
v 56.38155746459961 131.53092956542969 20.52120780944824
v 47.57784271240234 130.22367858886719 17.75849723815918
v 40.07721328735352 130.22367858886719 15.72026634216309
v 33.41540145874023 130.22367858886719 14.51290512084961
v 30.28481292724609 116.53093719482422 7.58651447296143
v 38.8015251159668 116.53093719482422 8.23246955871582
v 48.26847457885742 116.53093719482422 9.17114543914795
v 59.08846664428711 116.53093719482422 10.41889095306396
v 59.08846664428711 131.53092956542969 10.41889095306396
v 49.57965087890625 130.22367858886719 9.05797100067139
v 0.03987208008766 130.22367858886719 -0.00861599482596
v 0.03846197575331 130.22367858886719 -7.40186166763306
v 0.03552198410034 130.22367858886719 -14.87480068206787
v -6.96178770065308 130.22367858886719 -14.78101348876953
v -6.86890649795532 130.22367858886719 -7.36436939239502
v -6.8434157371521 130.22367858886719 -0.00880005490035
v -13.84712600708008 130.22367858886719 -14.53414058685303
v -13.71570014953613 130.22367858886719 -7.27025699615479
v -13.68412494659424 130.22367858886719 -0.00873605255038
v -20.53170394897461 130.22367858886719 -14.24747276306152
v -20.4748649597168 130.22367858886719 -7.17888879776001
v -20.47523880004883 130.22367858886719 -0.00836824439466
v 0.03104935213923 130.22367858886719 -22.54389572143555
v -7.17194366455078 130.22367858886719 -22.3597354888916
v -14.18960475921631 130.22367858886719 -21.84981918334961
v -20.83304023742676 130.22367858886719 -21.15703392028809
v -26.99345397949219 130.22367858886719 -14.13517475128174
v -27.1956672668457 130.22367858886719 -7.19361066818237
v -27.28561782836914 130.22367858886719 -0.00763480644673
v -26.91909790039062 130.22367858886719 -20.57938385009766
v 6.92209720611572 130.22367858886719 -0.00819805730134
v 7.03198003768921 130.22367858886719 -14.78044700622559
v 6.94481229782104 130.22367858886719 -7.36377096176147
v 7.23335790634155 130.22367858886719 -22.35921859741211
v 13.75971984863281 130.22367858886719 -0.00758331548423
v 13.91477394104004 130.22367858886719 -14.53306007385254
v 13.78867435455322 130.22367858886719 -7.26911783218384
v 14.24903678894043 130.22367858886719 -21.84882926940918
v 20.54549980163574 130.22367858886719 -0.00678199389949
v 20.59493446350098 130.22367858886719 -14.24598598480225
v 20.54276657104492 130.22367858886719 -7.17732334136963
v 20.88907241821289 130.22367858886719 -21.15566825866699
v 27.34796333312988 130.22367858886719 -0.0057884696871
v 27.05005645751953 130.22367858886719 -14.13344764709473
v 27.25601577758789 130.22367858886719 -7.19179153442383
v 26.97009086608887 130.22367858886719 -20.57779121398926
v 0.03964243084192 130.22367858886719 7.38498115539551
v 6.94602298736572 130.22367858886719 7.34771347045898
v -13.71458625793457 130.22367858886719 7.25310802459717
v -6.867760181427 130.22367858886719 7.3471155166626
v -27.19472503662109 130.22367858886719 7.17857074737549
v -20.47384071350098 130.22367858886719 7.16243982315063
v 27.25710868835449 130.22367858886719 7.1804027557373
v 20.54392242431641 130.22367858886719 7.16401529312134
v 13.78985595703125 130.22367858886719 7.25425958633423
v 0.03774260357022 130.22367858886719 14.85895824432373
v 7.03420734405518 130.22367858886719 14.76537036895752
v -13.84505367279053 130.22367858886719 14.51797389984131
v -6.95963764190674 130.22367858886719 14.76479530334473
v -20.52978515625 130.22367858886719 14.23189449310303
v -26.99171257019043 130.22367858886719 14.12083530426025
v 27.05201721191406 130.22367858886719 14.12260055541992
v 20.59703063964844 130.22367858886719 14.23341274261475
v 13.91694450378418 130.22367858886719 14.51908397674561
v 0.03404893353581 130.22367858886719 22.52980804443359
v 7.23637199401855 130.22367858886719 22.3458137512207
v -14.18680763244629 130.22367858886719 21.8353443145752
v -7.1690239906311 130.22367858886719 22.34528160095215
v -20.83045387268066 130.22367858886719 21.14296531677246
v -26.91676139831543 130.22367858886719 20.56623840332031
v 26.97270202636719 130.22367858886719 20.5678825378418
v 20.89188575744629 130.22367858886719 21.14437294006348
v 14.25197410583496 130.22367858886719 21.83636856079102
v 0.02463988959789 116.53093719482422 -0.01449116691947
v 0.02484245225787 116.53093719482422 6.86938762664795
v 0.02435975521803 116.53093719482422 13.7099609375
v 0.02306064404547 116.53093719482422 20.50004577636719
v 0.02080332674086 116.53093719482422 27.30831527709961
v -7.23721790313721 116.53093719482422 13.74004936218262
v -7.33079242706299 116.53093719482422 6.8933367729187
v -7.36866760253906 116.53093719482422 -0.01463864650577
v -7.16515064239502 116.53093719482422 27.21714973449707
v -7.14749717712402 116.53093719482422 20.49830436706543
v -14.50249671936035 116.53093719482422 13.86914443969727
v -14.74891376495361 116.53093719482422 6.98378610610962
v -14.84308052062988 116.53093719482422 -0.0141450855881
v -14.2172908782959 116.53093719482422 20.55302047729492
v -14.10763835906982 116.53093719482422 27.01313972473145
v -21.82105445861816 116.53093719482422 14.20846557617188
v -22.33065605163574 116.53093719482422 7.19065380096436
v -22.51519012451172 116.53093719482422 -0.01293772086501
v -21.12939643859863 116.53093719482422 20.85150146484375
v -20.55380630493164 116.53093719482422 26.93644714355469
v -14.74985218048096 116.53093719482422 -7.0117654800415
v -7.33179903030396 116.53093719482422 -6.92227077484131
v 0.02380051277578 116.53093719482422 -6.89801359176636
v -22.33151245117188 116.53093719482422 -7.21626615524292
v -14.50429725646973 116.53093719482422 -13.89615726470947
v -7.23913908004761 116.53093719482422 -13.76792430877686
v 0.02238280698657 116.53093719482422 -13.73751831054688
v -21.82269668579102 116.53093719482422 -14.23327255249023
v -14.21975517272949 116.53093719482422 -20.57832145690918
v -7.15011739730835 116.53093719482422 -20.52429962158203
v 0.02035552449524 116.53093719482422 -20.52571487426758
v -21.13165092468262 116.53093719482422 -20.87490463256836
v -14.11050510406494 116.53093719482422 -27.03586769104004
v -7.16819906234741 116.53093719482422 -27.24033355712891
v -20.55644226074219 116.53093719482422 -26.95778274536133
v 0.01767111755908 116.53093719482422 -27.33114624023438
v 7.28499031066895 116.53093719482422 13.74097061157227
v 7.37946033477783 116.53093719482422 6.8942666053772
v 7.28304815292358 116.53093719482422 -13.76714134216309
v 7.37843990325928 116.53093719482422 -6.92141437530518
v 7.41690635681152 116.53093719482422 -0.01372797694057
v 7.20609664916992 116.53093719482422 27.21796607971191
v 7.19277334213257 116.53093719482422 20.49918746948242
v 7.20300006866455 116.53093719482422 -27.23972320556641
v 7.19009160995483 116.53093719482422 -20.52358818054199
v 14.54559898376465 116.53093719482422 -13.89468955993652
v 14.79362487792969 116.53093719482422 -7.01016283035278
v 14.88831996917725 116.53093719482422 -0.0124490391463
v 14.26009464263916 116.53093719482422 20.5546760559082
v 14.54743766784668 116.53093719482422 13.87087917327881
v 14.14364814758301 116.53093719482422 -27.03471946716309
v 14.25752067565918 116.53093719482422 -20.57699203491211
v 14.79457855224609 116.53093719482422 6.98553371429443
v 14.1466121673584 116.53093719482422 27.01467514038086
v 21.85954093933105 116.53093719482422 -14.23133182525635
v 22.37043571472168 116.53093719482422 -7.21414661407471
v 20.58947563171387 116.53093719482422 26.9384937286377
v 21.1679630279541 116.53093719482422 20.85371398925781
v 22.55539894104004 116.53093719482422 -0.01068756729364
v 20.58672904968262 116.53093719482422 -26.95626449584961
v 21.16560363769531 116.53093719482422 -20.8731575012207
v 21.8612174987793 116.53093719482422 14.21077632904053
v 22.37129974365234 116.53093719482422 7.19297790527344
v -51.96152496337891 119.53093719482422 -30
v -56.38155746459961 128.53092956542969 -20.52120780944824
v -53.43791198730469 116.53093719482422 -19.80307197570801
v 56.09111404418945 116.53093719482422 -10.07493019104004
v 60 119.53093719482422 0
v 59.08846664428711 128.53092956542969 -10.41889095306396
v 59.08846664428711 119.53093719482422 10.41889095306396
v 60 128.53092956542969 0
v -49.32454681396484 131.53092956542969 -28.5444450378418
v 56.98854064941406 131.53092956542969 -0.00051403982798
v 56.98854064941406 116.53093719482422 -0.00083182903472
v -49.15037536621094 116.53093719482422 -28.84529685974121
v -43.75022888183594 131.53092956542969 -36.51885223388672
v -45.96266555786133 119.53093719482422 -38.56725692749023
v -51.96152496337891 128.53092956542969 -30
v 53.43830108642578 116.53093719482422 -19.80200576782227
v 56.10579681396484 131.53092956542969 9.99200534820557
v 59.08846664428711 119.53093719482422 -10.41889095306396
v 56.38155746459961 128.53092956542969 -20.52120780944824
v 56.10561370849609 131.53092956542969 -9.9930305480957
v -56.98854064941406 116.53093719482422 -0.00119912216906
v 49.15118408203125 116.53093719482422 -28.84390258789062
v -59.08846664428711 119.53093719482422 -10.41889095306396
v -60 128.53092956542969 -0.00000000000001
v -56.10541534423828 131.53092956542969 -9.99416160583496
v 56.38155746459961 119.53093719482422 20.52120780944824
v 59.08846664428711 128.53092956542969 10.41889095306396
v 53.50492858886719 131.53092956542969 -19.6196231842041
v 53.50529861450195 131.53092956542969 19.61860466003418
v 56.38155746459961 119.53093719482422 -20.52120780944824
v 51.96152496337891 128.53092956542969 -30
v -56.09098434448242 116.53093719482422 -10.07565498352051
v -56.38155746459961 119.53093719482422 -20.52120780944824
v -59.08846664428711 128.53092956542969 -10.41889095306396
v -53.50421142578125 131.53092956542969 -19.6215877532959
v 51.96152496337891 119.53093719482422 -30
v 45.96266555786133 128.53092956542969 -38.56725692749023
v 43.43298721313477 116.53093719482422 -36.89653778076172
v 49.32613754272461 131.53092956542969 -28.54168701171875
v -59.08846664428711 119.53093719482422 10.41889095306396
v -56.38155746459961 128.53092956542969 20.52120780944824
v -53.43872451782227 116.53093719482422 19.80084419250488
v 36.51692581176758 116.53093719482422 -43.7518424987793
v 45.96266555786133 119.53093719482422 -38.56725692749023
v 38.56725692749023 128.53092956542969 -45.96266555786133
v 43.75297164916992 131.53092956542969 -36.51557922363281
v -56.98854064941406 131.53092956542969 -0.00080676510697
v -60 119.53093719482422 -0.00000000000001
v -59.08846664428711 128.53092956542969 10.41889095306396
v -56.09140396118164 116.53093719482422 10.07329654693604
v 36.89792251586914 131.53092956542969 -43.43181991577148
v -56.38155746459961 119.53093719482422 20.52120780944824
v -51.96152496337891 128.53092956542969 30
v 38.56725692749023 119.53093719482422 -45.96266555786133
v 30 128.53092956542969 -51.96152496337891
v -53.50472640991211 131.53092956542969 19.62017250061035
v 49.1520881652832 116.53093719482422 28.84234428405762
v 28.54307746887207 116.53093719482422 -49.32533645629883
v 28.8454532623291 131.53092956542969 -49.15028381347656
v 30 119.53093719482422 -51.96152496337891
v 20.52120780944824 128.53092956542969 -56.38155746459961
v -56.10569000244141 131.53092956542969 9.99259471893311
v 19.62096214294434 116.53093719482422 -53.50444030761719
v -49.15151977539062 116.53093719482422 28.84332466125488
v 19.80364799499512 131.53092956542969 -53.43770217895508
v -36.51597213745117 116.53093719482422 43.75264358520508
v -43.75082397460938 131.53092956542969 36.51814270019531
v 9.99427509307861 116.53093719482422 -56.10539627075195
v -45.96266555786133 119.53093719482422 38.56725692749023
v -38.56725692749023 128.53092956542969 45.96266555786133
v 20.52120780944824 119.53093719482422 -56.38155746459961
v 10.41889095306396 128.53092956542969 -59.08846664428711
v 10.41889095306396 119.53093719482422 -59.08846664428711
v 0 128.53092956542969 -60
v 10.07662200927734 131.53092956542969 -56.09081268310547
v -51.96152496337891 119.53093719482422 30
v -45.96266555786133 128.53092956542969 38.56725692749023
v -43.43288421630859 116.53093719482422 36.89665985107422
v -49.3251953125 131.53092956542969 28.54331970214844
v 0.00163251871709 116.53093719482422 -56.98854064941406
v -30 119.53093719482422 51.96152496337891
v -20.52120780944824 128.53092956542969 56.38155746459961
v 0 119.53093719482422 -60
v -10.41889095306396 128.53092956542969 -59.08846664428711
v -28.84103775024414 131.53092956542969 49.15284729003906
v -9.99105548858643 116.53093719482422 -56.10596466064453
v 0.00254184915684 131.53092956542969 -56.98854064941406
v -19.61817741394043 116.53093719482422 53.50545501708984
v -36.89448165893555 131.53092956542969 43.43471908569336
v -19.61790657043457 116.53093719482422 -53.50555419921875
v -10.07158470153809 131.53092956542969 -56.09170532226562
v -10.41889095306396 119.53093719482422 -59.08846664428711
v -20.52120780944824 128.53092956542969 -56.38155746459961
v -28.54111862182617 116.53093719482422 49.32646942138672
v -38.56725692749023 119.53093719482422 45.96266555786133
v -30 128.53092956542969 51.96152496337891
v -10.07123374938965 131.53092956542969 56.09177017211914
v -28.54037666320801 116.53093719482422 -49.32689666748047
v -10.41889095306396 119.53093719482422 59.08846664428711
v -0.00000000000001 128.53092956542969 60
v -20.52120780944824 119.53093719482422 -56.38155746459961
v -30 128.53092956542969 -51.96152496337891
v 0.00211244239472 116.53093719482422 56.98854064941406
v -19.79862213134766 131.53092956542969 53.43954086303711
v -36.51482009887695 116.53093719482422 -43.75360488891602
v -20.52120780944824 119.53093719482422 56.38155746459961
v -10.41889095306396 128.53092956542969 59.08846664428711
v -9.99091815948486 116.53093719482422 56.10598754882812
v -19.79877662658691 131.53092956542969 -53.43948364257812
v -28.84094619750977 131.53092956542969 -49.15290069580078
v -30 119.53093719482422 -51.96152496337891
v -38.56725692749023 128.53092956542969 -45.96266555786133
v -36.89411544799805 131.53092956542969 -43.43502807617188
v -38.56725692749023 119.53093719482422 -45.96266555786133
v -45.96266555786133 128.53092956542969 -38.56725692749023
v -43.43158340454102 116.53093719482422 -36.8982048034668
v -0.00000000000001 119.53093719482422 60
v 10.41889095306396 128.53092956542969 59.08846664428711
v 9.99504852294922 116.53093719482422 56.10525894165039
v 0.00305144884624 131.53092956542969 56.98854064941406
v 10.41889095306396 119.53093719482422 59.08846664428711
v 20.52120780944824 128.53092956542969 56.38155746459961
v 19.62199211120605 116.53093719482422 53.50406646728516
v 10.07725715637207 131.53092956542969 56.09070205688477
v 20.52120780944824 119.53093719482422 56.38155746459961
v 30 128.53092956542969 51.96152496337891
v 28.5443058013916 116.53093719482422 49.32462692260742
v 19.80437850952148 131.53092956542969 53.43743133544922
v 30 119.53093719482422 51.96152496337891
v 38.56725692749023 128.53092956542969 45.96266555786133
v 36.51822280883789 116.53093719482422 43.75075531005859
v 28.84624290466309 131.53092956542969 49.14982604980469
v 38.56725692749023 119.53093719482422 45.96266555786133
v 45.96266555786133 128.53092956542969 38.56725692749023
v 43.43415832519531 116.53093719482422 36.89514541625977
v 36.89871978759766 131.53092956542969 43.43114852905273
v 45.96266555786133 119.53093719482422 38.56725692749023
v 51.96152496337891 128.53092956542969 30
v 43.75369262695312 131.53092956542969 36.51472091674805
v 51.96152496337891 119.53093719482422 30
v 56.38155746459961 128.53092956542969 20.52120780944824
v 53.43889617919922 116.53093719482422 19.80037689208984
v 49.32670211791992 131.53092956542969 28.54071044921875
v 56.09140777587891 116.53093719482422 10.07327461242676
v -48.28149032592773 130.22367858886719 -27.94157981872559
v 55.78357315063477 130.22367858886719 -0.00050317629939
v -42.82538604736328 130.22367858886719 -35.74687194824219
v 54.91946411132812 130.22367858886719 9.7810583114624
v 54.91928482055664 130.22367858886719 -9.78206157684326
v -54.91909027099609 130.22367858886719 -9.78316879272461
v 52.37350845336914 130.22367858886719 -19.20541572570801
v 52.37387084960938 130.22367858886719 19.20442008972168
v -52.372802734375 130.22367858886719 -19.20733833312988
v 48.28305053710938 130.22367858886719 -27.93888282775879
v 42.82807159423828 130.22367858886719 -35.74367141723633
v -55.78357315063477 130.22367858886719 -0.00078993960051
v 36.11841201782227 130.22367858886719 -42.51322555541992
v -52.37331008911133 130.22367858886719 19.20595359802246
v 28.2361946105957 130.22367858886719 -48.11078643798828
v -54.91936111450195 130.22367858886719 9.78163433074951
v 19.38534164428711 130.22367858886719 -52.30765533447266
v -42.82596969604492 130.22367858886719 35.74617767333984
v 9.86375713348389 130.22367858886719 -54.90473175048828
v -48.28212738037109 130.22367858886719 27.94047737121582
v -28.23187255859375 130.22367858886719 48.1132926940918
v 0.00248861545697 130.22367858886719 -55.78349685668945
v -36.11504364013672 130.22367858886719 42.51605987548828
v -9.85882568359375 130.22367858886719 -54.90560531616211
v -9.85848140716553 130.22367858886719 54.90566635131836
v -19.38042068481445 130.22367858886719 52.30945587158203
v -19.38057136535645 130.22367858886719 -52.30940246582031
v -28.23178291320801 130.22367858886719 -48.11334228515625
v -36.11468505859375 130.22367858886719 -42.51636505126953
v 0.00298766582273 130.22367858886719 55.78349685668945
v 9.86437892913818 130.22367858886719 54.90462112426758
v 19.38605690002441 130.22367858886719 52.30739212036133
v 28.23696899414062 130.22367858886719 48.11033630371094
v 36.11919403076172 130.22367858886719 42.51256942749023
v 42.82878112792969 130.22367858886719 35.74282836914062
v 48.28359985351562 130.22367858886719 27.93792724609375
v 57.4904899597168 131.53092956542969 -0.00042836010107
v 59.08846664428711 117.03093719482422 10.41889095306396
v 59.49808883666992 116.53093719482422 -0.0001386381773
v 37.17696762084961 131.53092956542969 43.85330963134766
v 55.28162384033203 130.22367858886719 -0.00060850329464
v 38.22574996948242 116.53093719482422 45.59401321411133
v 30 117.03093719482422 51.96152496337891
v 53.18672180175781 131.16326904296875 -19.50312805175781
v 48.5764274597168 130.59135437011719 -28.10842514038086
v 49.03276443481445 131.16325378417969 -28.37214469909668
v 43.08821105957031 130.59135437011719 -35.96078109741211
v 56.64966201782227 131.16328430175781 -0.00051098468248
v 55.25292587280273 130.59132385253906 -9.84139442443848
v 55.77197647094727 131.16328430175781 -9.9336986541748
v 52.69171142578125 130.59133911132812 -19.32190895080566
v 54.42163467407227 130.22367858886719 9.71364498138428
v 44.12184906005859 131.53092956542969 36.85680389404297
v 45.5412483215332 116.53093719482422 38.28857040405273
v 54.42141723632812 130.22367858886719 -9.71485996246338
v 38.56725692749023 117.03093719482422 45.96266555786133
v -19.6811637878418 131.16328430175781 -53.12166976928711
v -28.40310478210449 130.59132385253906 -48.40571212768555
v -10.01175117492676 131.16329956054688 -55.75814437866211
v -19.49818420410156 130.59132385253906 -52.62721633911133
v 0.00252687861212 131.16329956054688 -56.64965057373047
v -9.91865921020508 130.59130859375 -55.23917007446289
v 10.01675891876221 131.16329956054688 -55.75725555419922
v 0.00250358623452 130.59130859375 -56.12238311767578
v 19.68600845336914 131.16328430175781 -53.11989593505859
v 9.92362022399902 130.59130859375 -55.23828887939453
v 28.67410469055176 131.16328430175781 -48.85793304443359
v 19.50298309326172 130.59132385253906 -52.62546157836914
v 36.67868041992188 131.16325378417969 -43.1734619140625
v 28.40754318237305 130.59132385253906 -48.40313720703125
v 51.89206314086914 130.22367858886719 -19.06050491333008
v 51.89250564575195 130.22367858886719 19.05929756164551
v 43.49283218383789 131.16325378417969 -36.29846954345703
v 36.33765411376953 130.59135437011719 -42.77158355712891
v -55.77205276489258 131.16328430175781 9.93326473236084
v -52.69151306152344 130.59133911132812 19.32245063781738
v -56.64966201782227 131.16328430175781 -0.00080203323159
v -55.25299835205078 130.59132385253906 9.84096336364746
v -55.77177810668945 131.16328430175781 -9.93482303619385
v -56.1224479675293 130.59132385253906 -0.00079467147589
v -53.18600845336914 131.16326904296875 -19.50508308410645
v -55.25272750854492 130.59132385253906 -9.84250736236572
v -49.03117752075195 131.16325378417969 -28.3748836517334
v -52.69100570678711 130.59133911132812 -19.32384490966797
v -43.49010467529297 131.16325378417969 -36.30172348022461
v -48.57485580444336 130.59135437011719 -28.11113929748535
v -36.67489624023438 131.16325378417969 -43.17665100097656
v -43.08551025390625 130.59135437011719 -35.96400451660156
v -28.66962432861328 131.16328430175781 -48.86053466796875
v -36.33390045166016 130.59135437011719 -42.77474212646484
v -10.34756183624268 116.53093719482422 58.59138488769531
v -20.52120780944824 117.03093719482422 56.38155746459961
v 47.84263610839844 130.22367858886719 -27.6979808807373
v -10.12919425964355 131.53092956542969 56.59137344360352
v -20.37070274353027 116.53093719482422 55.90220642089844
v -30 117.03093719482422 51.96152496337891
v -19.91913795471191 131.53092956542969 53.93021774291992
v 0.00035207372275 116.53093719482422 59.49808883666992
v -10.41889095306396 117.03093719482422 59.08846664428711
v 0.00254280352965 131.53092956542969 57.49052047729492
v 42.46441268920898 130.22367858886719 -35.39618682861328
v 55.89111328125 116.53093719482422 20.40106964111328
v 51.96152496337891 117.03093719482422 30
v 53.98471069335938 131.53092956542969 19.7690486907959
v 56.38155746459961 117.03093719482422 20.52120780944824
v 58.58895492553711 116.53093719482422 10.36128807067871
v 35.8516731262207 130.22367858886719 -42.08126068115234
v 10.41889095306396 117.03093719482422 59.08846664428711
v 20.37133979797363 116.53093719482422 55.90197372436523
v -0.00000000000001 117.03093719482422 60
v 10.34825038909912 116.53093719482422 58.59126281738281
v 10.13421440124512 131.53092956542969 56.59048843383789
v 20.52120780944824 117.03093719482422 56.38155746459961
v 28.05706596374512 130.22367858886719 -47.63386917114258
v 29.75738334655762 116.53093719482422 51.52204132080078
v 29.03871536254883 131.53092956542969 49.61887741088867
v 19.92393684387207 131.53092956542969 53.92847442626953
v 56.60295867919922 131.53092956542969 10.06315994262695
v 19.27633094787598 130.22367858886719 -51.81268692016602
v 9.81241703033447 130.22367858886719 -54.4039306640625
v -53.1865234375 131.16326904296875 19.50367546081543
v -48.57549667358398 130.59135437011719 28.11003112792969
v -49.03182601928711 131.16325378417969 28.37376594543457
v -43.08609771728516 130.59135437011719 35.96330261230469
v -43.49069595336914 131.16325378417969 36.30101776123047
v -36.33426666259766 130.59135437011719 42.77443695068359
v -36.67526245117188 131.16325378417969 43.17634201049805
v -28.40319442749023 130.59132385253906 48.40565872192383
v 43.49354934692383 131.16325378417969 36.29761505126953
v 48.57698059082031 130.59135437011719 28.10746383666992
v -28.66971588134766 131.16328430175781 48.86048126220703
v -19.49803161621094 130.59132385253906 52.62726974487305
v -19.68101119995117 131.16328430175781 53.12172317504883
v -9.91831302642822 130.59130859375 55.23923110961914
v -10.01140213012695 131.16329956054688 55.75820541381836
v 0.00300560332835 130.59130859375 56.12238311767578
v 49.03332138061523 131.16325378417969 28.37117385864258
v 52.69207763671875 130.59133911132812 19.32090759277344
v 0.00303351157345 131.16329956054688 56.64965057373047
v 9.92424583435059 130.59130859375 55.23817825317383
v 10.01739025115967 131.16329956054688 55.75714492797852
v 19.50370216369629 130.59132385253906 52.62519836425781
v 53.18709182739258 131.16326904296875 19.50211715698242
v 55.25310134887695 130.59132385253906 9.8403844833374
v 19.68673324584961 131.16328430175781 53.11962890625
v 28.40832138061523 130.59132385253906 48.40268325805664
v 28.67489051818848 131.16328430175781 48.85747909545898
v 36.33843994140625 130.59135437011719 42.77092361450195
v -19.27057266235352 130.22367858886719 -51.8148078918457
v 36.67947387695312 131.16325378417969 43.17279434204102
v 43.08892440795898 130.59135437011719 35.95993041992188
v 55.77215576171875 131.16328430175781 9.93267917633057
v 56.1224479675293 130.59132385253906 -0.0005062315031
v -35.84712219238281 130.22367858886719 -42.08510971069336
v -47.84074020385742 130.22367858886719 -27.70125770568848
v 56.60280609130859 131.53092956542969 -10.06401443481445
v 58.58890533447266 116.53093719482422 -10.36156368255615
v 60 117.03093719482422 0
v -42.46113204956055 130.22367858886719 -35.40011215209961
v -54.42118072509766 130.22367858886719 -9.7161865234375
v -51.89121627807617 130.22367858886719 -19.06282043457031
v 10.34812164306641 116.53093719482422 -58.59128570556641
v 20.52120780944824 117.03093719482422 -56.38155746459961
v 10.13368511199951 131.53092956542969 -56.59058380126953
v 0.00027208644315 116.53093719482422 -59.49808883666992
v 10.41889095306396 117.03093719482422 -59.08846664428711
v 0.00211814907379 131.53092956542969 -57.49052047729492
v 29.75717926025391 116.53093719482422 -51.52215957641602
v 38.56725692749023 117.03093719482422 -45.96266555786133
v 29.03805541992188 131.53092956542969 -49.61925888061523
v -55.28162384033203 130.22367858886719 -0.00095511489781
v 20.37116813659668 116.53093719482422 -55.90203857421875
v 30 117.03093719482422 -51.96152496337891
v 19.9233283996582 131.53092956542969 -53.92869567871094
v 51.96152496337891 117.03093719482422 -30
v 45.54105377197266 116.53093719482422 -38.28880310058594
v 44.12124633789062 131.53092956542969 -36.85752105712891
v -51.89183044433594 130.22367858886719 19.06113815307617
v 45.96266555786133 117.03093719482422 -38.56725692749023
v 38.22553634643555 116.53093719482422 -45.59419631958008
v 37.17630386352539 131.53092956542969 -43.85386657714844
v 59.08846664428711 117.03093719482422 -10.41889095306396
v 55.89101409912109 116.53093719482422 -20.40134239196777
v -54.42151260375977 130.22367858886719 9.71432781219482
v 53.98440170288086 131.53092956542969 -19.7698974609375
v 56.38155746459961 117.03093719482422 -20.52120780944824
v 51.49313354492188 116.53093719482422 -29.80731773376465
v 49.76532363891602 131.53092956542969 -28.78471374511719
v -56.60264205932617 131.53092956542969 -10.06495761871338
v -58.58888626098633 116.53093719482422 -10.36168479919434
v -56.38155746459961 117.03093719482422 -20.52120780944824
v -53.98380661010742 131.53092956542969 -19.77153587341309
v -42.46183776855469 130.22367858886719 35.39926528930664
v -55.89094924926758 116.53093719482422 -20.40151977539062
v -51.96152496337891 117.03093719482422 -30
v -49.76399993896484 131.53092956542969 -28.78701210021973
v -51.49300003051758 116.53093719482422 -29.80755043029785
v -45.96266555786133 117.03093719482422 -38.56725692749023
v -44.11895751953125 131.53092956542969 -36.86024475097656
v -45.54082107543945 116.53093719482422 -38.28908157348633
v -47.84151458740234 130.22367858886719 27.69991493225098
v -38.56725692749023 117.03093719482422 -45.96266555786133
v -37.17312240600586 131.53092956542969 -43.85653305053711
v -28.05180740356445 130.22367858886719 47.63693618774414
v -30 117.03093719482422 -51.96152496337891
v -38.22518539428711 116.53093719482422 -45.59449005126953
v -29.0342960357666 131.53092956542969 -49.62142562866211
v -20.52120780944824 117.03093719482422 -56.38155746459961
v -29.75672912597656 116.53093719482422 -51.52241897583008
v -19.91926574707031 131.53092956542969 -53.93017196655273
v -10.41889095306396 117.03093719482422 -59.08846664428711
v -20.37065887451172 116.53093719482422 -55.9022216796875
v -10.12948703765869 131.53092956542969 -56.5913200378418
v 0 117.03093719482422 -60
v -10.34758472442627 116.53093719482422 -58.59138107299805
v -29.7568531036377 116.53093719482422 51.52234649658203
v -38.56725692749023 117.03093719482422 45.96266555786133
v -29.03437232971191 131.53092956542969 49.62138366699219
v -38.22537612915039 116.53093719482422 45.59432983398438
v -45.96266555786133 117.03093719482422 38.56725692749023
v -37.17343139648438 131.53092956542969 43.85627365112305
v -45.54103469848633 116.53093719482422 38.28882217407227
v -51.96152496337891 117.03093719482422 30
v -44.11945724487305 131.53092956542969 36.85965347290039
v -51.49319076538086 116.53093719482422 29.80722045898438
v -56.38155746459961 117.03093719482422 20.52120780944824
v -49.7645378112793 131.53092956542969 28.78607559204102
v 49.76579284667969 131.53092956542969 28.78390121459961
v 45.96266555786133 117.03093719482422 38.56725692749023
v 51.4932861328125 116.53093719482422 29.80705833435059
v -59.08846664428711 117.03093719482422 10.41889095306396
v -55.89108657836914 116.53093719482422 20.40114784240723
v -53.98423385620117 131.53092956542969 19.77035713195801
v -60 117.03093719482422 -0.00000000000001
v -58.58895492553711 116.53093719482422 10.36129188537598
v -56.60287094116211 131.53092956542969 10.0636510848999
v 47.84330749511719 130.22367858886719 27.69681739807129
v -59.08846664428711 117.03093719482422 -10.41889095306396
v -59.49808883666992 116.53093719482422 -0.00019985370454
v -57.4904899597168 131.53092956542969 -0.00067229405977
v -35.84754943847656 130.22367858886719 42.08474731445312
v 0.00299095921218 130.22367858886719 -55.28151702880859
v -9.80648326873779 130.22367858886719 -54.40498733520508
v -9.80606555938721 130.22367858886719 54.40506362915039
v -19.27038192749023 130.22367858886719 51.81487655639648
v -28.05171203613281 130.22367858886719 -47.63699340820312
v 0.00359065108933 130.22367858886719 55.28151702880859
v 9.81316184997559 130.22367858886719 54.4037971496582
v 19.27718734741211 130.22367858886719 51.81237411499023
v 28.0579948425293 130.22367858886719 47.63332748413086
v 35.85261535644531 130.22367858886719 42.08046340942383
v 42.46527099609375 130.22367858886719 35.39516067504883
v 60 124.03093719482422 0
v 59.08846664428711 124.03093719482422 -10.41889095306396
v 56.38155746459961 124.03093719482422 -20.52120780944824
v 51.96152496337891 124.03093719482422 -30
v 45.96266555786133 124.03093719482422 -38.56725692749023
v 38.56725692749023 124.03093719482422 -45.96266555786133
v 30 124.03093719482422 -51.96152496337891
v 20.52120780944824 124.03093719482422 -56.38155746459961
v 10.41889095306396 124.03093719482422 -59.08846664428711
v 0 124.03093719482422 -60
v -10.41889095306396 124.03093719482422 -59.08846664428711
v -20.52120780944824 124.03093719482422 -56.38155746459961
v -30 124.03093719482422 -51.96152496337891
v -38.56725692749023 124.03093719482422 -45.96266555786133
v -45.96266555786133 124.03093719482422 -38.56725692749023
v -51.96152496337891 124.03093719482422 -30
v -56.38155746459961 124.03093719482422 -20.52120780944824
v -59.08846664428711 124.03093719482422 -10.41889095306396
v -60 124.03093719482422 -0.00000000000001
v -59.08846664428711 124.03093719482422 10.41889095306396
v -56.38155746459961 124.03093719482422 20.52120780944824
v -51.96152496337891 124.03093719482422 30
v -45.96266555786133 124.03093719482422 38.56725692749023
v -38.56725692749023 124.03093719482422 45.96266555786133
v -30 124.03093719482422 51.96152496337891
v -20.52120780944824 124.03093719482422 56.38155746459961
v -10.41889095306396 124.03093719482422 59.08846664428711
v -0.00000000000001 124.03093719482422 60
v 10.41889095306396 124.03093719482422 59.08846664428711
v 20.52120780944824 124.03093719482422 56.38155746459961
v 30 124.03093719482422 51.96152496337891
v 38.56725692749023 124.03093719482422 45.96266555786133
v 45.96266555786133 124.03093719482422 38.56725692749023
v 51.96152496337891 124.03093719482422 30
v 56.38155746459961 124.03093719482422 20.52120780944824
v 59.08846664428711 124.03093719482422 10.41889095306396
# 846 vertices

vn 0 -1 0
vn 1 0 0
vn 0.98480772972107 0 -0.1736481487751
vn 0.98480772972107 0 -0.17364817857742
vn 0 1 0
vn 0.93969261646271 0 -0.34202018380165
vn 0.86602538824081 0 -0.5
vn 0.86602538824081 0 -0.50000005960464
vn 0.76604437828064 0 -0.64278769493103
vn 0.76604437828064 0 -0.64278769493103
vn 0.64278769493103 0 -0.76604437828064
vn 0.50000005960464 0 -0.86602538824081
vn 0.34202018380165 0 -0.93969261646271
vn 0.17364816367626 0 -0.98480772972107
vn 0.17364817857742 0 -0.98480772972107
vn 0 0 -1
vn -0.1736481487751 0 -0.98480772972107
vn -0.17364817857742 0 -0.98480772972107
vn -0.34202018380165 0 -0.93969261646271
vn -0.5 0 -0.86602538824081
vn -0.50000005960464 0 -0.86602538824081
vn -0.64278769493103 0 -0.76604437828064
vn -0.64278769493103 0 -0.76604437828064
vn -0.76604437828064 0 -0.64278769493103
vn -0.86602538824081 0 -0.50000005960464
vn -0.93969261646271 0 -0.34202018380165
vn -0.98480772972107 0 -0.17364816367626
vn -0.98480772972107 0 -0.17364817857742
vn -1 0 0
vn -0.98480772972107 0 0.1736481487751
vn -0.98480772972107 0 0.17364817857742
vn -0.93969261646271 0 0.34202018380165
vn 0.76604437828064 0 0.64278769493103
vn 0.86602538824081 0 0.50000005960464
vn -0.86602538824081 0 0.5
vn -0.86602538824081 0 0.50000005960464
vn -0.76604437828064 0 0.64278769493103
vn -0.76604437828064 0 0.64278769493103
vn -0.64278769493103 0 0.76604437828064
vn -0.50000005960464 0 0.86602538824081
vn -0.34202018380165 0 0.93969261646271
vn -0.17364816367626 0 0.98480772972107
vn -0.17364817857742 0 0.98480772972107
vn 0.93969261646271 0 0.34202018380165
vn 0 0 1
vn 0.1736481487751 0 0.98480772972107
vn 0.17364817857742 0 0.98480772972107
vn 0.34202018380165 0 0.93969261646271
vn 0.98480772972107 0 0.17364816367626
vn 0.98480772972107 0 0.17364817857742
vn 0.5 0 0.86602538824081
vn 0.50000005960464 0 0.86602538824081
vn 0.64278769493103 0 0.76604437828064
vn 0.64278769493103 0 0.76604437828064
vn -0.73528563976288 0.67775732278824 0.00000658526324
vn -0.72393542528152 0.67774885892868 0.12874001264572
vn -0.69049793481827 0.6777251958847 0.25278675556183
vn -0.63667786121368 0.67768913507462 0.3679384291172
vn -0.56457394361496 0.67767089605331 0.47118833661079
vn -0.47578555345535 0.67769229412079 0.56067931652069
vn -0.37181425094604 0.67772889137268 0.63437974452972
vn -0.25525242090225 0.67775899171829 0.68955707550049
vn -0.1298830062151 0.6777737736702 0.72370785474777
vn -0.00003252798342 0.67777609825134 0.73526835441589
vn 0.12981861829758 0.67777383327484 0.72371941804886
vn 0.25518998503685 0.67775982618332 0.68957936763763
vn 0.371756285429 0.67773044109344 0.63441205024719
vn 0.47573643922806 0.67769366502762 0.56071925163269
vn 0.56453877687454 0.67767113447189 0.4712301492691
vn 0.63665747642517 0.67768865823746 0.3679746389389
vn 0.6904883980751 0.67772531509399 0.25281262397766
vn 0.72393220663071 0.67774945497513 0.12875467538834
vn 0.73528516292572 0.67775791883469 0.0000102250815
vn 0.72393500804901 0.67775028944016 -0.12873454391956
vn 0.69049388170242 0.67772656679153 -0.2527941763401
vn 0.63666486740112 0.67768961191177 -0.36796000599861
vn 0.56454652547836 0.67767089605331 -0.47122120857239
vn 0.47574183344841 0.67769289016724 -0.560715675354
vn 0.37175768613815 0.67773020267487 -0.63441151380539
vn -0.56458348035812 0.67767059803009 -0.47117725014687
vn -0.63668555021286 0.67768859863281 -0.36792612075806
vn 0.25518819689751 0.67775982618332 -0.68958002328873
vn 0.12981434166431 0.67777365446091 -0.72372031211853
vn -0.00003889321306 0.67777621746063 -0.73526829481125
vn -0.69050258398056 0.67772537469864 -0.2527736723423
vn -0.12989111244678 0.67777383327484 -0.7237064242363
vn -0.25526162981987 0.67775928974152 -0.68955338001251
vn -0.72393709421158 0.67774963378906 -0.12872660160065
vn -0.3718239068985 0.67772978544235 -0.63437312841415
vn -0.47579547762871 0.67769283056259 -0.56067025661469
vn -0.73528873920441 0.67775404453278 0.00000649193498
vn -0.7239373922348 0.67774671316147 0.12874041497707
vn -0.69050258398056 0.67771971225739 0.25278872251511
vn -0.63668018579483 0.67768663167953 0.36793911457062
vn -0.56457257270813 0.67767262458801 0.47118744254112
vn -0.47578454017639 0.67769426107407 0.56067770719528
vn -0.37181210517883 0.67773365974426 0.6343759894371
vn -0.25525116920471 0.67776167392731 0.68955492973328
vn -0.12988302111626 0.67777574062347 0.72370600700378
vn -0.00003255784759 0.67778116464615 0.7352637052536
vn 0.1298186480999 0.67777621746063 0.72371715307236
vn 0.25518909096718 0.67776167392731 0.68957781791687
vn 0.37175479531288 0.6777338385582 0.63440930843353
vn 0.4757362306118 0.67769426107407 0.56071871519089
vn 0.56453716754913 0.67767310142517 0.47122916579247
vn 0.63665837049484 0.67768788337708 0.36797451972961
vn 0.69049203395844 0.67772102355957 0.25281417369843
vn 0.72393500804901 0.67774641513824 0.12875516712666
vn 0.73528921604156 0.67775344848633 0.0000101840169
vn 0.72394013404846 0.67774468660355 -0.12873558700085
vn 0.6905003786087 0.677718937397 -0.25279676914215
vn 0.63666743040085 0.67768681049347 -0.36796078085899
vn 0.56454449892044 0.67767357826233 -0.47121971845627
vn 0.47574037313461 0.67769551277161 -0.56071376800537
vn 0.37175637483597 0.67773312330246 -0.63440918922424
vn -0.5645826458931 0.67767155170441 -0.471176892519
vn -0.63668721914291 0.67768692970276 -0.3679264485836
vn 0.25518780946732 0.67776030302048 -0.68957966566086
vn 0.1298143863678 0.67777591943741 -0.72371816635132
vn -0.00003896414273 0.67778128385544 -0.73526358604431
vn -0.69050770998001 0.67771941423416 -0.25277563929558
vn -0.12989096343517 0.67777645587921 -0.72370398044586
vn -0.25526040792465 0.67776226997375 -0.68955093622208
vn -0.72394174337387 0.67774444818497 -0.12872748076916
vn -0.37182241678238 0.6777331829071 -0.63437038660049
vn -0.47579544782639 0.67769306898117 -0.56066995859146
vn -0.72393733263016 0.67774677276611 0.12874038517475
vn -0.73528683185577 0.6777560710907 0.00000670472446
vn -0.69050234556198 0.67772006988525 0.25278854370117
vn -0.63668042421341 0.67768615484238 0.36793965101242
vn -0.56457334756851 0.67767179012299 0.47118777036667
vn -0.47578445076942 0.67769426107407 0.56067788600922
vn 0.5 0 -0.86602538824081
vn -0.37181225419044 0.67773342132568 0.63437616825104
vn -0.2552515566349 0.67776137590408 0.68955504894257
vn -0.12988272309303 0.67777663469315 0.72370529174805
vn -0.00003245705011 0.67778223752975 0.73526275157928
vn 0.12981867790222 0.67777520418167 0.72371810674667
vn 0.25518980622292 0.67775976657867 0.68957948684692
vn 0.37175524234772 0.67773258686066 0.63441038131714
vn 0.47573620080948 0.67769420146942 0.56071889400482
vn 0.56453675031662 0.67767381668091 0.47122868895531
vn -0.86602538824081 0 -0.5
vn 0.63665693998337 0.67768955230713 0.36797401309013
vn 0.6904913187027 0.6777218580246 0.25281369686127
vn 0.72393411397934 0.67774736881256 0.12875506281853
vn 0.73528730869293 0.67775559425354 0.00001016908391
vn 0.7239391207695 0.67774575948715 -0.1287354528904
vn 0.69050031900406 0.67771905660629 -0.25279664993286
vn -0.63668668270111 0.67768746614456 -0.36792638897896
vn -0.56458169221878 0.67767298221588 -0.47117602825165
vn 0.86602538824081 0 0.5
vn 0.63666719198227 0.67768692970276 -0.36796098947525
vn 0.56454503536224 0.67767292261124 -0.47122001647949
vn 0.47574099898338 0.67769432067871 -0.5607146024704
vn -0.5 0 0.86602538824081
vn 0.37175622582436 0.67773360013962 -0.63440877199173
vn 0.25518733263016 0.67776226997375 -0.68957787752151
vn 0.12981382012367 0.67777788639069 -0.72371649742126
vn -0.69050687551498 0.67772030830383 -0.25277537107468
vn -0.00003893801113 0.67778337001801 -0.73526167869568
vn -0.12989096343517 0.67777645587921 -0.72370392084122
vn -0.255261272192 0.67776024341583 -0.68955254554749
vn -0.72393900156021 0.67774748802185 -0.12872709333897
vn -0.37182283401489 0.67773216962814 -0.63437128067017
vn -0.47579485177994 0.67769384384155 -0.56066954135895
vn 1 0 0
vn 0.98480772972107 0 -0.17364816367626
vn 0 0 -1
vn -0.17364816367626 0 -0.98480772972107
vn -1 0 0
vn -0.98480772972107 0 0.17364816367626
vn 0 0 1
vn 0.17364816367626 0 0.98480772972107
# 174 normals

vt 0.79289972782135 0.39746856689453 0
vt 0.82368540763855 0.38498997688293 0
vt 0.81184089183807 0.3531928062439 0
vt 0.78198599815369 0.36356151103973 0
vt 0.68922066688538 0.14228522777557 0
vt 0.67913377285004 0.10459387302399 0
vt 0.64395785331726 0.11628258228302 0
vt 0.65663862228394 0.15248847007751 0
vt 0.66790926456451 0.06265127658844 0
vt 0.62890529632568 0.07629370689392 0
vt 0.65858006477356 0.02779376506805 0
vt 0.61591696739197 0.04339742660522 0
vt 0.00431928783655 0.87193644046783 0
vt 0.00431994348764 0.8920846581459 0
vt 0.05114797502756 0.8920846581459 0
vt 0.05114731937647 0.87193489074707 0
vt 0.44797357916832 0.40806913375854 0
vt 0.43200320005417 0.42403900623322 0
vt 0.45862358808517 0.45493948459625 0
vt 0.47607398033142 0.44164741039276 0
vt 0.40533006191254 0.45071136951447 0
vt 0.42948392033577 0.47772037982941 0
vt 0.38151612877846 0.47452664375305 0
vt 0.40436062216759 0.49894070625305 0
vt 0.20058085024357 0.4632693529129 0
vt 0.1754702180624 0.48637628555298 0
vt 0.20104688405991 0.51191407442093 0
vt 0.22449469566345 0.48963248729706 0
vt 0.79285526275635 0.29046428203583 0
vt 0.78428316116333 0.25899469852448 0
vt 0.75460457801819 0.26694440841675 0
vt 0.76325929164886 0.2988293170929 0
vt 0.61116194725037 0.13172399997711 0
vt 0.62585639953613 0.16497027873993 0
vt 0.59281194210052 0.09542393684387 0
vt 0.57679963111877 0.06621360778809 0
vt 0.09798065572977 0.8920846581459 0
vt 0.09798000007868 0.87193167209625 0
vt 0.47987735271454 0.4889200925827 0
vt 0.49769952893257 0.47935152053833 0
vt 0.44960168004036 0.50626283884048 0
vt 0.42462623119354 0.5235812664032 0
vt 0.58556962013245 0.34689700603485 0
vt 0.59677267074585 0.37678813934326 0
vt 0.62393772602081 0.36768507957458 0
vt 0.61498045921326 0.33780336380005 0
vt 0.7603166103363 0.40767025947571 0
vt 0.75094735622406 0.37273609638214 0
vt 0.58205580711365 0.15020096302032 0
vt 0.59798884391785 0.17885553836823 0
vt 0.56092762947083 0.11938965320587 0
vt 0.5425546169281 0.09532368183136 0
vt 0.14482453465462 0.8920846581459 0
vt 0.14482310414314 0.87192606925964 0
vt 0.49468016624451 0.52476519346237 0
vt 0.5122497677803 0.51962548494339 0
vt 0.46432802081108 0.53484088182449 0
vt 0.44125974178314 0.5463553071022 0
vt 0.80186116695404 0.32183504104614 0
vt 0.77227509021759 0.33090829849243 0
vt 0.7115558385849 0.3471816778183 0
vt 0.74202358722687 0.33945178985596 0
vt 0.73333275318146 0.30702412128448 0
vt 0.70332086086273 0.31489396095276 0
vt 0.55822193622589 0.17088758945465 0
vt 0.57453715801239 0.19261515140533 0
vt 0.53457057476044 0.14749503135681 0
vt 0.51426446437836 0.12949252128601 0
vt 0.19168338179588 0.8920846581459 0
vt 0.19168201088905 0.87191891670227 0
vt 0.50191640853882 0.56152850389481 0
vt 0.51960211992264 0.56113028526306 0
vt 0.47155103087425 0.56240093708038 0
vt 0.45218041539192 0.56282675266266 0
vt 0.6814022064209 0.354119181633 0
vt 0.67351317405701 0.32245004177094 0
vt 0.54176127910614 0.19373333454132 0
vt 0.55877065658569 0.20304334163666 0
vt 0.51499378681183 0.17931663990021 0
vt 0.49256148934364 0.16746723651886 0
vt 0.23856076598167 0.8920846581459 0
vt 0.23855862021446 0.871910572052 0
vt 0.50086790323257 0.59884822368622 0
vt 0.51982301473618 0.60333412885666 0
vt 0.46871700882912 0.59039533138275 0
vt 0.44374486804008 0.57972359657288 0
vt 0.85155856609344 0.37111032009125 0
vt 0.83985829353333 0.34246945381165 0
vt 0.53423738479614 0.22122991085052 0
vt 0.55999934673309 0.222776055336 0
vt 0.50287878513336 0.21479868888855 0
vt 0.47764924168587 0.2085417509079 0
vt 0.28545871376991 0.8920846581459 0
vt 0.28545638918877 0.871901512146 0
vt 0.49209722876549 0.63633745908737 0
vt 0.51270139217377 0.64569306373596 0
vt 0.45842465758324 0.62020283937454 0
vt 0.43032336235046 0.60334271192551 0
vt 0.77597725391388 0.22745788097382 0
vt 0.74616301059723 0.23500728607178 0
vt 0.65208089351654 0.36065232753754 0
vt 0.64409697055817 0.32991790771484 0
vt 0.53270864486694 0.25335896015167 0
vt 0.56302654743195 0.25082683563232 0
vt 0.49778333306313 0.25326633453369 0
vt 0.46988984942436 0.25210976600647 0
vt 0.33237752318382 0.8920846581459 0
vt 0.33237519860268 0.87189203500748 0
vt 0.47647631168365 0.6730055809021 0
vt 0.49809205532074 0.68682140111923 0
vt 0.44246631860733 0.6507316827774 0
vt 0.41314342617989 0.62927746772766 0
vt 0.63767635822296 0.1967431306839 0
vt 0.66752660274506 0.1863694190979 0
vt 0.57585287094116 0.31488871574402 0
vt 0.60623300075531 0.30673289299011 0
vt 0.53586995601654 0.28815150260925 0
vt 0.56826651096344 0.28231132030487 0
vt 0.49921169877052 0.29334032535553 0
vt 0.46979692578316 0.29689931869507 0
vt 0.37931948900223 0.8920846581459 0
vt 0.37931704521179 0.87188160419464 0
vt 0.45479807257652 0.70759201049805 0
vt 0.47627726197243 0.72507929801941 0
vt 0.42179930210114 0.68047749996185 0
vt 0.39274063706398 0.65545517206192 0
vt 0.87501764297485 0.35735774040222 0
vt 0.8655891418457 0.33289861679077 0
vt 0.88127720355988 0.26764953136444 0
vt 0.87368953227997 0.23507022857666 0
vt 0.84328436851501 0.24320185184479 0
vt 0.85124254226685 0.27448427677155 0
vt 0.5432938337326 0.3236323595047 0
vt 0.50682854652405 0.33342587947845 0
vt 0.47758206725121 0.34127974510193 0
vt 0.42628678679466 0.8920846581459 0
vt 0.42628449201584 0.87187016010284 0
vt 0.42785951495171 0.73888397216797 0
vt 0.44792839884758 0.75899481773376 0
vt 0.39719781279564 0.7081658244133 0
vt 0.36964184045792 0.68056160211563 0
vt 0.6985639333725 0.17719304561615 0
vt 0.81374382972717 0.25110673904419 0
vt 0.83453941345215 0.21213316917419 0
vt 0.80540525913239 0.22000157833099 0
vt 0.55460345745087 0.35807287693024 0
vt 0.52027440071106 0.37194967269897 0
vt 0.49302837252617 0.38360702991486 0
vt 0.47328200936317 0.8920846581459 0
vt 0.47327968478203 0.87185883522034 0
vt 0.39656558632851 0.76582074165344 0
vt 0.41401359438896 0.78734409809113 0
vt 0.36950826644897 0.73276698589325 0
vt 0.3445343375206 0.70366168022156 0
vt 0.72473895549774 0.27494764328003 0
vt 0.716148853302 0.24287521839142 0
vt 0.58394849300385 0.21705746650696 0
vt 0.60966730117798 0.20747470855713 0
vt 0.56926071643829 0.38978683948517 0
vt 0.5390739440918 0.40736901760101 0
vt 0.51550209522247 0.42234945297241 0
vt 0.5203024148941 0.8920846581459 0
vt 0.52030009031296 0.87184846401215 0
vt 0.36197733879089 0.78749734163284 0
vt 0.375756919384 0.80915927886963 0
vt 0.33975994586945 0.75343477725983 0
vt 0.31835302710533 0.72406804561615 0
vt 0.1880346685648 0.71527844667435 0
vt 0.21266274154186 0.73555064201355 0
vt 0.23165535926819 0.71408915519714 0
vt 0.20897875726223 0.69270104169846 0
vt 0.35929626226425 0.49674844741821 0
vt 0.35711008310318 0.45167112350464 0
vt 0.33619728684425 0.47422194480896 0
vt 0.58664834499359 0.41684997081757 0
vt 0.60817635059357 0.40260183811188 0
vt 0.56271910667419 0.43813562393188 0
vt 0.54400336742401 0.45620107650757 0
vt 0.56734532117844 0.8920846581459 0
vt 0.5673434138298 0.87183940410614 0
vt 0.32530754804611 0.80311638116837 0
vt 0.33462953567505 0.82376879453659 0
vt 0.30922797322273 0.76939463615417 0
vt 0.29241237044334 0.7412536740303 0
vt 0.29728230834007 0.65255451202393 0
vt 0.31978991627693 0.6306419968605 0
vt 0.29607906937599 0.60691231489182 0
vt 0.27403515577316 0.62871903181076 0
vt 0.2746450304985 0.67362612485886 0
vt 0.25200480222702 0.65015405416489 0
vt 0.60691106319427 0.4369021654129 0
vt 0.61697971820831 0.42031288146973 0
vt 0.59094989299774 0.462806224823 0
vt 0.57745230197906 0.48431849479675 0
vt 0.61440736055374 0.8920846581459 0
vt 0.61440593004227 0.87183201313019 0
vt 0.28781801462173 0.81188404560089 0
vt 0.29227092862129 0.83088958263397 0
vt 0.27941757440567 0.77968859672546 0
vt 0.26878502964973 0.75468271970749 0
vt 0.25251939892769 0.69393450021744 0
vt 0.2302620857954 0.67131990194321 0
vt 0.6325865983963 0.44845354557037 0
vt 0.63584423065186 0.42145133018494 0
vt 0.62381219863892 0.48057496547699 0
vt 0.61523377895355 0.5063579082489 0
vt 0.66148567199707 0.8920846581459 0
vt 0.66148465871811 0.87182581424713 0
vt 0.25050073862076 0.81292849779129 0
vt 0.25006610155106 0.83066713809967 0
vt 0.25142329931259 0.7825220823288 0
vt 0.25187906622887 0.76312637329102 0
vt 0.15236693620682 0.51149314641953 0
vt 0.13195870816708 0.53768420219421 0
vt 0.1581105440855 0.55926764011383 0
vt 0.17876760661602 0.53536838293076 0
vt 0.27261525392532 0.58344012498856 0
vt 0.24914409220219 0.55997157096863 0
vt 0.22733853757381 0.58201944828033 0
vt 0.25076705217361 0.60529088973999 0
vt 0.6635674238205 0.4544472694397 0
vt 0.66302967071533 0.42163252830505 0
vt 0.66068816184998 0.49173533916473 0
vt 0.65681850910187 0.52180832624435 0
vt 0.70857638120651 0.8920846581459 0
vt 0.7085754275322 0.87182116508484 0
vt 0.21374398469925 0.80568695068359 0
vt 0.20855996012688 0.82331216335297 0
vt 0.22387106716633 0.77529358863831 0
vt 0.23542176187038 0.75219464302063 0
vt 0.29446026682854 0.56159240007401 0
vt 0.27118575572968 0.53816568851471 0
vt 0.34411752223969 0.65499860048294 0
vt 0.32067066431046 0.67727625370026 0
vt 0.69800984859467 0.45589125156403 0
vt 0.69410276412964 0.41971576213837 0
vt 0.70028185844421 0.49654710292816 0
vt 0.70103192329407 0.52989929914474 0
vt 0.75567573308945 0.8920846581459 0
vt 0.75567525625229 0.87181848287582 0
vt 0.17790861427784 0.79087936878204 0
vt 0.16828741133213 0.80875837802887 0
vt 0.19530420005322 0.76056098937988 0
vt 0.34169855713844 0.60813534259796 0
vt 0.31788069009781 0.58486938476562 0
vt 0.16362880170345 0.69243264198303 0
vt 0.1858815997839 0.67018067836761 0
vt 0.73413074016571 0.45286297798157 0
vt 0.72699928283691 0.41512870788574 0
vt 0.74110352993011 0.49506747722626 0
vt 0.74631834030151 0.53010314702988 0
vt 0.80277943611145 0.8920846581459 0
vt 0.80277943611145 0.87181735038757 0
vt 0.1439395993948 0.76962435245514 0
vt 0.13058994710445 0.78713166713715 0
vt 0.16677299141884 0.74043995141983 0
vt 0.29677882790565 0.69793206453323 0
vt 0.33770340681076 0.51834380626678 0
vt 0.31493642926216 0.4955837726593 0
vt 0.77043759822845 0.44539558887482 0
vt 0.78170323371887 0.48738014698029 0
vt 0.79107022285461 0.52228730916977 0
vt 0.84988355636597 0.8920846581459 0
vt 0.84988397359848 0.8718181848526 0
vt 0.11304891109467 0.74300819635391 0
vt 0.09701818972826 0.75903594493866 0
vt 0.13977234065533 0.71628719568253 0
vt 0.80561447143555 0.43370795249939 0
vt 0.82070827484131 0.47373855113983 0
vt 0.83373665809631 0.50668478012085 0
vt 0.00432083755732 0.93939518928528 0
vt 0.0043204203248 0.95969247817993 0
vt 0.05149278789759 0.95969247817993 0
vt 0.05149326473475 0.93939799070358 0
vt 0.08641874790192 0.71212750673294 0
vt 0.06890419125557 0.72547787427902 0
vt 0.11560992151499 0.6892928481102 0
vt 0.14077627658844 0.66803044080734 0
vt 0.31616398692131 0.53988593816757 0
vt 0.29320827126503 0.51673716306686 0
vt 0.83841264247894 0.41826868057251 0
vt 0.85680341720581 0.4546092748642 0
vt 0.87285768985748 0.48386919498444 0
vt 0.09865657240152 0.95969247817993 0
vt 0.09865770488977 0.93940263986588 0
vt 0.06514639407396 0.67816358804703 0
vt 0.04725498706102 0.68778872489929 0
vt 0.09547656029463 0.66076397895813 0
vt 0.12049490213394 0.64340287446976 0
vt 0.20590443909168 0.60405361652374 0
vt 0.22905412316322 0.62700611352921 0
vt 0.66273605823517 0.9395460486412 0
vt 0.66273331642151 0.95969247817993 0
vt 0.70954447984695 0.95969247817993 0
vt 0.70954650640488 0.93955588340759 0
vt 0.86752223968506 0.39979493618011 0
vt 0.88868999481201 0.43064475059509 0
vt 0.90710687637329 0.45475733280182 0
vt 0.14580735564232 0.95969247817993 0
vt 0.14580878615379 0.93940895795822 0
vt 0.05031954497099 0.64232629537582 0
vt 0.03267519548535 0.64751410484314 0
vt 0.08073075115681 0.63219493627548 0
vt 0.10384038835764 0.62064146995544 0
vt 0.29365047812462 0.38443756103516 0
vt 0.29322639107704 0.40381765365601 0
vt 0.30969998240471 0.41474723815918 0
vt 0.32121473550797 0.39167153835297 0
vt 0.78651785850525 0.12833142280579 0
vt 0.78600978851318 0.09554660320282 0
vt 0.7515641450882 0.09410011768341 0
vt 0.75543916225433 0.13024318218231 0
vt 0.89135992527008 0.3791116476059 0
vt 0.91504883766174 0.40254008769989 0
vt 0.93540024757385 0.42058396339416 0
vt 0.19294092059135 0.95969247817993 0
vt 0.19294288754463 0.9394171833992 0
vt 0.04306159168482 0.60556024312973 0
vt 0.02529871277511 0.60599541664124 0
vt 0.07349102944136 0.60463654994965 0
vt 0.09289931505919 0.60418057441711 0
vt 0.3324736058712 0.43139314651489 0
vt 0.34979286789894 0.40641236305237 0
vt 0.71544122695923 0.09712707996368 0
vt 0.72253930568695 0.13482749462128 0
vt 0.90782296657562 0.35626757144928 0
vt 0.89079213142395 0.34693717956543 0
vt 0.93462646007538 0.37071812152863 0
vt 0.95710498094559 0.38260293006897 0
vt 0.24005350470543 0.95969247817993 0
vt 0.24005547165871 0.93942701816559 0
vt 0.04409530386329 0.56822955608368 0
vt 0.02506202831864 0.56377238035202 0
vt 0.07631833851337 0.57663297653198 0
vt 0.10134317725897 0.58726960420609 0
vt 0.37833040952682 0.42654478549957 0
vt 0.91534459590912 0.32876873016357 0
vt 0.88955569267273 0.32719683647156 0
vt 0.94674026966095 0.33523488044739 0
vt 0.97201633453369 0.34152281284332 0
vt 0.28714171051979 0.95969247817993 0
vt 0.28714403510094 0.93943822383881 0
vt 0.05285751819611 0.53072410821915 0
vt 0.03217527642846 0.5213937163353 0
vt 0.08660945296288 0.54681128263474 0
vt 0.11477240175009 0.56363433599472 0
vt 0.29491549730301 0.33635914325714 0
vt 0.29451993107796 0.35405695438385 0
vt 0.33129188418388 0.36130833625793 0
vt 0.33643248677254 0.34372997283936 0
vt 0.91686999797821 0.29663610458374 0
vt 0.88652157783508 0.29913878440857 0
vt 0.95183396339416 0.2967654466629 0
vt 0.97977328300476 0.29795110225677 0
vt 0.33420249819756 0.95969247817993 0
vt 0.33420541882515 0.93945050239563 0
vt 0.06847540289164 0.4940379858017 0
vt 0.04678295180202 0.48024678230286 0
vt 0.1025690510869 0.51626670360565 0
vt 0.78892624378204 0.05829620361328 0
vt 0.74933123588562 0.05348372459412 0
vt 0.91370618343353 0.2618408203125 0
vt 0.95040428638458 0.25669038295746 0
vt 0.97986340522766 0.25315940380096 0
vt 0.38123318552971 0.95969247817993 0
vt 0.38123613595963 0.93946385383606 0
vt 0.09015491604805 0.45943331718445 0
vt 0.06860159337521 0.44197070598602 0
vt 0.12323936074972 0.48650574684143 0
vt 0.79282379150391 0.02826321125031 0
vt 0.7486127614975 0.02017617225647 0
vt 0.75633507966995 0.95969247817993 0
vt 0.7563362121582 0.93956309556961 0
vt 0.90628147125244 0.22635877132416 0
vt 0.94278693199158 0.21660423278809 0
vt 0.97207474708557 0.20877814292908 0
vt 0.4282321035862 0.95969247817993 0
vt 0.42823547124863 0.93947768211365 0
vt 0.11709865182638 0.4281245470047 0
vt 0.09696003049612 0.40803849697113 0
vt 0.14784552156925 0.45880436897278 0
vt 0.36713913083076 0.37613022327423 0
vt 0.37671059370041 0.35830295085907 0
vt 0.8949728012085 0.19191896915436 0
vt 0.86397445201874 0.20306324958801 0
vt 0.92934143543243 0.17808055877686 0
vt 0.95662498474121 0.1664502620697 0
vt 0.47519886493683 0.95969247817993 0
vt 0.47520208358765 0.93949192762375 0
vt 0.14840126037598 0.40117371082306 0
vt 0.13089016079903 0.37967598438263 0
vt 0.17554071545601 0.43419313430786 0
vt 0.70850872993469 0.05496370792389 0
vt 0.70332896709442 0.01997566223145 0
vt 0.88031780719757 0.16020703315735 0
vt 0.85277581214905 0.17317628860474 0
vt 0.9105429649353 0.14266180992126 0
vt 0.93414759635925 0.12770771980286 0
vt 0.52213138341904 0.95969247817993 0
vt 0.52213478088379 0.93950653076172 0
vt 0.18300101161003 0.37948763370514 0
vt 0.16916653513908 0.35785305500031 0
vt 0.20529513061047 0.41351938247681 0
vt 0.22676362097263 0.44286036491394 0
vt 0.80311220884323 0.95969247817993 0
vt 0.80311304330826 0.93956726789474 0
vt 0.40111398696899 0.39740300178528 0
vt 0.41440817713737 0.3799512386322 0
vt 0.86293351650238 0.1331467628479 0
vt 0.84137880802155 0.14736914634705 0
vt 0.88689851760864 0.11189615726471 0
vt 0.90564227104187 0.09385740756989 0
vt 0.56903046369553 0.95969247817993 0
vt 0.5690336227417 0.93952083587646 0
vt 0.21968375146389 0.36386394500732 0
vt 0.21031507849693 0.3432422876358 0
vt 0.23583298921585 0.3975578546524 0
vt 0.25270345807076 0.42567670345306 0
vt 0.84267246723175 0.1130964756012 0
vt 0.83258306980133 0.12966549396515 0
vt 0.85866761207581 0.08722627162933 0
vt 0.872190117836 0.06574308872223 0
vt 0.6158966422081 0.95969247817993 0
vt 0.61589956283569 0.93953418731689 0
vt 0.25718754529953 0.35509645938873 0
vt 0.25269412994385 0.33612608909607 0
vt 0.2656489610672 0.38726615905762 0
vt 0.27632704377174 0.41225326061249 0
vt 0.84988248348236 0.95969247817993 0
vt 0.84988385438919 0.93956923484802 0
vt 0.81699442863464 0.10154318809509 0
vt 0.81371080875397 0.12851917743683 0
vt 0.82580399513245 0.06945717334747 0
vt 0.83440732955933 0.04370868206024 0
vt 0.36276146769524 0.58550411462784 0
vt 0.33930519223213 0.56284564733505 0
vt 0.36639231443405 0.63155293464661 0
vt 0.13922131061554 0.58255833387375 0
vt 0.27349507808685 0.71682006120682 0
vt 0.12173473834991 0.60371273756027 0
vt 0.2074985653162 0.64856314659119 0
vt 0.25234645605087 0.73430460691452 0
vt 0.16335660219193 0.64708507061005 0
vt 0.18473872542381 0.62579959630966 0
vt 0.38704192638397 0.607666015625 0
vt 0.38305607438087 0.56339049339294 0
vt 0.36045479774475 0.54111623764038 0
vt 0.40319120883942 0.54254561662674 0
vt 0.38181304931641 0.51985424757004 0
vt 0.40591987967491 0.58439159393311 0
vt 0.42339000105858 0.56325763463974 0
vt 0.31350910663605 0.45283234119415 0
vt 0.22541138529778 0.536252617836 0
vt 0.24791821837425 0.5143386721611 0
vt 0.20349858701229 0.5587660074234 0
vt 0.14196063578129 0.624407351017 0
vt 0.18242673575878 0.58140879869461 0
vt 0.29266384243965 0.47297179698944 0
vt 0.27054983377457 0.49327087402344 0
vt 0.16211746633053 0.60353922843933 0
vt 0.29279670119286 0.43262112140656 0
vt 0.27166080474854 0.45009481906891 0
vt 0.24838389456272 0.46897733211517 0
vt 0.7680983543396 0.19579863548279 0
vt 0.7379390001297 0.20273053646088 0
vt 0.65663504600525 0.25944399833679 0
vt 0.66520380973816 0.29091012477875 0
vt 0.69487547874451 0.28295338153839 0
vt 0.68622446060181 0.25107216835022 0
vt 0.85842823982239 0.30484211444855 0
vt 0.82207190990448 0.28221845626831 0
vt 0.63176965713501 0.39555990695953 0
vt 0.83052802085876 0.31282758712769 0
vt 0.71948194503784 0.38031256198883 0
vt 0.68844699859619 0.38626205921173 0
vt 0.65882885456085 0.390984416008 0
vt 0.63575553894043 0.29881012439728 0
vt 0.59827697277069 0.27545285224915 0
vt 0.8255889415741 0.18225800991058 0
vt 0.79743015766144 0.18927550315857 0
vt 0.70746898651123 0.21045899391174 0
vt 0.62743008136749 0.26770150661469 0
vt 0.64763903617859 0.22808337211609 0
vt 0.67721939086914 0.21900451183319 0
vt 0.59109795093536 0.24510216712952 0
vt 0.79069709777832 0.15895795822144 0
vt 0.76107084751129 0.16367268562317 0
vt 0.61898255348206 0.23710143566132 0
vt 0.73003113269806 0.16961765289307 0
vt 0.8177684545517 0.15439426898956 0
vt 0.65566599369049 0.01690542697906 0
vt 0.61176991462708 0.03289389610291 0
vt 0.05114654451609 0.86074078083038 0
vt 0.00431875139475 0.8607429265976 0
vt 0.00431809574366 0.92566478252411 0
vt 0.05114588886499 0.92566722631454 0
vt 0.05114708095789 0.9122342467308 0
vt 0.00431875139475 0.9122326374054 0
vt 0.49523755908012 0.42760217189789 0
vt 0.46477231383324 0.39127445220947 0
vt 0.45680457353592 0.39924108982086 0
vt 0.48621731996536 0.43436360359192 0
vt 0.57134854793549 0.05626904964447 0
vt 0.09797886759043 0.86073571443558 0
vt 0.09797797352076 0.92567265033722 0
vt 0.0979797616601 0.91223758459091 0
vt 0.51892107725143 0.46866595745087 0
vt 0.50892478227615 0.4738861322403 0
vt 0.5356525182724 0.08628273010254 0
vt 0.14482101798058 0.86072725057602 0
vt 0.14482054114342 0.92568188905716 0
vt 0.14482310414314 0.91224306821823 0
vt 0.53511261940002 0.51320207118988 0
vt 0.52428376674652 0.51631224155426 0
vt 0.50577354431152 0.12196505069733 0
vt 0.19167968630791 0.86071592569351 0
vt 0.19167849421501 0.9256939291954 0
vt 0.19168147444725 0.91225028038025 0
vt 0.54332739114761 0.55986654758453 0
vt 0.53205680847168 0.56028187274933 0
vt 0.48258218169212 0.16219568252563 0
vt 0.23855605721474 0.86070293188095 0
vt 0.23855540156364 0.92570793628693 0
vt 0.23855862021446 0.91225868463516 0
vt 0.54331946372986 0.60724794864655 0
vt 0.53221261501312 0.60496777296066 0
vt 0.46670660376549 0.20582795143127 0
vt 0.28545358777046 0.86068880558014 0
vt 0.28545328974724 0.92572283744812 0
vt 0.28545680642128 0.91226744651794 0
vt 0.53508627414703 0.65391278266907 0
vt 0.52460032701492 0.64953070878983 0
vt 0.45861551165581 0.25164210796356 0
vt 0.33237197995186 0.86067414283752 0
vt 0.33237120509148 0.92573869228363 0
vt 0.33237519860268 0.91227722167969 0
vt 0.51887553930283 0.69844496250153 0
vt 0.50919389724731 0.69255697727203 0
vt 0.45860037207603 0.29825413227081 0
vt 0.37931343913078 0.86065769195557 0
vt 0.37931278347969 0.9257560968399 0
vt 0.37931704521179 0.91228759288788 0
vt 0.49517664313316 0.73948967456818 0
vt 0.48634439706802 0.73246675729752 0
vt 0.46669581532478 0.34420323371887 0
vt 0.42628076672554 0.86064004898071 0
vt 0.42628017067909 0.92577522993088 0
vt 0.42628449201584 0.91229891777039 0
vt 0.46470874547958 0.7757955789566 0
vt 0.45675152540207 0.76782429218292 0
vt 0.48265984654427 0.38804352283478 0
vt 0.47327634692192 0.86062228679657 0
vt 0.47327545285225 0.92579412460327 0
vt 0.47327968478203 0.91231036186218 0
vt 0.42840048670769 0.8062596321106 0
vt 0.42139387130737 0.79741597175598 0
vt 0.50597953796387 0.42840158939362 0
vt 0.52029716968536 0.86060619354248 0
vt 0.52029651403427 0.92581140995026 0
vt 0.52030050754547 0.91232061386108 0
vt 0.38735401630402 0.82995563745499 0
vt 0.38148453831673 0.82026529312134 0
vt 0.53589236736298 0.4640303850174 0
vt 0.56734108924866 0.8605922460556 0
vt 0.56734019517899 0.92582643032074 0
vt 0.5673434138298 0.91232961416244 0
vt 0.3428196310997 0.84616160392761 0
vt 0.33845779299736 0.83567023277283 0
vt 0.57145392894745 0.49387848377228 0
vt 0.61440390348434 0.860580265522 0
vt 0.61440318822861 0.92583912611008 0
vt 0.61440593004227 0.91233724355698 0
vt 0.29615461826324 0.85438740253448 0
vt 0.29389476776123 0.84327912330627 0
vt 0.61165118217468 0.51712536811829 0
vt 0.66148287057877 0.86057072877884 0
vt 0.66148245334625 0.92584943771362 0
vt 0.66148465871811 0.91234338283539 0
vt 0.24877686798573 0.85438841581345 0
vt 0.24920949339867 0.84312009811401 0
vt 0.65536677837372 0.5330902338028 0
vt 0.70857429504395 0.86056363582611 0
vt 0.70857405662537 0.92585694789886 0
vt 0.7085754275322 0.91234785318375 0
vt 0.20211756229401 0.84616768360138 0
vt 0.20524030923843 0.83534359931946 0
vt 0.70128679275513 0.54123735427856 0
vt 0.75567471981049 0.86055928468704 0
vt 0.75567454099655 0.92586159706116 0
vt 0.75567525625229 0.91235077381134 0
vt 0.15758794546127 0.82996958494186 0
vt 0.16281649470329 0.81997966766357 0
vt 0.74798083305359 0.54127281904221 0
vt 0.80277943611145 0.86055779457092 0
vt 0.80277943611145 0.92586332559586 0
vt 0.80277943611145 0.91235172748566 0
vt 0.11654143035412 0.80628383159637 0
vt 0.12330560386181 0.79726964235306 0
vt 0.79399156570435 0.53317385911942 0
vt 0.84988456964493 0.86055904626846 0
vt 0.84988456964493 0.92586207389832 0
vt 0.84988397359848 0.91235089302063 0
vt 0.08022747188807 0.77582859992981 0
vt 0.08819254487753 0.76786404848099 0
vt 0.83788907527924 0.51718610525131 0
vt 0.05149469524622 0.92812287807465 0
vt 0.0043216124177 0.9281188249588 0
vt 0.0043216124177 0.99352180957794 0
vt 0.05149469524622 0.99351727962494 0
vt 0.05149326473475 0.9799872636795 0
vt 0.00432083755732 0.97998988628387 0
vt 0.04975356534123 0.73952949047089 0
vt 0.0587681978941 0.73276537656784 0
vt 0.87831282615662 0.49381136894226 0
vt 0.09865937381983 0.92813009023666 0
vt 0.09865979105234 0.99350965023041 0
vt 0.09865770488977 0.97998261451721 0
vt 0.02604476734996 0.69849675893784 0
vt 0.0360357388854 0.69326609373093 0
vt 0.66273993253708 0.9932701587677 0
vt 0.70954996347427 0.99325346946716 0
vt 0.70954650640488 0.97982931137085 0
vt 0.66273605823517 0.97983926534653 0
vt 0.34286177158356 0.32086038589478 0
vt 0.29618093371391 0.312624335289 0
vt 0.2957661151886 0.32389962673187 0
vt 0.33975026011467 0.3316924571991 0
vt 0.83800315856934 0.03294718265533 0
vt 0.79428744316101 0.01698470115662 0
vt 0.7095490694046 0.92836898565292 0
vt 0.66273921728134 0.92835366725922 0
vt 0.91401100158691 0.46379673480988 0
vt 0.14581105113029 0.92814022302628 0
vt 0.1458115875721 0.99349880218506 0
vt 0.14580878615379 0.97997617721558 0
vt 0.00981303118169 0.65396416187286 0
vt 0.02064031176269 0.65083932876587 0
vt 0.94389140605927 0.4281120300293 0
vt 0.19294556975365 0.92815309762955 0
vt 0.19294646382332 0.99348497390747 0
vt 0.19294288754463 0.9799679517746 0
vt 0.00156872963998 0.6072890162468 0
vt 0.01284131407738 0.6068554520607 0
vt 0.96708285808563 0.38787853717804 0
vt 0.2400589287281 0.92816811800003 0
vt 0.2400595843792 0.99346882104874 0
vt 0.24005547165871 0.97995817661285 0
vt 0.00155472883489 0.55989098548889 0
vt 0.01266760379076 0.56215047836304 0
vt 0.98295700550079 0.34424459934235 0
vt 0.28714779019356 0.9281855225563 0
vt 0.28714868426323 0.99345016479492 0
vt 0.28714403510094 0.97994709014893 0
vt 0.0097727868706 0.51320487260818 0
vt 0.020269010216 0.51756656169891 0
vt 0.99104642868042 0.29842936992645 0
vt 0.33420917391777 0.92820477485657 0
vt 0.33421006798744 0.99342954158783 0
vt 0.33420541882515 0.97993457317352 0
vt 0.02597652003169 0.46864950656891 0
vt 0.03567189350724 0.47451913356781 0
vt 0.99106097221375 0.25181722640991 0
vt 0.38124048709869 0.92822539806366 0
vt 0.38124153017998 0.99340748786926 0
vt 0.38123613595963 0.97992146015167 0
vt 0.04967504367232 0.42758190631866 0
vt 0.0585240572691 0.43458926677704 0
vt 0.74836826324463 0.00883901119232 0
vt 0.75633823871613 0.92838031053543 0
vt 0.75633865594864 0.9932416677475 0
vt 0.75633651018143 0.97982215881348 0
vt 0.38740634918213 0.33707988262177 0
vt 0.38218307495117 0.34707701206207 0
vt 0.98296463489532 0.20586824417114 0
vt 0.42823967337608 0.92824703454971 0
vt 0.42824083566666 0.99338430166244 0
vt 0.42823547124863 0.9799075126648 0
vt 0.08014857023954 0.39125370979309 0
vt 0.08812532573938 0.39921224117279 0
vt 0.9669998884201 0.16202783584595 0
vt 0.47520652413368 0.92826926708221 0
vt 0.47520753741264 0.99336045980453 0
vt 0.47520187497139 0.97989326715469 0
vt 0.11647019535303 0.36077010631561 0
vt 0.12349834293127 0.36960458755493 0
vt 0.70167529582977 0.00880539417267 0
vt 0.80311417579651 0.92838668823242 0
vt 0.94367980957031 0.12166917324066 0
vt 0.52213913202286 0.92829203605652 0
vt 0.5221403837204 0.99333608150482 0
vt 0.52213478088379 0.97987872362137 0
vt 0.15753537416458 0.33706080913544 0
vt 0.16342793405056 0.3467458486557 0
vt 0.80311465263367 0.99323451519012 0
vt 0.80311352014542 0.97981786727905 0
vt 0.4284600019455 0.36079156398773 0
vt 0.42169645428658 0.36981070041656 0
vt 0.91376531124115 0.08603990077972 0
vt 0.56903773546219 0.92831426858902 0
vt 0.56903868913651 0.9933123588562 0
vt 0.56903350353241 0.97986447811127 0
vt 0.20209041237831 0.32084763050079 0
vt 0.20647604763508 0.33133792877197 0
vt 0.87820172309875 0.05619239807129 0
vt 0.61590331792831 0.9283350110054 0
vt 0.61590439081192 0.99329000711441 0
vt 0.61589956283569 0.97985112667084 0
vt 0.24877843260765 0.31261932849884 0
vt 0.25106102228165 0.32373094558716 0
vt 0.84988456964493 0.92838937044144 0
vt 0.84988456964493 0.99323135614395 0
vt 0.84988385438919 0.97981584072113 0
vt 0.45362374186516 0.40242111682892 0
vt 0.45115450024605 0.40488910675049 0
vt 0.47970914840698 0.43899691104889 0
vt 0.4825724363327 0.43699967861176 0
vt 0.50172346830368 0.47734081745148 0
vt 0.50488990545273 0.47587323188782 0
vt 0.51657962799072 0.51841390132904 0
vt 0.51995104551315 0.51751315593719 0
vt 0.52409332990646 0.56087851524353 0
vt 0.52756851911545 0.56056594848633 0
vt 0.52427613735199 0.60404253005981 0
vt 0.52775400876999 0.604327917099 0
vt 0.51695376634598 0.64720511436462 0
vt 0.52033025026321 0.6480867266655 0
vt 0.50204676389694 0.68898344039917 0
vt 0.50521773099899 0.69044125080109 0
vt 0.4798709154129 0.72778713703156 0
vt 0.48273584246635 0.72978043556213 0
vt 0.45110583305359 0.76217567920685 0
vt 0.45357373356819 0.76464349031448 0
vt 0.41671752929688 0.79094046354294 0
vt 0.4187108874321 0.79380524158478 0
vt 0.37791460752487 0.81311643123627 0
vt 0.3793725669384 0.81628739833832 0
vt 0.33613640069962 0.82802259922028 0
vt 0.33701783418655 0.83139914274216 0
vt 0.29297390580177 0.83534288406372 0
vt 0.29325911402702 0.83882039785385 0
vt 0.24980980157852 0.83515751361847 0
vt 0.24949710071087 0.83863240480423 0
vt 0.20734497904778 0.82764095067978 0
vt 0.206444054842 0.83101183176041 0
vt 0.1662742048502 0.81278073787689 0
vt 0.16480603814125 0.8159464597702 0
vt 0.1279391348362 0.79076457023621 0
vt 0.12594221532345 0.79362678527832 0
vt 0.09383895993233 0.76221573352814 0
vt 0.09137161821127 0.76468425989151 0
vt 0.06527173519135 0.7281294465065 0
vt 0.06241043657064 0.73012787103653 0
vt 0.04323339089751 0.68980371952057 0
vt 0.0400682836771 0.69127428531647 0
vt 0.02834493480623 0.64873069524765 0
vt 0.02497329562902 0.64963376522064 0
vt 0.02080668509007 0.60625261068344 0
vt 0.01733055338264 0.60656678676605 0
vt 0.0206070356071 0.56306999921799 0
vt 0.01712805218995 0.56278556585312 0
vt 0.02791975438595 0.51988714933395 0
vt 0.0245418716222 0.51900619268417 0
vt 0.2954815030098 0.3283896446228 0
vt 0.29516768455505 0.33186626434326 0
vt 0.33764532208443 0.3393988609314 0
vt 0.33854782581329 0.33602678775787 0
vt 0.04282405972481 0.47808909416199 0
vt 0.03965170308948 0.47663116455078 0
vt 0.06500320136547 0.43926644325256 0
vt 0.06213680282235 0.43727266788483 0
vt 0.09377713501453 0.40485990047455 0
vt 0.09130792319775 0.40239119529724 0
vt 0.37872341275215 0.35427844524384 0
vt 0.38019335269928 0.35111212730408 0
vt 0.12818056344986 0.37608087062836 0
vt 0.12618637084961 0.3732146024704 0
vt 0.16700311005116 0.35389637947083 0
vt 0.16554480791092 0.35072386264801 0
vt 0.41705986857414 0.37631702423096 0
vt 0.41905876994133 0.37345480918884 0
vt 0.20880222320557 0.33898782730103 0
vt 0.20792081952095 0.33560979366302 0
vt 0.25198557972908 0.33167088031769 0
vt 0.25170084834099 0.32819163799286 0
vt 0.44956734776497 0.40647542476654 0
vt 0.47786855697632 0.44028079509735 0
vt 0.49968802928925 0.47828435897827 0
vt 0.5144122838974 0.51899302005768 0
vt 0.5218591094017 0.56107944250107 0
vt 0.52204030752182 0.60385900735855 0
vt 0.51478332281113 0.64663845300674 0
vt 0.50000870227814 0.68804639577866 0
vt 0.47802948951721 0.72650587558746 0
vt 0.44951966404915 0.76058948040009 0
vt 0.41543635725975 0.78909909725189 0
vt 0.37697744369507 0.81107819080353 0
vt 0.33556970953941 0.82585209608078 0
vt 0.2927905023098 0.83310723304749 0
vt 0.25001081824303 0.83292347192764 0
vt 0.20792420208454 0.82547378540039 0
vt 0.16721799969673 0.81074565649033 0
vt 0.12922270596027 0.78892475366592 0
vt 0.09542483091354 0.76062893867493 0
vt 0.06711087375879 0.72684478759766 0
vt 0.04526784271002 0.68885833024979 0
vt 0.03051264211535 0.64815008640289 0
vt 0.02304145880044 0.60605067014694 0
vt 0.02284356206656 0.56325280666351 0
vt 0.03009106405079 0.52045351266861 0
vt 0.29496589303017 0.33410108089447 0
vt 0.33706504106522 0.34156668186188 0
vt 0.04486311599612 0.47902607917786 0
vt 0.06684546172619 0.44054794311523 0
vt 0.09536409378052 0.40644681453705 0
vt 0.37777844071388 0.35631394386292 0
vt 0.1294624209404 0.37792313098907 0
vt 0.16794037818909 0.35593545436859 0
vt 0.41577503085136 0.37815678119659 0
vt 0.2093688249588 0.34115958213806 0
vt 0.25216859579086 0.33390772342682 0
vt 0.65508329868317 0.01472771167755 0
vt 0.61094045639038 0.03079295158386 0
vt 0.05114654451609 0.85850179195404 0
vt 0.00431851297617 0.85850417613983 0
vt 0.45521089434624 0.40083467960358 0
vt 0.48441305756569 0.43571591377258 0
vt 0.57025814056396 0.05428028106689 0
vt 0.0979785695672 0.85849642753601 0
vt 0.50692546367645 0.47493004798889 0
vt 0.5342720746994 0.08447456359863 0
vt 0.144820779562 0.85848730802536 0
vt 0.52211833000183 0.5169340968132 0
vt 0.50407540798187 0.1204594373703 0
vt 0.19167903065681 0.85847532749176 0
vt 0.52980279922485 0.56036496162415 0
vt 0.48058626055717 0.16114151477814 0
vt 0.23855540156364 0.85846143960953 0
vt 0.52998977899551 0.60451149940491 0
vt 0.46451798081398 0.20528531074524 0
vt 0.28545293211937 0.85844624042511 0
vt 0.52250069379807 0.64865338802338 0
vt 0.45636042952538 0.25154876708984 0
vt 0.3323715031147 0.85843050479889 0
vt 0.5072557926178 0.69137841463089 0
vt 0.45636114478111 0.29852497577667 0
vt 0.3793126642704 0.85841310024261 0
vt 0.4845772087574 0.73106169700623 0
vt 0.46451845765114 0.34478783607483 0
vt 0.42627999186516 0.85839408636093 0
vt 0.45515984296799 0.76622968912125 0
vt 0.48058620095253 0.38893067836761 0
vt 0.47327533364296 0.85837495326996 0
vt 0.41999208927155 0.79564666748047 0
vt 0.50407493114471 0.42961192131042 0
vt 0.52029651403427 0.85835766792297 0
vt 0.38030964136124 0.81832557916641 0
vt 0.53427004814148 0.46559631824493 0
vt 0.56734019517899 0.85834264755249 0
vt 0.33758446574211 0.83356964588165 0
vt 0.5702543258667 0.49579048156738 0
vt 0.6144033074379 0.8583300113678 0
vt 0.29344245791435 0.84105604887009 0
vt 0.61093461513519 0.51927888393402 0
vt 0.66148245334625 0.8583197593689 0
vt 0.24929608404636 0.84086644649506 0
vt 0.65507638454437 0.53534656763077 0
vt 0.70857405662537 0.85831224918365 0
vt 0.20586483180523 0.8331789970398 0
vt 0.70133781433105 0.54350507259369 0
vt 0.75567454099655 0.85830754041672 0
vt 0.1638622879982 0.81798148155212 0
vt 0.74831330776215 0.54350686073303 0
vt 0.80277943611145 0.85830569267273 0
vt 0.12465861439705 0.79546654224396 0
vt 0.79457569122314 0.53535133600235 0
vt 0.84988456964493 0.8583071231842 0
vt 0.08978570997715 0.76627099514008 0
vt 0.83871960639954 0.51928633451462 0
vt 0.05149469524622 0.92586797475815 0
vt 0.0043216124177 0.92586332559586 0
vt 0.06057127192616 0.73141247034073 0
vt 0.87940382957458 0.49580001831055 0
vt 0.09865979105234 0.92587560415268 0
vt 0.03803376480937 0.69221973419189 0
vt 0.29568323493004 0.32615458965302 0
vt 0.33912798762321 0.3338588476181 0
vt 0.83872246742249 0.0307948589325 0
vt 0.79458022117615 0.01472914218903 0
vt 0.70954996347427 0.92613160610199 0
vt 0.66273993253708 0.92611509561539 0
vt 0.91539192199707 0.4656046628952 0
vt 0.1458115875721 0.92588645219803 0
vt 0.02280562184751 0.6502143740654 0
vt 0.94558954238892 0.42961764335632 0
vt 0.19294646382332 0.92590010166168 0
vt 0.01509572099894 0.60676866769791 0
vt 0.96907842159271 0.38893365859985 0
vt 0.2400595843792 0.92591643333435 0
vt 0.01489158626646 0.56260275840759 0
vt 0.9851450920105 0.34478878974915 0
vt 0.28714868426323 0.92593514919281 0
vt 0.02237043902278 0.51843988895416 0
vt 0.99330121278763 0.29852497577667 0
vt 0.33421006798744 0.92595565319061 0
vt 0.03761264309287 0.47569394111633 0
vt 0.99330043792725 0.25154888629913 0
vt 0.38124153017998 0.92597776651382 0
vt 0.06029454991221 0.43599116802216 0
vt 0.74831926822662 0.00657188892365 0
vt 0.75633835792542 0.92614376544952 0
vt 0.38113829493523 0.34907650947571 0
vt 0.98514258861542 0.20528626441956 0
vt 0.42824083566666 0.92600083351135 0
vt 0.08972095698118 0.40080428123474 0
vt 0.96907484531403 0.16114330291748 0
vt 0.47520786523819 0.9260248541832 0
vt 0.12490457296371 0.37137234210968 0
vt 0.70134449005127 0.00657141208649 0
vt 0.80311417579651 0.92615061998367 0
vt 0.94558620452881 0.12046134471893 0
vt 0.5221403837204 0.92604911327362 0
vt 0.16460739076138 0.34868466854095 0
vt 0.42034363746643 0.37161493301392 0
vt 0.91538989543915 0.08447647094727 0
vt 0.56903904676437 0.92607289552689 0
vt 0.20735432207584 0.33343839645386 0
vt 0.87940406799316 0.05428206920624 0
vt 0.61590421199799 0.92609530687332 0
vt 0.25151786208153 0.32595491409302 0
vt 0.84988456964493 0.92615348100662 0
# 930 texture coordinates

o Podest
usemtl Mat.1
f 368/4/1 367/3/1 163/2/1 155/1/1
f 11/8/1 12/7/1 4/6/1 3/5/1
f 12/7/1 13/10/1 5/9/1 4/6/1
f 13/10/1 418/12/1 425/11/1 5/9/1
f 432/16/4 812/15/3 811/14/2 419/13/2
f 613/20/5 16/19/5 8/18/5 599/17/5
f 16/19/5 17/22/5 9/21/5 8/18/5
f 17/22/5 18/24/5 10/23/5 9/21/5
f 344/28/5 343/27/5 226/26/5 234/25/5
f 358/32/1 353/31/1 354/30/1 357/29/1
f 19/34/1 20/33/1 12/7/1 11/8/1
f 20/33/1 21/35/1 13/10/1 12/7/1
f 21/35/1 430/36/1 418/12/1 13/10/1
f 444/38/6 813/37/6 812/15/3 432/16/4
f 629/40/5 24/39/5 16/19/5 613/20/5
f 24/39/5 25/41/5 17/22/5 16/19/5
f 25/41/5 26/42/5 18/24/5 17/22/5
f 385/46/1 384/45/1 91/44/1 83/43/1
f 369/48/1 368/4/1 155/1/1 147/47/1
f 27/50/1 28/49/1 20/33/1 19/34/1
f 28/49/1 29/51/1 21/35/1 20/33/1
f 29/51/1 436/52/1 430/36/1 21/35/1
f 450/54/8 814/53/7 813/37/6 444/38/6
f 651/56/5 32/55/5 24/39/5 629/40/5
f 32/55/5 33/57/5 25/41/5 24/39/5
f 33/57/5 34/58/5 26/42/5 25/41/5
f 363/60/1 358/32/1 357/29/1 362/59/1
f 373/64/1 359/63/1 364/62/1 372/61/1
f 35/66/1 36/65/1 28/49/1 27/50/1
f 36/65/1 37/67/1 29/51/1 28/49/1
f 37/67/1 452/68/1 436/52/1 29/51/1
f 458/70/10 815/69/9 814/53/7 450/54/8
f 659/72/5 40/71/5 32/55/5 651/56/5
f 40/71/5 41/73/5 33/57/5 32/55/5
f 41/73/5 42/74/5 34/58/5 33/57/5
f 377/76/1 373/64/1 372/61/1 376/75/1
f 368/4/1 363/60/1 362/59/1 367/3/1
f 43/78/1 44/77/1 36/65/1 35/66/1
f 44/77/1 45/79/1 37/67/1 36/65/1
f 45/79/1 457/80/1 452/68/1 37/67/1
f 468/82/11 816/81/11 815/69/9 458/70/10
f 665/84/5 48/83/5 40/71/5 659/72/5
f 48/83/5 49/85/5 41/73/5 40/71/5
f 49/85/5 50/86/5 42/74/5 41/73/5
f 369/48/1 364/62/1 363/60/1 368/4/1
f 367/3/1 370/88/1 171/87/1 163/2/1
f 51/90/1 52/89/1 44/77/1 43/78/1
f 52/89/1 53/91/1 45/79/1 44/77/1
f 53/91/1 472/92/1 457/80/1 45/79/1
f 474/94/12 817/93/12 816/81/11 468/82/11
f 672/96/5 56/95/5 48/83/5 665/84/5
f 56/95/5 57/97/5 49/85/5 48/83/5
f 57/97/5 58/98/5 50/86/5 49/85/5
f 389/100/1 388/99/1 354/30/1 353/31/1
f 381/102/1 377/76/1 376/75/1 380/101/1
f 59/104/1 60/103/1 52/89/1 51/90/1
f 60/103/1 61/105/1 53/91/1 52/89/1
f 61/105/1 477/106/1 472/92/1 53/91/1
f 485/108/13 818/107/13 817/93/12 474/94/12
f 677/110/5 64/109/5 56/95/5 672/96/5
f 64/109/5 65/111/5 57/97/5 56/95/5
f 65/111/5 66/112/5 58/98/5 57/97/5
f 407/114/1 406/113/1 19/34/1 11/8/1
f 387/116/1 385/46/1 83/43/1 75/115/1
f 67/118/1 68/117/1 60/103/1 59/104/1
f 68/117/1 69/119/1 61/105/1 60/103/1
f 69/119/1 482/120/1 477/106/1 61/105/1
f 487/122/15 819/121/14 818/107/13 485/108/13
f 678/124/5 72/123/5 64/109/5 677/110/5
f 72/123/5 73/125/5 65/111/5 64/109/5
f 73/125/5 74/126/5 66/112/5 65/111/5
f 370/88/1 371/128/1 179/127/1 171/87/1
f 360/132/1 356/131/1 219/130/1 211/129/1
f 75/115/1 76/133/1 68/117/1 67/118/1
f 76/133/1 77/134/1 69/119/1 68/117/1
f 77/134/1 494/135/1 482/120/1 69/119/1
f 497/137/16 820/136/16 819/121/14 487/122/15
f 800/139/5 80/138/5 72/123/5 678/124/5
f 80/138/5 81/140/5 73/125/5 72/123/5
f 81/140/5 82/141/5 74/126/5 73/125/5
f 410/142/1 407/114/1 11/8/1 3/5/1
f 394/145/1 393/144/1 356/131/1 355/143/1
f 83/43/1 84/146/1 76/133/1 75/115/1
f 84/146/1 85/147/1 77/134/1 76/133/1
f 85/147/1 500/148/1 494/135/1 77/134/1
f 506/150/18 821/149/17 820/136/16 497/137/16
f 801/152/5 88/151/5 80/138/5 800/139/5
f 88/151/5 89/153/5 81/140/5 80/138/5
f 89/153/5 90/154/5 82/141/5 81/140/5
f 392/156/1 389/100/1 353/31/1 352/155/1
f 412/158/1 411/157/1 35/66/1 27/50/1
f 91/44/1 92/159/1 84/146/1 83/43/1
f 92/159/1 93/160/1 85/147/1 84/146/1
f 93/160/1 504/161/1 500/148/1 85/147/1
f 515/163/19 822/162/19 821/149/17 506/150/18
f 707/165/5 96/164/5 88/151/5 801/152/5
f 96/164/5 97/166/5 89/153/5 88/151/5
f 97/166/5 98/167/5 90/154/5 89/153/5
f 306/171/5 305/170/5 138/169/5 146/168/5
f 331/174/5 1/173/5 10/23/5 321/172/5
f 99/176/1 100/175/1 92/159/1 91/44/1
f 100/175/1 101/177/1 93/160/1 92/159/1
f 101/177/1 512/178/1 504/161/1 93/160/1
f 525/180/21 823/179/20 822/162/19 515/163/19
f 804/182/5 104/181/5 96/164/5 707/165/5
f 104/181/5 105/183/5 97/166/5 96/164/5
f 105/183/5 106/184/5 98/167/5 97/166/5
f 293/188/5 290/187/5 291/186/5 292/185/5
f 296/190/5 293/188/5 292/185/5 295/189/5
f 107/192/1 108/191/1 100/175/1 99/176/1
f 108/191/1 109/193/1 101/177/1 100/175/1
f 109/193/1 519/194/1 512/178/1 101/177/1
f 528/196/23 824/195/22 823/179/20 525/180/21
f 712/198/5 112/197/5 104/181/5 804/182/5
f 112/197/5 113/199/5 105/183/5 104/181/5
f 113/199/5 114/200/5 106/184/5 105/183/5
f 299/202/5 296/190/5 295/189/5 298/201/5
f 306/171/5 299/202/5 298/201/5 305/170/5
f 115/204/1 116/203/1 108/191/1 107/192/1
f 116/203/1 117/205/1 109/193/1 108/191/1
f 117/205/1 530/206/1 519/194/1 109/193/1
f 428/208/24 825/207/24 824/195/22 528/196/23
f 717/210/5 120/209/5 112/197/5 712/198/5
f 120/209/5 121/211/5 113/199/5 112/197/5
f 121/211/5 122/212/5 114/200/5 113/199/5
f 346/216/5 345/215/5 210/214/5 218/213/5
f 294/220/5 328/219/5 325/218/5 289/217/5
f 123/222/1 124/221/1 116/203/1 115/204/1
f 124/221/1 125/223/1 117/205/1 116/203/1
f 125/223/1 426/224/1 530/206/1 117/205/1
f 415/226/25 826/225/25 825/207/24 428/208/24
f 713/228/5 128/227/5 120/209/5 717/210/5
f 128/227/5 129/229/5 121/211/5 120/209/5
f 129/229/5 130/230/5 122/212/5 121/211/5
f 326/232/5 309/231/5 289/217/5 325/218/5
f 302/234/5 301/233/5 82/141/5 90/154/5
f 131/236/1 132/235/1 124/221/1 123/222/1
f 132/235/1 133/237/1 125/223/1 124/221/1
f 133/237/1 417/238/1 426/224/1 125/223/1
f 447/240/26 827/239/26 826/225/25 415/226/25
f 719/242/5 136/241/5 128/227/5 713/228/5
f 136/241/5 137/243/5 129/229/5 128/227/5
f 137/243/5 138/169/5 130/230/5 129/229/5
f 311/245/5 310/244/5 291/186/5 290/187/5
f 307/247/5 306/171/5 146/168/5 154/246/5
f 139/249/1 140/248/1 132/235/1 131/236/1
f 140/248/1 141/250/1 133/237/1 132/235/1
f 141/250/1 446/251/1 417/238/1 133/237/1
f 437/253/28 828/252/27 827/239/26 447/240/26
f 718/255/5 144/254/5 136/241/5 719/242/5
f 144/254/5 145/256/5 137/243/5 136/241/5
f 145/256/5 146/168/5 138/169/5 137/243/5
f 302/234/5 303/257/5 295/189/5 292/185/5
f 332/259/5 331/174/5 321/172/5 317/258/5
f 147/47/1 148/260/1 140/248/1 139/249/1
f 148/260/1 149/261/1 141/250/1 140/248/1
f 149/261/1 435/262/1 446/251/1 141/250/1
f 462/264/29 829/263/29 828/252/27 437/253/28
f 729/266/5 152/265/5 144/254/5 718/255/5
f 152/265/5 153/267/5 145/256/5 144/254/5
f 153/267/5 154/246/5 146/168/5 145/256/5
f 309/231/5 311/245/5 290/187/5 289/217/5
f 302/234/5 292/185/5 291/186/5 301/233/5
f 155/1/1 156/268/1 148/260/1 147/47/1
f 156/268/1 157/269/1 149/261/1 148/260/1
f 157/269/1 464/270/1 435/262/1 149/261/1
f 454/274/31 830/273/30 829/272/29 462/271/29
f 742/276/5 160/275/5 152/265/5 729/266/5
f 160/275/5 161/277/5 153/267/5 152/265/5
f 161/277/5 162/278/5 154/246/5 153/267/5
f 326/232/5 333/280/5 313/279/5 309/231/5
f 302/234/5 90/154/5 98/167/5 303/257/5
f 163/2/1 164/281/1 156/268/1 155/1/1
f 164/281/1 165/282/1 157/269/1 156/268/1
f 165/282/1 456/283/1 464/270/1 157/269/1
f 466/285/32 831/284/32 830/273/30 454/274/31
f 736/287/5 168/286/5 160/275/5 742/276/5
f 168/286/5 169/288/5 161/277/5 160/275/5
f 169/288/5 170/289/5 162/278/5 161/277/5
f 328/219/5 294/220/5 297/291/5 327/290/5
f 554/295/34 844/294/34 843/293/33 551/292/33
f 171/87/1 172/296/1 164/281/1 163/2/1
f 172/296/1 173/297/1 165/282/1 164/281/1
f 173/297/1 478/298/1 456/283/1 165/282/1
f 490/300/36 832/299/35 831/284/32 466/285/32
f 759/302/5 176/301/5 168/286/5 736/287/5
f 176/301/5 177/303/5 169/288/5 168/286/5
f 177/303/5 178/304/5 170/289/5 169/288/5
f 273/308/5 274/307/5 266/306/5 265/305/5
f 275/312/1 276/311/1 268/310/1 267/309/1
f 179/127/1 180/313/1 172/296/1 171/87/1
f 180/313/1 181/314/1 173/297/1 172/296/1
f 181/314/1 492/315/1 478/298/1 173/297/1
f 483/317/38 833/316/37 832/299/35 490/300/36
f 751/319/5 184/318/5 176/301/5 759/302/5
f 184/318/5 185/320/5 177/303/5 176/301/5
f 185/320/5 186/321/5 178/304/5 177/303/5
f 281/323/5 282/322/5 274/307/5 273/308/5
f 283/325/1 284/324/1 276/311/1 275/312/1
f 187/327/1 188/326/1 180/313/1 179/127/1
f 188/326/1 189/328/1 181/314/1 180/313/1
f 189/328/1 480/329/1 492/315/1 181/314/1
f 509/331/39 834/330/39 833/316/37 483/317/38
f 799/333/5 192/332/5 184/318/5 751/319/5
f 192/332/5 193/334/5 185/320/5 184/318/5
f 193/334/5 194/335/5 186/321/5 185/320/5
f 2/336/5 1/173/5 282/322/5 281/323/5
f 3/5/1 4/6/1 284/324/1 283/325/1
f 195/338/1 196/337/1 188/326/1 187/327/1
f 196/337/1 197/339/1 189/328/1 188/326/1
f 197/339/1 508/340/1 480/329/1 189/328/1
f 495/342/40 835/341/40 834/330/39 509/331/39
f 762/344/5 200/343/5 192/332/5 799/333/5
f 200/343/5 201/345/5 193/334/5 192/332/5
f 201/345/5 202/346/5 194/335/5 193/334/5
f 9/21/5 10/23/5 1/173/5 2/336/5
f 795/350/5 272/349/5 264/348/5 810/347/5
f 203/352/1 204/351/1 196/337/1 195/338/1
f 204/351/1 205/353/1 197/339/1 196/337/1
f 205/353/1 502/354/1 508/340/1 197/339/1
f 520/356/41 836/355/41 835/341/40 495/342/40
f 803/358/5 208/357/5 200/343/5 762/344/5
f 208/357/5 209/359/5 201/345/5 200/343/5
f 209/359/5 210/214/5 202/346/5 201/345/5
f 272/349/5 273/308/5 265/305/5 264/348/5
f 276/311/1 277/361/1 269/360/1 268/310/1
f 211/129/1 212/362/1 204/351/1 203/352/1
f 212/362/1 213/363/1 205/353/1 204/351/1
f 213/363/1 522/364/1 502/354/1 205/353/1
f 513/366/43 837/365/42 836/355/41 520/356/41
f 802/368/5 216/367/5 208/357/5 803/358/5
f 216/367/5 217/369/5 209/359/5 208/357/5
f 217/369/5 218/213/5 210/214/5 209/359/5
f 277/361/1 556/371/1 471/370/1 269/360/1
f 440/373/44 845/372/44 844/294/34 554/295/34
f 219/130/1 220/374/1 212/362/1 211/129/1
f 220/374/1 221/375/1 213/363/1 212/362/1
f 221/375/1 517/376/1 522/364/1 213/363/1
f 531/378/45 838/377/45 837/365/42 513/366/43
f 805/380/5 224/379/5 216/367/5 802/368/5
f 224/379/5 225/381/5 217/369/5 216/367/5
f 225/381/5 226/26/5 218/213/5 217/369/5
f 630/383/5 280/382/5 272/349/5 795/350/5
f 280/382/5 281/323/5 273/308/5 272/349/5
f 227/385/1 228/384/1 220/374/1 219/130/1
f 228/384/1 229/386/1 221/375/1 220/374/1
f 229/386/1 533/387/1 517/376/1 221/375/1
f 535/389/47 839/388/46 838/377/45 531/378/45
f 806/391/5 232/390/5 224/379/5 805/380/5
f 232/390/5 233/392/5 225/381/5 224/379/5
f 233/392/5 234/25/5 226/26/5 225/381/5
f 284/324/1 285/393/1 277/361/1 276/311/1
f 285/393/1 558/394/1 556/371/1 277/361/1
f 235/396/1 236/395/1 228/384/1 227/385/1
f 236/395/1 237/397/1 229/386/1 228/384/1
f 237/397/1 537/398/1 533/387/1 229/386/1
f 539/400/48 840/399/48 839/388/46 535/389/47
f 807/402/5 240/401/5 232/390/5 806/391/5
f 240/401/5 241/403/5 233/392/5 232/390/5
f 241/403/5 242/404/5 234/25/5 233/392/5
f 421/406/50 846/405/49 845/372/44 440/373/44
f 610/408/5 288/407/5 280/382/5 630/383/5
f 243/410/1 244/409/1 236/395/1 235/396/1
f 244/409/1 245/411/1 237/397/1 236/395/1
f 245/411/1 541/412/1 537/398/1 237/397/1
f 543/414/52 841/413/51 840/399/48 539/400/48
f 808/416/5 248/415/5 240/401/5 807/402/5
f 248/415/5 249/417/5 241/403/5 240/401/5
f 249/417/5 250/418/5 242/404/5 241/403/5
f 288/407/5 2/336/5 281/323/5 280/382/5
f 4/6/1 5/9/1 285/393/1 284/324/1
f 251/420/1 252/419/1 244/409/1 243/410/1
f 252/419/1 253/421/1 245/411/1 244/409/1
f 253/421/1 545/422/1 541/412/1 245/411/1
f 547/424/54 842/423/53 841/413/51 543/414/52
f 809/426/5 256/425/5 248/415/5 808/416/5
f 256/425/5 257/427/5 249/417/5 248/415/5
f 257/427/5 258/428/5 250/418/5 249/417/5
f 5/9/1 425/11/1 558/394/1 285/393/1
f 419/430/2 811/429/2 846/405/49 421/406/50
f 259/432/1 260/431/1 252/419/1 251/420/1
f 260/431/1 261/433/1 253/421/1 252/419/1
f 261/433/1 549/434/1 545/422/1 253/421/1
f 551/292/33 843/293/33 842/423/53 547/424/54
f 810/347/5 264/348/5 256/425/5 809/426/5
f 264/348/5 265/305/5 257/427/5 256/425/5
f 265/305/5 266/306/5 258/428/5 257/427/5
f 599/17/5 8/18/5 288/407/5 610/408/5
f 8/18/5 9/21/5 2/336/5 288/407/5
f 267/309/1 268/310/1 260/431/1 259/432/1
f 268/310/1 269/360/1 261/433/1 260/431/1
f 269/360/1 471/370/1 549/434/1 261/433/1
f 311/245/5 315/436/5 314/435/5 310/244/5
f 310/244/5 312/437/5 301/233/5 291/186/5
f 345/215/5 347/438/5 202/346/5 210/214/5
f 294/220/5 289/217/5 290/187/5 293/188/5
f 303/257/5 304/439/5 298/201/5 295/189/5
f 347/438/5 348/440/5 194/335/5 202/346/5
f 300/441/5 297/291/5 296/190/5 299/202/5
f 297/291/5 294/220/5 293/188/5 296/190/5
f 309/231/5 313/279/5 315/436/5 311/245/5
f 304/439/5 308/442/5 305/170/5 298/201/5
f 312/437/5 74/126/5 82/141/5 301/233/5
f 303/257/5 98/167/5 106/184/5 304/439/5
f 308/442/5 304/439/5 106/184/5 114/200/5
f 330/444/5 300/441/5 307/247/5 329/443/5
f 329/443/5 307/247/5 154/246/5 162/278/5
f 307/247/5 300/441/5 299/202/5 306/171/5
f 308/442/5 130/230/5 138/169/5 305/170/5
f 114/200/5 122/212/5 130/230/5 308/442/5
f 312/437/5 316/445/5 66/112/5 74/126/5
f 333/280/5 332/259/5 317/258/5 313/279/5
f 315/436/5 319/447/5 318/446/5 314/435/5
f 310/244/5 314/435/5 316/445/5 312/437/5
f 313/279/5 317/258/5 319/447/5 315/436/5
f 319/447/5 323/449/5 322/448/5 318/446/5
f 316/445/5 320/450/5 58/98/5 66/112/5
f 314/435/5 318/446/5 320/450/5 316/445/5
f 317/258/5 321/172/5 323/449/5 319/447/5
f 320/450/5 324/451/5 50/86/5 58/98/5
f 331/174/5 340/452/5 282/322/5 1/173/5
f 318/446/5 322/448/5 324/451/5 320/450/5
f 323/449/5 18/24/5 26/42/5 322/448/5
f 321/172/5 10/23/5 18/24/5 323/449/5
f 324/451/5 34/58/5 42/74/5 50/86/5
f 322/448/5 26/42/5 34/58/5 324/451/5
f 335/454/5 326/232/5 325/218/5 334/453/5
f 328/219/5 337/455/5 334/453/5 325/218/5
f 162/278/5 170/289/5 339/456/5 329/443/5
f 337/455/5 328/219/5 327/290/5 336/457/5
f 332/259/5 341/458/5 340/452/5 331/174/5
f 326/232/5 335/454/5 342/459/5 333/280/5
f 327/290/5 297/291/5 300/441/5 330/444/5
f 333/280/5 342/459/5 341/458/5 332/259/5
f 336/457/5 327/290/5 330/444/5 338/460/5
f 338/460/5 330/444/5 329/443/5 339/456/5
f 340/452/5 349/461/5 274/307/5 282/322/5
f 344/28/5 335/454/5 334/453/5 343/27/5
f 337/455/5 346/216/5 343/27/5 334/453/5
f 346/216/5 337/455/5 336/457/5 345/215/5
f 170/289/5 178/304/5 348/440/5 339/456/5
f 341/458/5 350/462/5 349/461/5 340/452/5
f 335/454/5 344/28/5 351/463/5 342/459/5
f 342/459/5 351/463/5 350/462/5 341/458/5
f 345/215/5 336/457/5 338/460/5 347/438/5
f 347/438/5 338/460/5 339/456/5 348/440/5
f 349/461/5 258/428/5 266/306/5 274/307/5
f 346/216/5 218/213/5 226/26/5 343/27/5
f 178/304/5 186/321/5 194/335/5 348/440/5
f 350/462/5 250/418/5 258/428/5 349/461/5
f 344/28/5 234/25/5 242/404/5 351/463/5
f 351/463/5 242/404/5 250/418/5 350/462/5
f 388/99/1 394/145/1 355/143/1 354/30/1
f 389/100/1 404/465/1 401/464/1 388/99/1
f 393/144/1 227/385/1 219/130/1 356/131/1
f 391/469/1 374/468/1 378/467/1 390/466/1
f 211/129/1 203/352/1 366/470/1 360/132/1
f 359/63/1 352/155/1 353/31/1 358/32/1
f 357/29/1 354/30/1 355/143/1 361/471/1
f 361/471/1 355/143/1 356/131/1 360/132/1
f 384/45/1 386/472/1 99/176/1 91/44/1
f 364/62/1 359/63/1 358/32/1 363/60/1
f 362/59/1 357/29/1 361/471/1 365/473/1
f 406/113/1 412/158/1 27/50/1 19/34/1
f 203/352/1 195/338/1 371/128/1 366/470/1
f 365/473/1 361/471/1 360/132/1 366/470/1
f 375/474/1 369/48/1 147/47/1 139/249/1
f 367/3/1 362/59/1 365/473/1 370/88/1
f 370/88/1 365/473/1 366/470/1 371/128/1
f 195/338/1 187/327/1 179/127/1 371/128/1
f 385/46/1 381/102/1 380/101/1 384/45/1
f 139/249/1 131/236/1 379/475/1 375/474/1
f 372/61/1 364/62/1 369/48/1 375/474/1
f 374/468/1 352/155/1 359/63/1 373/64/1
f 376/75/1 372/61/1 375/474/1 379/475/1
f 378/467/1 374/468/1 373/64/1 377/76/1
f 131/236/1 123/222/1 383/476/1 379/475/1
f 384/45/1 380/101/1 383/476/1 386/472/1
f 380/101/1 376/75/1 379/475/1 383/476/1
f 382/477/1 378/467/1 377/76/1 381/102/1
f 123/222/1 115/204/1 386/472/1 383/476/1
f 387/116/1 382/477/1 381/102/1 385/46/1
f 395/478/1 387/116/1 75/115/1 67/118/1
f 392/156/1 352/155/1 374/468/1 391/469/1
f 394/145/1 400/480/1 405/479/1 393/144/1
f 115/204/1 107/192/1 99/176/1 386/472/1
f 392/156/1 399/481/1 404/465/1 389/100/1
f 396/482/1 382/477/1 387/116/1 395/478/1
f 388/99/1 401/464/1 400/480/1 394/145/1
f 398/484/1 391/469/1 390/466/1 397/483/1
f 393/144/1 405/479/1 235/396/1 227/385/1
f 390/466/1 378/467/1 382/477/1 396/482/1
f 399/481/1 392/156/1 391/469/1 398/484/1
f 67/118/1 59/104/1 402/485/1 395/478/1
f 401/464/1 413/487/1 409/486/1 400/480/1
f 403/488/1 396/482/1 395/478/1 402/485/1
f 404/465/1 414/489/1 413/487/1 401/464/1
f 397/483/1 390/466/1 396/482/1 403/488/1
f 400/480/1 409/486/1 408/490/1 405/479/1
f 399/481/1 410/142/1 414/489/1 404/465/1
f 407/114/1 398/484/1 397/483/1 406/113/1
f 405/479/1 408/490/1 243/410/1 235/396/1
f 59/104/1 51/90/1 411/157/1 402/485/1
f 409/486/1 267/309/1 259/432/1 408/490/1
f 410/142/1 399/481/1 398/484/1 407/114/1
f 412/158/1 403/488/1 402/485/1 411/157/1
f 406/113/1 397/483/1 403/488/1 412/158/1
f 413/487/1 275/312/1 267/309/1 409/486/1
f 414/489/1 283/325/1 275/312/1 413/487/1
f 410/142/1 3/5/1 283/325/1 414/489/1
f 408/490/1 259/432/1 251/420/1 243/410/1
f 51/90/1 43/78/1 35/66/1 411/157/1
f 425/11/1 418/12/1 715/492/1 597/491/1
f 432/16/4 419/13/2 716/494/2 740/493/4
f 422/498/2 420/497/4 15/496/4 7/495/2
f 714/502/5 595/501/5 7/500/5 15/499/5
f 418/12/1 430/36/1 741/503/1 715/492/1
f 444/38/6 432/16/4 740/493/4 744/504/6
f 420/497/4 433/506/6 23/505/6 15/496/4
f 743/508/5 714/502/5 15/499/5 23/507/5
f 430/36/1 436/52/1 745/509/1 741/503/1
f 450/54/8 444/38/6 744/504/6 733/510/8
f 433/506/6 445/512/8 31/511/8 23/505/6
f 746/514/5 743/508/5 23/507/5 31/513/5
f 436/52/1 452/68/1 734/515/1 745/509/1
f 458/70/10 450/54/8 733/510/8 737/516/10
f 445/512/8 451/518/10 39/517/10 31/511/8
f 735/520/5 746/514/5 31/513/5 39/519/5
f 452/68/1 457/80/1 738/521/1 734/515/1
f 468/82/11 458/70/10 737/516/10 727/522/11
f 451/518/10 459/524/11 47/523/11 39/517/10
f 739/526/5 735/520/5 39/519/5 47/525/5
f 457/80/1 472/92/1 726/527/1 738/521/1
f 474/94/12 468/82/11 727/522/11 731/528/12
f 459/524/11 469/530/12 55/529/12 47/523/11
f 728/532/5 739/526/5 47/525/5 55/531/5
f 472/92/1 477/106/1 730/533/1 726/527/1
f 485/108/13 474/94/12 731/528/12 721/534/13
f 469/530/12 475/536/13 63/535/13 55/529/12
f 732/538/5 728/532/5 55/531/5 63/537/5
f 477/106/1 482/120/1 720/539/1 730/533/1
f 487/122/15 485/108/13 721/534/13 724/540/15
f 475/536/13 486/542/15 71/541/15 63/535/13
f 722/544/5 732/538/5 63/537/5 71/543/5
f 482/120/1 494/135/1 723/545/1 720/539/1
f 497/137/16 487/122/15 724/540/15 772/546/16
f 486/542/15 488/548/16 79/547/16 71/541/15
f 725/550/5 722/544/5 71/543/5 79/549/5
f 494/135/1 500/148/1 773/551/1 723/545/1
f 506/150/18 497/137/16 772/546/16 769/552/18
f 488/548/16 498/554/18 87/553/18 79/547/16
f 771/556/5 725/550/5 79/549/5 87/555/5
f 500/148/1 504/161/1 770/557/1 773/551/1
f 515/163/19 506/150/18 769/552/18 766/558/19
f 498/554/18 507/560/19 95/559/19 87/553/18
f 768/562/5 771/556/5 87/555/5 95/561/5
f 504/161/1 512/178/1 767/563/1 770/557/1
f 525/180/21 515/163/19 766/558/19 763/564/21
f 507/560/19 516/566/21 103/565/21 95/559/19
f 765/568/5 768/562/5 95/561/5 103/567/5
f 512/178/1 519/194/1 764/569/1 767/563/1
f 528/196/23 525/180/21 763/564/21 760/570/23
f 516/566/21 526/572/23 111/571/23 103/565/21
f 761/574/5 765/568/5 103/567/5 111/573/5
f 519/194/1 530/206/1 758/575/1 764/569/1
f 428/208/24 528/196/23 760/570/23 756/576/24
f 526/572/23 529/578/24 119/577/24 111/571/23
f 757/580/5 761/574/5 111/573/5 119/579/5
f 530/206/1 426/224/1 755/581/1 758/575/1
f 415/226/25 428/208/24 756/576/24 753/582/25
f 529/578/24 429/584/25 127/583/25 119/577/24
f 754/586/5 757/580/5 119/579/5 127/585/5
f 426/224/1 417/238/1 752/587/1 755/581/1
f 447/240/26 415/226/25 753/582/25 749/588/26
f 429/584/25 416/590/26 135/589/26 127/583/25
f 750/592/5 754/586/5 127/585/5 135/591/5
f 417/238/1 446/251/1 748/593/1 752/587/1
f 437/253/28 447/240/26 749/588/26 796/594/28
f 416/590/26 448/596/28 143/595/28 135/589/26
f 747/598/5 750/592/5 135/591/5 143/597/5
f 446/251/1 435/262/1 797/599/1 748/593/1
f 462/264/29 437/253/28 796/594/28 792/600/29
f 448/596/28 438/602/29 151/601/29 143/595/28
f 798/604/5 747/598/5 143/597/5 151/603/5
f 435/262/1 464/270/1 793/605/1 797/599/1
f 454/274/31 462/271/29 792/607/29 789/606/31
f 438/611/29 463/610/31 159/609/31 151/608/29
f 794/613/5 798/604/5 151/603/5 159/612/5
f 464/270/1 456/283/1 790/614/1 793/605/1
f 466/285/32 454/274/31 789/606/31 784/615/32
f 463/610/31 455/617/32 167/616/32 159/609/31
f 791/619/5 794/613/5 159/612/5 167/618/5
f 548/623/33 552/622/34 271/621/34 263/620/33
f 786/627/5 611/626/5 263/625/5 271/624/5
f 549/434/1 471/370/1 788/629/1 612/628/1
f 554/295/34 551/292/33 787/631/33 661/630/34
f 456/283/1 478/298/1 783/632/1 790/614/1
f 490/300/36 466/285/32 784/615/32 781/633/36
f 455/617/32 467/635/36 175/634/36 167/616/32
f 785/637/5 791/619/5 167/618/5 175/636/5
f 478/298/1 492/315/1 780/638/1 783/632/1
f 483/317/38 490/300/36 781/633/36 778/639/38
f 467/635/36 491/641/38 183/640/38 175/634/36
f 782/643/5 785/637/5 175/636/5 183/642/5
f 492/315/1 480/329/1 777/644/1 780/638/1
f 509/331/39 483/317/38 778/639/38 775/645/39
f 491/641/38 484/647/39 191/646/39 183/640/38
f 779/649/5 782/643/5 183/642/5 191/648/5
f 480/329/1 508/340/1 774/650/1 777/644/1
f 495/342/40 509/331/39 775/645/39 654/651/40
f 484/647/39 510/653/40 199/652/40 191/646/39
f 776/655/5 779/649/5 191/648/5 199/654/5
f 508/340/1 502/354/1 653/656/1 774/650/1
f 520/356/41 495/342/40 654/651/40 650/657/41
f 510/653/40 496/659/41 207/658/41 199/652/40
f 655/661/5 776/655/5 199/654/5 207/660/5
f 502/354/1 522/364/1 649/662/1 653/656/1
f 513/366/43 520/356/41 650/657/41 657/663/43
f 496/659/41 521/665/43 215/664/43 207/658/41
f 652/667/5 655/661/5 207/660/5 215/666/5
f 471/370/1 556/371/1 660/668/1 788/629/1
f 440/373/44 554/295/34 661/630/34 663/669/44
f 552/622/34 555/671/44 279/670/44 271/621/34
f 662/673/5 786/627/5 271/624/5 279/672/5
f 522/364/1 517/376/1 656/674/1 649/662/1
f 531/378/45 513/366/43 657/663/43 668/675/45
f 521/665/43 514/677/45 223/676/45 215/664/43
f 658/679/5 652/667/5 215/666/5 223/678/5
f 517/376/1 533/387/1 669/680/1 656/674/1
f 535/389/47 531/378/45 668/675/45 666/681/47
f 514/677/45 532/683/47 231/682/47 223/676/45
f 670/685/5 658/679/5 223/678/5 231/684/5
f 556/371/1 558/394/1 664/686/1 660/668/1
f 421/406/50 440/373/44 663/669/44 596/687/50
f 533/387/1 537/398/1 667/688/1 669/680/1
f 539/400/48 535/389/47 666/681/47 671/689/48
f 532/683/47 536/691/48 239/690/48 231/682/47
f 675/693/5 670/685/5 231/684/5 239/692/5
f 555/671/44 441/695/50 287/694/50 279/670/44
f 676/697/5 662/673/5 279/672/5 287/696/5
f 537/398/1 541/412/1 673/698/1 667/688/1
f 543/414/52 539/400/48 671/689/48 601/699/52
f 536/691/48 540/701/52 247/700/52 239/690/48
f 674/703/5 675/693/5 239/692/5 247/702/5
f 541/412/1 545/422/1 600/704/1 673/698/1
f 547/424/54 543/414/52 601/699/52 614/705/54
f 540/701/52 544/707/54 255/706/54 247/700/52
f 598/709/5 674/703/5 247/702/5 255/708/5
f 419/430/2 421/406/50 596/687/50 716/710/2
f 558/394/1 425/11/1 597/491/1 664/686/1
f 595/501/5 676/697/5 287/696/5 7/500/5
f 441/695/50 422/712/2 7/711/2 287/694/50
f 545/422/1 549/434/1 612/628/1 600/704/1
f 551/292/33 547/424/54 614/705/54 787/631/33
f 544/707/54 548/623/33 263/620/33 255/706/54
f 611/626/5 598/709/5 255/708/5 263/625/5
f 608/716/56 607/715/56 711/714/55 606/713/55
f 602/718/57 609/717/57 607/715/56 608/716/56
f 604/720/58 603/719/58 609/717/57 602/718/57
f 631/722/59 605/721/59 603/719/58 604/720/58
f 627/724/60 632/723/60 605/721/59 631/722/59
f 625/726/61 628/725/61 632/723/60 627/724/60
f 623/728/62 626/727/62 628/725/61 625/726/61
f 621/730/63 624/729/63 626/727/62 623/728/62
f 619/732/64 622/731/64 624/729/63 621/730/63
f 617/734/65 620/733/65 622/731/64 619/732/64
f 615/736/66 618/735/66 620/733/65 617/734/65
f 647/738/67 616/737/67 618/735/66 615/736/66
f 645/740/68 648/739/68 616/737/67 647/738/67
f 643/742/69 646/741/69 648/739/68 645/740/68
f 641/744/70 644/743/70 646/741/69 643/742/69
f 639/746/71 642/745/71 644/743/70 641/744/70
f 637/748/72 640/747/72 642/745/71 639/746/71
f 635/750/73 638/749/73 640/747/72 637/748/72
f 633/752/74 636/751/74 638/749/73 635/750/73
f 679/754/75 634/753/75 636/751/74 633/752/74
f 681/756/76 680/755/76 634/753/75 679/754/75
f 683/758/77 682/757/77 680/755/76 681/756/76
f 685/760/78 684/759/78 682/757/77 683/758/77
f 689/762/79 686/761/79 684/759/78 685/760/78
f 695/766/81 688/765/81 709/764/80 687/763/80
f 691/768/82 690/767/82 686/761/79 689/762/79
f 693/770/83 692/769/83 690/767/82 691/768/82
f 697/772/84 694/771/84 692/769/83 693/770/83
f 701/774/85 696/773/85 688/765/81 695/766/81
f 699/776/86 698/775/86 694/771/84 697/772/84
f 703/778/87 700/777/87 698/775/86 699/776/86
f 710/780/88 702/779/88 696/773/85 701/774/85
f 705/782/89 704/781/89 700/777/87 703/778/87
f 708/784/90 706/783/90 704/781/89 705/782/89
f 687/763/80 709/764/80 706/783/90 708/784/90
f 606/713/55 711/714/55 702/779/88 710/780/88
f 711/714/91 607/715/92 563/786/92 560/785/91
f 613/20/5 599/17/5 560/785/5 563/786/5
f 607/715/92 609/717/93 565/787/93 563/786/92
f 629/40/5 613/20/5 563/786/5 565/787/5
f 609/717/93 603/719/94 568/788/94 565/787/93
f 651/56/5 629/40/5 565/787/5 568/788/5
f 603/719/94 605/721/95 569/789/95 568/788/94
f 659/72/5 651/56/5 568/788/5 569/789/5
f 605/721/95 632/723/96 571/790/96 569/789/95
f 665/84/5 659/72/5 569/789/5 571/790/5
f 632/723/96 628/725/97 573/791/97 571/790/96
f 672/96/5 665/84/5 571/790/5 573/791/5
f 628/725/97 626/727/98 575/792/98 573/791/97
f 677/110/5 672/96/5 573/791/5 575/792/5
f 626/727/98 624/729/99 577/793/99 575/792/98
f 678/124/5 677/110/5 575/792/5 577/793/5
f 624/729/99 622/731/100 580/794/100 577/793/99
f 800/139/5 678/124/5 577/793/5 580/794/5
f 622/731/100 620/733/101 582/795/101 580/794/100
f 801/152/5 800/139/5 580/794/5 582/795/5
f 620/733/101 618/735/102 585/796/102 582/795/101
f 707/165/5 801/152/5 582/795/5 585/796/5
f 618/735/102 616/737/103 586/797/103 585/796/102
f 804/182/5 707/165/5 585/796/5 586/797/5
f 616/737/103 648/739/104 587/798/104 586/797/103
f 712/198/5 804/182/5 586/797/5 587/798/5
f 717/210/5 712/198/5 587/798/5 561/799/5
f 648/739/104 646/741/105 561/799/105 587/798/104
f 713/228/5 717/210/5 561/799/5 559/800/5
f 646/741/105 644/743/106 559/800/106 561/799/105
f 644/743/106 642/745/107 567/801/107 559/800/106
f 719/242/5 713/228/5 559/800/5 567/801/5
f 718/255/5 719/242/5 567/801/5 564/802/5
f 642/745/107 640/747/108 564/802/108 567/801/107
f 640/747/108 638/749/109 570/803/109 564/802/108
f 729/266/5 718/255/5 564/802/5 570/803/5
f 638/749/109 636/751/110 574/804/110 570/803/109
f 742/276/5 729/266/5 570/803/5 574/804/5
f 736/287/5 742/276/5 574/804/5 572/805/5
f 636/751/110 634/753/111 572/805/111 574/804/110
f 634/753/111 680/755/112 578/806/112 572/805/111
f 759/302/5 736/287/5 572/805/5 578/806/5
f 751/319/5 759/302/5 578/806/5 576/807/5
f 680/755/112 682/757/113 576/807/113 578/806/112
f 682/757/113 684/759/114 581/808/114 576/807/113
f 799/333/5 751/319/5 576/807/5 581/808/5
f 762/344/5 799/333/5 581/808/5 579/809/5
f 684/759/114 686/761/115 579/809/115 581/808/114
f 709/764/116 688/765/117 594/811/117 593/810/116
f 795/350/5 810/347/5 593/810/5 594/811/5
f 686/761/115 690/767/118 584/812/118 579/809/115
f 803/358/5 762/344/5 579/809/5 584/812/5
f 802/368/5 803/358/5 584/812/5 583/813/5
f 690/767/118 692/769/119 583/813/119 584/812/118
f 692/769/119 694/771/120 588/814/120 583/813/119
f 805/380/5 802/368/5 583/813/5 588/814/5
f 630/383/5 795/350/5 594/811/5 566/815/5
f 688/765/117 696/773/121 566/815/121 594/811/117
f 694/771/120 698/775/122 589/816/122 588/814/120
f 806/391/5 805/380/5 588/814/5 589/816/5
f 698/775/122 700/777/123 590/817/123 589/816/122
f 807/402/5 806/391/5 589/816/5 590/817/5
f 610/408/5 630/383/5 566/815/5 562/818/5
f 696/773/121 702/779/124 562/818/124 566/815/121
f 700/777/123 704/781/125 591/819/125 590/817/123
f 808/416/5 807/402/5 590/817/5 591/819/5
f 704/781/125 706/783/126 592/820/126 591/819/125
f 809/426/5 808/416/5 591/819/5 592/820/5
f 706/783/126 709/764/116 593/810/116 592/820/126
f 810/347/5 809/426/5 592/820/5 593/810/5
f 599/17/5 610/408/5 562/818/5 560/785/5
f 702/779/124 711/714/91 560/785/91 562/818/124
f 597/491/1 715/492/1 14/822/1 6/821/1
f 740/493/4 716/494/2 6/824/2 14/823/4
f 595/501/5 714/502/5 434/826/5 424/825/5
f 608/716/127 606/713/128 424/825/128 434/826/127
f 715/492/1 741/503/1 22/827/1 14/822/1
f 744/504/6 740/493/4 14/823/4 22/828/6
f 714/502/5 743/508/5 442/829/5 434/826/5
f 602/718/129 608/716/127 434/826/127 442/829/129
f 741/503/1 745/509/1 30/830/1 22/827/1
f 733/510/7 744/504/6 22/828/6 30/831/7
f 743/508/5 746/514/5 453/832/5 442/829/5
f 604/720/130 602/718/129 442/829/129 453/832/130
f 745/509/1 734/515/1 38/833/1 30/830/1
f 737/516/10 733/510/7 30/831/7 38/834/10
f 746/514/5 735/520/5 460/835/5 453/832/5
f 631/722/131 604/720/130 453/832/130 460/835/131
f 734/515/1 738/521/1 46/836/1 38/833/1
f 727/522/11 737/516/10 38/834/10 46/837/11
f 735/520/5 739/526/5 465/838/5 460/835/5
f 627/724/132 631/722/131 460/835/131 465/838/132
f 738/521/1 726/527/1 54/839/1 46/836/1
f 731/528/133 727/522/11 46/837/11 54/840/133
f 739/526/5 728/532/5 473/841/5 465/838/5
f 625/726/134 627/724/132 465/838/132 473/841/134
f 726/527/1 730/533/1 62/842/1 54/839/1
f 721/534/13 731/528/133 54/840/133 62/843/13
f 728/532/5 732/538/5 479/844/5 473/841/5
f 623/728/135 625/726/134 473/841/134 479/844/135
f 730/533/1 720/539/1 70/845/1 62/842/1
f 724/540/15 721/534/13 62/843/13 70/846/15
f 732/538/5 722/544/5 489/847/5 479/844/5
f 621/730/136 623/728/135 479/844/135 489/847/136
f 720/539/1 723/545/1 78/848/1 70/845/1
f 772/546/16 724/540/15 70/846/15 78/849/16
f 722/544/5 725/550/5 501/850/5 489/847/5
f 619/732/137 621/730/136 489/847/136 501/850/137
f 723/545/1 773/551/1 86/851/1 78/848/1
f 769/552/18 772/546/16 78/849/16 86/852/18
f 725/550/5 771/556/5 505/853/5 501/850/5
f 617/734/138 619/732/137 501/850/137 505/853/138
f 773/551/1 770/557/1 94/854/1 86/851/1
f 766/558/19 769/552/18 86/852/18 94/855/19
f 771/556/5 768/562/5 523/856/5 505/853/5
f 615/736/139 617/734/138 505/853/138 523/856/139
f 770/557/1 767/563/1 102/857/1 94/854/1
f 763/564/20 766/558/19 94/855/19 102/858/20
f 768/562/5 765/568/5 524/859/5 523/856/5
f 647/738/140 615/736/139 523/856/139 524/859/140
f 767/563/1 764/569/1 110/860/1 102/857/1
f 760/570/23 763/564/20 102/858/20 110/861/23
f 765/568/5 761/574/5 527/862/5 524/859/5
f 645/740/141 647/738/140 524/859/140 527/862/141
f 764/569/1 758/575/1 118/863/1 110/860/1
f 756/576/24 760/570/23 110/861/23 118/864/24
f 643/742/142 645/740/141 527/862/141 427/865/142
f 761/574/5 757/580/5 427/865/5 527/862/5
f 758/575/1 755/581/1 126/866/1 118/863/1
f 753/582/143 756/576/24 118/864/24 126/867/143
f 641/744/144 643/742/142 427/865/142 423/868/144
f 757/580/5 754/586/5 423/868/5 427/865/5
f 755/581/1 752/587/1 134/869/1 126/866/1
f 749/588/26 753/582/143 126/867/143 134/870/26
f 754/586/5 750/592/5 449/871/5 423/868/5
f 639/746/145 641/744/144 423/868/144 449/871/145
f 752/587/1 748/593/1 142/872/1 134/869/1
f 796/594/28 749/588/26 134/870/26 142/873/28
f 637/748/146 639/746/145 449/871/145 439/874/146
f 750/592/5 747/598/5 439/874/5 449/871/5
f 748/593/1 797/599/1 150/875/1 142/872/1
f 792/600/29 796/594/28 142/873/28 150/876/29
f 747/598/5 798/604/5 461/877/5 439/874/5
f 635/750/147 637/748/146 439/874/146 461/877/147
f 797/599/1 793/605/1 158/878/1 150/875/1
f 789/606/31 792/607/29 150/880/29 158/879/31
f 798/604/5 794/613/5 476/881/5 461/877/5
f 633/752/148 635/750/147 461/877/147 476/881/148
f 793/605/1 790/614/1 166/882/1 158/878/1
f 784/615/32 789/606/31 158/879/31 166/883/32
f 679/754/149 633/752/148 476/881/148 470/884/149
f 794/613/5 791/619/5 470/884/5 476/881/5
f 611/626/5 786/627/5 557/886/5 553/885/5
f 695/766/150 687/763/151 553/885/151 557/886/150
f 612/628/1 788/629/1 270/888/1 262/887/1
f 661/630/152 787/631/33 262/890/33 270/889/152
f 790/614/1 783/632/1 174/891/1 166/882/1
f 781/633/35 784/615/32 166/883/32 174/892/35
f 791/619/5 785/637/5 493/893/5 470/884/5
f 681/756/153 679/754/149 470/884/149 493/893/153
f 783/632/1 780/638/1 182/894/1 174/891/1
f 778/639/38 781/633/35 174/892/35 182/895/38
f 683/758/154 681/756/153 493/893/153 481/896/154
f 785/637/5 782/643/5 481/896/5 493/893/5
f 780/638/1 777/644/1 190/897/1 182/894/1
f 775/645/39 778/639/38 182/895/38 190/898/39
f 782/643/5 779/649/5 503/899/5 481/896/5
f 685/760/155 683/758/154 481/896/154 503/899/155
f 777/644/1 774/650/1 198/900/1 190/897/1
f 654/651/156 775/645/39 190/898/39 198/901/156
f 689/762/157 685/760/155 503/899/155 499/902/157
f 779/649/5 776/655/5 499/902/5 503/899/5
f 774/650/1 653/656/1 206/903/1 198/900/1
f 650/657/41 654/651/156 198/901/156 206/904/41
f 776/655/5 655/661/5 518/905/5 499/902/5
f 691/768/158 689/762/157 499/902/157 518/905/158
f 653/656/1 649/662/1 214/906/1 206/903/1
f 657/663/43 650/657/41 206/904/41 214/907/43
f 693/770/159 691/768/158 518/905/158 511/908/159
f 655/661/5 652/667/5 511/908/5 518/905/5
f 788/629/1 660/668/1 278/909/1 270/888/1
f 663/669/44 661/630/152 270/889/152 278/910/44
f 701/774/160 695/766/150 557/886/150 443/911/160
f 786/627/5 662/673/5 443/911/5 557/886/5
f 649/662/1 656/674/1 222/912/1 214/906/1
f 668/675/45 657/663/43 214/907/43 222/913/45
f 652/667/5 658/679/5 534/914/5 511/908/5
f 697/772/161 693/770/159 511/908/159 534/914/161
f 656/674/1 669/680/1 230/915/1 222/912/1
f 666/681/47 668/675/45 222/913/45 230/916/47
f 658/679/5 670/685/5 538/917/5 534/914/5
f 699/776/162 697/772/161 534/914/161 538/917/162
f 660/668/1 664/686/1 286/918/1 278/909/1
f 596/687/50 663/669/44 278/910/44 286/919/50
f 669/680/1 667/688/1 238/920/1 230/915/1
f 671/689/48 666/681/47 230/916/47 238/921/48
f 670/685/5 675/693/5 542/922/5 538/917/5
f 703/778/163 699/776/162 538/917/162 542/922/163
f 710/780/164 701/774/160 443/911/160 431/923/164
f 662/673/5 676/697/5 431/923/5 443/911/5
f 667/688/1 673/698/1 246/924/1 238/920/1
f 601/699/51 671/689/48 238/921/48 246/925/51
f 675/693/5 674/703/5 546/926/5 542/922/5
f 705/782/165 703/778/163 542/922/163 546/926/165
f 673/698/1 600/704/1 254/927/1 246/924/1
f 614/705/54 601/699/51 246/925/51 254/928/54
f 674/703/5 598/709/5 550/929/5 546/926/5
f 708/784/166 705/782/165 546/926/165 550/929/166
f 716/710/2 596/687/50 286/919/50 6/930/2
f 664/686/1 597/491/1 6/821/1 286/918/1
f 606/713/128 710/780/164 431/923/164 424/825/128
f 676/697/5 595/501/5 424/825/5 431/923/5
f 600/704/1 612/628/1 262/887/1 254/927/1
f 787/631/33 614/705/54 254/928/54 262/890/33
f 598/709/5 611/626/5 553/885/5 550/929/5
f 687/763/151 708/784/166 550/929/166 553/885/151
f 812/15/3 420/497/168 422/498/167 811/14/2
f 813/37/6 433/506/6 420/497/168 812/15/3
f 814/53/7 445/512/7 433/506/6 813/37/6
f 815/69/9 451/518/10 445/512/7 814/53/7
f 816/81/11 459/524/11 451/518/10 815/69/9
f 817/93/12 469/530/133 459/524/11 816/81/11
f 818/107/13 475/536/13 469/530/133 817/93/12
f 819/121/14 486/542/14 475/536/13 818/107/13
f 820/136/16 488/548/169 486/542/14 819/121/14
f 821/149/17 498/554/170 488/548/169 820/136/16
f 822/162/19 507/560/19 498/554/170 821/149/17
f 823/179/20 516/566/20 507/560/19 822/162/19
f 824/195/22 526/572/23 516/566/20 823/179/20
f 825/207/24 529/578/24 526/572/23 824/195/22
f 826/225/25 429/584/143 529/578/24 825/207/24
f 827/239/26 416/590/26 429/584/143 826/225/25
f 828/252/27 448/596/27 416/590/26 827/239/26
f 829/263/29 438/602/171 448/596/27 828/252/27
f 830/273/30 463/610/172 438/611/171 829/272/29
f 831/284/32 455/617/32 463/610/172 830/273/30
f 844/294/34 552/622/152 548/623/33 843/293/33
f 832/299/35 467/635/35 455/617/32 831/284/32
f 833/316/37 491/641/38 467/635/35 832/299/35
f 834/330/39 484/647/39 491/641/38 833/316/37
f 835/341/40 510/653/156 484/647/39 834/330/39
f 836/355/41 496/659/41 510/653/156 835/341/40
f 837/365/42 521/665/42 496/659/41 836/355/41
f 845/372/44 555/671/44 552/622/152 844/294/34
f 838/377/45 514/677/173 521/665/42 837/365/42
f 839/388/46 532/683/174 514/677/173 838/377/45
f 840/399/48 536/691/48 532/683/174 839/388/46
f 846/405/49 441/695/49 555/671/44 845/372/44
f 841/413/51 540/701/51 536/691/48 840/399/48
f 842/423/53 544/707/54 540/701/51 841/413/51
f 811/429/2 422/712/167 441/695/49 846/405/49
f 843/293/33 548/623/33 544/707/54 842/423/53

v -100 -368.45635986328125 100
v -100 101.54365539550781 100
v 100 -368.45635986328125 100
v 100 101.54365539550781 100
v 100 -368.45635986328125 -100
v 100 101.54365539550781 -100
v -100 -368.45635986328125 -100
v -100 101.54365539550781 -100
v 100 95.54365539550781 0
v -100 95.54365539550781 0
v 0 95.54365539550781 100
v 0 95.54365539550781 -100
v 100 101.54365539550781 0
v 94 101.54365539550781 0
v 94 109.04365539550781 0
v 94 116.54365539550781 0
v 88 116.54365539550781 0
v -88 116.54365539550781 0
v -94 116.54365539550781 0
v 100 -368.45635986328125 94
v 94 -368.45635986328125 100
v 94 -368.45635986328125 94
v 94 -368.45635986328125 -94
v 100 -368.45635986328125 -94
v -94 -368.45635986328125 94
v -100 -368.45635986328125 94
v -94 109.04365539550781 0
v -94 -368.45635986328125 -94
v -94 -368.45635986328125 -100
v -100 -368.45635986328125 -94
v -94 101.54365539550781 0
v -100 101.54365539550781 0
v -100 101.54365539550781 94
v -100 -362.45635986328125 0
v -94 101.54365539550781 -94
v -100 101.54365539550781 -94
v -94 101.54365539550781 94
v -94 101.54365539550781 100
v 94 101.54365539550781 -100
v 94 101.54365539550781 -94
v 94 101.54365539550781 94
v 100 101.54365539550781 94
v 100 101.54365539550781 -94
v -100 -368.45635986328125 0
v -94 -368.45635986328125 0
v -88 -368.45635986328125 0
v 88 -368.45635986328125 0
v -94 -368.45635986328125 100
v 94 -368.45635986328125 0
v 94 -368.45635986328125 -100
v 100 -368.45635986328125 0
v 0 -362.45635986328125 100
v -94 101.54365539550781 -100
v 0 101.54365539550781 100
v 94 101.54365539550781 100
v 0 101.54365539550781 94
v -94 116.54365539550781 -94
v -94 116.54365539550781 94
v 94 116.54365539550781 -94
v 94 116.54365539550781 94
v -100 95.54365539550781 100
v -94 95.54365539550781 100
v 100 95.54365539550781 100
v 100 95.54365539550781 94
v 100 95.54365539550781 -100
v 94 95.54365539550781 -100
v -100 95.54365539550781 -100
v -100 95.54365539550781 -94
v -100 95.54365539550781 94
v 94 95.54365539550781 100
v -94 95.54365539550781 -100
v 100 95.54365539550781 -94
v -100 -362.45635986328125 94
v -100 -362.45635986328125 100
v 94 -362.45635986328125 100
v 100 -362.45635986328125 100
v 100 -362.45635986328125 -94
v 100 -362.45635986328125 -100
v -94 -362.45635986328125 -100
v -100 -362.45635986328125 -100
v 100 -362.45635986328125 94
v -94 -362.45635986328125 100
v -100 -362.45635986328125 -94
v 94 -362.45635986328125 -100
v -94 109.04365539550781 -94
v -94 109.04365539550781 94
v 94 109.04365539550781 94
v 94 109.04365539550781 -94
v 88 -368.45635986328125 100
v 88 -368.45635986328125 94
v 88 -368.45635986328125 -94
v 88 -368.45635986328125 -100
v 88 101.54365539550781 -100
v 88 101.54365539550781 -94
v 88 109.04365539550781 -94
v 88 101.54365539550781 100
v 88 101.54365539550781 94
v 0 109.04365539550781 94
v 0 116.54365539550781 94
v 88 -362.45635986328125 100
v 88 -362.45635986328125 -100
v 0 116.54365539550781 88
v 0 116.54365539550781 0
v 88 95.54365539550781 -100
v 88 95.54365539550781 100
v 88 116.54365539550781 -94
v 88 116.54365539550781 94
v 88 109.04365539550781 94
v -88 -368.45635986328125 94
v -88 -368.45635986328125 100
v -88 109.04365539550781 -94
v -88 -368.45635986328125 -94
v -88 -368.45635986328125 -100
v -88 101.54365539550781 -100
v -88 101.54365539550781 -94
v -88 101.54365539550781 94
v -88 109.04365539550781 94
v -88 101.54365539550781 100
v 0 116.54365539550781 -88
v 0 116.54365539550781 -94
v -88 -362.45635986328125 100
v 0 109.04365539550781 -94
v -88 -362.45635986328125 -100
v -88 116.54365539550781 94
v 0 101.54365539550781 -94
v -88 95.54365539550781 -100
v -88 95.54365539550781 100
v -88 116.54365539550781 -94
v 100 95.54365539550781 -88
v -100 101.54365539550781 -88
v 100 -368.45635986328125 -88
v -100 -362.45635986328125 -88
v -94 116.54365539550781 -88
v 0 101.54365539550781 -100
v 100 -362.45635986328125 -88
v -100 -368.45635986328125 -88
v 88 -368.45635986328125 -88
v 0 -362.45635986328125 -100
v 0 -368.45635986328125 -100
v 0 -368.45635986328125 -94
v -100 95.54365539550781 -88
v 94 -368.45635986328125 -88
v 100 101.54365539550781 -88
v 94 101.54365539550781 -88
v -88 116.54365539550781 -88
v -94 -368.45635986328125 -88
v -94 101.54365539550781 -88
v -94 109.04365539550781 -88
v 94 116.54365539550781 -88
v 94 109.04365539550781 -88
v -88 -368.45635986328125 -88
v 88 116.54365539550781 -88
v 100 101.54365539550781 88
v -100 95.54365539550781 88
v 100 -362.45635986328125 88
v -100 -368.45635986328125 88
v -94 109.04365539550781 88
v -100 -362.45635986328125 88
v 0 -368.45635986328125 -88
v -94 -368.45635986328125 88
v -100 101.54365539550781 88
v -94 101.54365539550781 88
v 94 -368.45635986328125 88
v 0 -368.45635986328125 0
v 100 95.54365539550781 88
v 0 -368.45635986328125 88
v 0 -368.45635986328125 94
v 100 -368.45635986328125 88
v -94 116.54365539550781 88
v -88 -368.45635986328125 88
v 94 101.54365539550781 88
v 94 109.04365539550781 88
v 88 116.54365539550781 88
v 94 116.54365539550781 88
v 88 -368.45635986328125 88
v -88 116.54365539550781 88
v 100 -362.45635986328125 0
v 0 -368.45635986328125 100
v -94 -270.85635375976562 100
v -94 -179.25634765625 100
v -94 -87.65634918212891 100
v -94 3.94365191459656 100
v -100 -270.85635375976562 100
v -100 -179.25634765625 100
v -100 -87.65634918212891 100
v -100 3.94365191459656 100
v -100 -270.85635375976562 94
v -100 -179.25634765625 94
v -100 -87.65634918212891 94
v -100 3.94365191459656 94
v -100 -270.85635375976562 88
v -100 -179.25634765625 88
v -100 -87.65634918212891 88
v -100 3.94365191459656 88
v -100 -270.85635375976562 0
v -100 -179.25634765625 0
v -100 -87.65634918212891 0
v -100 3.94365191459656 0
v -100 -270.85635375976562 -88
v -100 -179.25634765625 -88
v -100 -87.65634918212891 -88
v -100 3.94365191459656 -88
v -100 -270.85635375976562 -94
v -100 -179.25634765625 -94
v -100 -87.65634918212891 -94
v -100 3.94365191459656 -94
v -100 -270.85635375976562 -100
v -100 -179.25634765625 -100
v -100 -87.65634918212891 -100
v -100 3.94365191459656 -100
v -94 -270.85635375976562 -100
v -94 -179.25634765625 -100
v -94 -87.65634918212891 -100
v -94 3.94365191459656 -100
v -88 -270.85635375976562 -100
v -88 -179.25634765625 -100
v -88 -87.65634918212891 -100
v -88 3.94365191459656 -100
v 0 -270.85635375976562 -100
v 0 -179.25634765625 -100
v 0 -87.65634918212891 -100
v 0 3.94365191459656 -100
v 88 -270.85635375976562 -100
v 88 -179.25634765625 -100
v 88 -87.65634918212891 -100
v 88 3.94365191459656 -100
v 94 -270.85635375976562 -100
v 94 -179.25634765625 -100
v 94 -87.65634918212891 -100
v 94 3.94365191459656 -100
v 100 -270.85635375976562 -100
v 100 -179.25634765625 -100
v 100 -87.65634918212891 -100
v 100 3.94365191459656 -100
v 100 -270.85635375976562 -94
v 100 -179.25634765625 -94
v 100 -87.65634918212891 -94
v 100 3.94365191459656 -94
v 100 -270.85635375976562 -88
v 100 -179.25634765625 -88
v 100 -87.65634918212891 -88
v 100 3.94365191459656 -88
v 100 -270.85635375976562 0
v 100 -179.25634765625 0
v 100 -87.65634918212891 0
v 100 3.94365191459656 0
v 100 -270.85635375976562 88
v 100 -179.25634765625 88
v 100 -87.65634918212891 88
v 100 3.94365191459656 88
v 100 -270.85635375976562 94
v 100 -179.25634765625 94
v 100 -87.65634918212891 94
v 100 3.94365191459656 94
v 100 -270.85635375976562 100
v 100 -179.25634765625 100
v 100 -87.65634918212891 100
v 100 3.94365191459656 100
v 94 -270.85635375976562 100
v 94 -179.25634765625 100
v 94 -87.65634918212891 100
v 94 3.94365191459656 100
v 88 -270.85635375976562 100
v 88 -179.25634765625 100
v 88 -87.65634918212891 100
v 88 3.94365191459656 100
v 0 -270.85635375976562 100
v 0 -179.25634765625 100
v 0 -87.65634918212891 100
v 0 3.94365191459656 100
v -88 -270.85635375976562 100
v -88 -179.25634765625 100
v -88 -87.65634918212891 100
v -88 3.94365191459656 100
v -99 95.54365539550781 100
v 100 95.54365539550781 99
v 99 95.54365539550781 -100
v -100 95.54365539550781 -99
v -99 101.54365539550781 94
v -99 101.54365539550781 99
v -99 -368.45635986328125 -94
v -99 -368.45635986328125 -99
v -100 100.54365539550781 0
v 100 100.54365539550781 0
v 0 100.54365539550781 100
v 0 100.54365539550781 -100
v -99 101.54365539550781 -88
v -95 101.54365539550781 0
v -99 -368.45635986328125 0
v 100 3.94365191459656 -99
v -100 3.94365191459656 99
v -99 -368.45635986328125 99
v -94 -368.45635986328125 99
v -99 101.54365539550781 -99
v -94 101.54365539550781 -99
v 99 -368.45635986328125 0
v 99 101.54365539550781 88
v 95 101.54365539550781 0
v -99 3.94365191459656 -100
v 99 3.94365191459656 100
v 99 -368.45635986328125 -99
v 94 -368.45635986328125 -99
v 99 101.54365539550781 99
v 94 101.54365539550781 99
v 94 102.54365539550781 0
v -94 102.54365539550781 0
v -100 -367.45635986328125 0
v 100 -367.45635986328125 0
v 99 -368.45635986328125 99
v 99 -368.45635986328125 94
v 99 101.54365539550781 -99
v 99 101.54365539550781 -94
v -99 -368.45635986328125 88
v -88 -368.45635986328125 -99
v -99 101.54365539550781 0
v -95 101.54365539550781 88
v 0 101.54365539550781 99
v 88 101.54365539550781 95
v 93 116.54365539550781 0
v -94 115.54365539550781 88
v 94 115.54365539550781 -88
v -88 101.54365539550781 99
v 0 101.54365539550781 95
v 0 -368.45635986328125 -99
v -93 116.54365539550781 0
v 99 -368.45635986328125 -88
v 99 101.54365539550781 0
v 95 101.54365539550781 -88
v 88 -368.45635986328125 99
v 0 101.54365539550781 -99
v -88 101.54365539550781 -95
v -88 102.54365539550781 94
v -94 102.54365539550781 -88
v -100 100.54365539550781 99
v -100 95.54365539550781 99
v -94 100.54365539550781 100
v -99 100.54365539550781 100
v 88 102.54365539550781 -94
v 94 102.54365539550781 88
v -99 100.54365539550781 -100
v -99 95.54365539550781 -100
v -100 100.54365539550781 -94
v -100 100.54365539550781 -99
v 94 100.54365539550781 -100
v 99 100.54365539550781 -100
v 100 100.54365539550781 94
v 100 100.54365539550781 99
v 100 100.54365539550781 -88
v -88 100.54365539550781 -100
v -99 -367.45635986328125 100
v -99 -362.45635986328125 100
v 100 -367.45635986328125 99
v 100 -362.45635986328125 99
v 100 100.54365539550781 -99
v 100 95.54365539550781 -99
v 99 100.54365539550781 100
v 99 95.54365539550781 100
v -100 100.54365539550781 88
v 88 100.54365539550781 100
v -100 -367.45635986328125 94
v -100 -367.45635986328125 99
v 94 -367.45635986328125 100
v 99 -367.45635986328125 100
v -88 -367.45635986328125 100
v 100 -367.45635986328125 88
v 99 -367.45635986328125 -100
v 99 -362.45635986328125 -100
v -100 -367.45635986328125 -99
v -100 -362.45635986328125 -99
v -94 -367.45635986328125 -100
v -99 -367.45635986328125 -100
v 100 -367.45635986328125 -94
v 100 -367.45635986328125 -99
v 0 115.54365539550781 -94
v 94 115.54365539550781 0
v 88 101.54365539550781 -99
v 0 101.54365539550781 -95
v -100 -367.45635986328125 -88
v 88 -367.45635986328125 -100
v 0 115.54365539550781 94
v -94 115.54365539550781 0
v 94 -368.45635986328125 99
v 94.71600341796875 101.54365539550781 -94.71600341796875
v 88 101.54365539550781 -95
v 94 101.54365539550781 -99
v 0 -368.45635986328125 99
v 88 -368.45635986328125 -99
v 88 101.54365539550781 99
v 94.71150207519531 101.54365539550781 94.71150207519531
v 94 -367.45635986328125 -100
v 88 -367.45635986328125 100
v 88 100.54365539550781 -100
v 94 100.54365539550781 100
v 93 102.54365539550781 94
v 88 102.54365539550781 94
v 93 109.04365539550781 -94
v 93 102.54365539550781 -94
v 93 116.54365539550781 88
v 0 102.54365539550781 -94
v -88 101.54365539550781 -99
v -94.71150207519531 101.54365539550781 -94.71150207519531
v -94 -368.45635986328125 -99
v 0 102.54365539550781 94
v -94.74749755859375 101.54365539550781 94.74749755859375
v -88 101.54365539550781 95
v -94 101.54365539550781 99
v 93 109.04365539550781 94
v 93 115.54365539550781 94
v 93 115.54365539550781 -94
v 88 115.54365539550781 -94
v -93 109.04365539550781 94
v -93 102.54365539550781 94
v -93 102.54365539550781 -94
v -88 102.54365539550781 -94
v -93 116.54365539550781 -88
v 0 -367.45635986328125 -100
v 0 -367.45635986328125 100
v -88 -368.45635986328125 99
v -99 -368.45635986328125 -88
v -93 115.54365539550781 94
v -88 115.54365539550781 94
v -93 109.04365539550781 -94
v -93 115.54365539550781 -94
v -88 -367.45635986328125 -100
v -94 -367.45635986328125 100
v -94 100.54365539550781 -100
v -88 100.54365539550781 100
v 88 116.54365539550781 -93
v 94 102.54365539550781 -93
v 94 102.54365539550781 -88
v -94 109.04365539550781 -93
v -94 102.54365539550781 -93
v 100 100.54365539550781 -94
v -100 100.54365539550781 -88
v 100 -367.45635986328125 -88
v -100 -367.45635986328125 -94
v -88 115.54365539550781 -94
v 88 115.54365539550781 94
v -95 101.54365539550781 -93.19999694824219
v -95 101.54365539550781 -88
v -99 101.54365539550781 -94
v 0 116.54365539550781 -93
v 99 101.54365539550781 -88
v 93.19999694824219 101.54365539550781 -95
v 99 -368.45635986328125 -94
v 0 116.54365539550781 93
v -99 -368.45635986328125 94
v 95 101.54365539550781 93.19999694824219
v 95 101.54365539550781 88
v 99 101.54365539550781 94
v 99 -368.45635986328125 88
v -94 115.54365539550781 -93
v -94 115.54365539550781 -88
v 94 109.04365539550781 -93
v 94 115.54365539550781 -93
v 93 116.54365539550781 -93
v 93 116.54365539550781 -88
v -88 116.54365539550781 -93
v -93 116.54365539550781 -93
v -99 101.54365539550781 88
v -95 101.54365539550781 93.19999694824219
v 88 116.54365539550781 93
v 93 116.54365539550781 93
v 94 115.54365539550781 93
v 94 115.54365539550781 88
v -94 109.04365539550781 93
v -94 115.54365539550781 93
v -93 116.54365539550781 93
v -93 116.54365539550781 88
v 94 109.04365539550781 93
v 94 102.54365539550781 93
v -94 102.54365539550781 93
v -94 102.54365539550781 88
v -88 116.54365539550781 93
v -100 -367.45635986328125 88
v 100 -367.45635986328125 94
v 100 100.54365539550781 88
v -100 100.54365539550781 94
v 99 3.94365191459656 -100
v 99 -87.65634918212891 -100
v 99 -179.25634765625 -100
v 99 -270.85635375976562 -100
v -100 3.94365191459656 -99
v -100 -87.65634918212891 -99
v -100 -179.25634765625 -99
v -100 -270.85635375976562 -99
v -99 3.94365191459656 100
v -99 -87.65634918212891 100
v -99 -179.25634765625 100
v -99 -270.85635375976562 100
v 100 -270.85635375976562 99
v -100 -362.45635986328125 99
v -100 -270.85635375976562 99
v -100 -179.25634765625 99
v -100 -87.65634918212891 99
v 100 -362.45635986328125 -99
v 100 -270.85635375976562 -99
v 100 -179.25634765625 -99
v 100 -87.65634918212891 -99
v -99 -270.85635375976562 -100
v -99 -362.45635986328125 -100
v -99 -87.65634918212891 -100
v -99 -179.25634765625 -100
v 99 -270.85635375976562 100
v 99 -362.45635986328125 100
v 100 -179.25634765625 99
v 99 -179.25634765625 100
v 100 -87.65634918212891 99
v 99 -87.65634918212891 100
v 100 3.94365191459656 99
v -99 101.54365539550781 100
v -100 101.54365539550781 99
v -99 -368.45635986328125 -100
v -100 -368.45635986328125 -99
v -99 101.54365539550781 -100
v -100 101.54365539550781 -99
v -99 -368.45635986328125 100
v -100 -368.45635986328125 99
v 100 101.54365539550781 99
v 99 101.54365539550781 100
v 100 -368.45635986328125 -99
v 99 -368.45635986328125 -100
v 99 101.54365539550781 -100
v 100 101.54365539550781 -99
v 99 -368.45635986328125 100
v 100 -368.45635986328125 99
v -100 100.54365539550781 100
v 100 100.54365539550781 100
v 100 100.54365539550781 -100
v -100 100.54365539550781 -100
v -100 -367.45635986328125 100
v 100 -367.45635986328125 100
v 100 -367.45635986328125 -100
v -100 -367.45635986328125 -100
v 93 101.54365539550781 94
v 93 101.54365539550781 -94
v 94 102.54365539550781 94
v 94 102.54365539550781 -94
v 93 116.54365539550781 94
v 94 115.54365539550781 94
v 93 116.54365539550781 -94
v 94 115.54365539550781 -94
v -93 101.54365539550781 94
v -93 101.54365539550781 -94
v -94 102.54365539550781 -94
v -94 102.54365539550781 94
v -93 116.54365539550781 -94
v -94 115.54365539550781 -94
v -93 116.54365539550781 94
v -94 115.54365539550781 94
v -94 101.54365539550781 -93
v 94 101.54365539550781 -93
v -94 116.54365539550781 -93
v 94 116.54365539550781 -93
v -94 101.54365539550781 93
v 94 101.54365539550781 93
v -94 116.54365539550781 93
v 94 116.54365539550781 93
v 93.19999694824219 101.54365539550781 95
v 95 101.54365539550781 -93.19999694824219
v -93.19999694824219 101.54365539550781 -95
v -93.19999694824219 101.54365539550781 95
# 562 vertices

# 0 normal

vt 0.73929542303085 0.77076143026352 0
vt 0.63732743263245 0.77074956893921 0
vt 0.63732635974884 0.77631574869156 0
vt 0.73929917812347 0.77632367610931 0
vt 0.73934042453766 0.5481703877449 0
vt 0.63739168643951 0.54813206195831 0
vt 0.63738960027695 0.55369663238525 0
vt 0.73933935165405 0.55373293161392 0
vt 0.73943787813187 0.32559025287628 0
vt 0.63749247789383 0.32553887367249 0
vt 0.63748967647552 0.33110344409943 0
vt 0.73943507671356 0.3311539888382 0
vt 0.7392942905426 0.99348378181458 0
vt 0.63727521896362 0.99345016479492 0
vt 0.63727307319641 0.99901843070984 0
vt 0.73929286003113 0.99905478954315 0
vt 0.75183415412903 0.78326803445816 0
vt 0.753557741642 0.78298687934875 0
vt 0.75266671180725 0.77853178977966 0
vt 0.74709784984589 0.77853178977966 0
vt 0.22151705622673 0.99325656890869 0
vt 0.21595138311386 0.99325287342072 0
vt 0.21594813466072 0.99881845712662 0
vt 0.22151303291321 0.99882233142853 0
vt 0.73930764198303 0.88878989219666 0
vt 0.73929464817047 0.9867976307869 0
vt 0.74486726522446 0.98680084943771 0
vt 0.7448742389679 0.888791680336 0
vt 0.7393826842308 0.44355630874634 0
vt 0.73934227228165 0.54149460792542 0
vt 0.74490612745285 0.54149675369263 0
vt 0.74494725465775 0.44355869293213 0
vt 0.22942142188549 0.76390838623047 0
vt 0.33140069246292 0.76396077871323 0
vt 0.33144915103912 0.66599249839783 0
vt 0.22947463393211 0.6659386754036 0
vt 0.22969034314156 0.31863367557526 0
vt 0.33164343237877 0.31869518756866 0
vt 0.33170142769814 0.22075009346008 0
vt 0.22975029051304 0.2206883430481 0
vt 0.73931044340134 0.6661388874054 0
vt 0.7392925620079 0.76408660411835 0
vt 0.74485594034195 0.7640860080719 0
vt 0.74487543106079 0.66614025831223 0
vt 0.73949271440506 0.22097516059875 0
vt 0.73944133520126 0.31891345977783 0
vt 0.74500566720963 0.31891644001007 0
vt 0.74505740404129 0.2209780216217 0
vt 0.74709784984589 0.88879483938217 0
vt 0.74709784984589 0.98680651187897 0
vt 0.75155299901962 0.98680651187897 0
vt 0.75155299901962 0.88879483938217 0
vt 0.21599777042866 0.8886022567749 0
vt 0.21595533192158 0.98657363653183 0
vt 0.22152149677277 0.98657703399658 0
vt 0.22156412899494 0.88860481977463 0
vt 0.73943388462067 0.33337879180908 0
vt 0.63748848438263 0.33332896232605 0
vt 0.63748568296432 0.3388934135437 0
vt 0.73943102359772 0.33894264698029 0
vt 0.73930287361145 0.77854710817337 0
vt 0.63732558488846 0.77854204177856 0
vt 0.6373245716095 0.78410840034485 0
vt 0.73930680751801 0.78411245346069 0
vt 0.74709784984589 0.99905794858932 0
vt 0.75187426805496 0.99428153038025 0
vt 0.75155299901962 0.99259811639786 0
vt 0.74709784984589 0.99348908662796 0
vt 0.22161288559437 0.77838176488876 0
vt 0.21604496240616 0.77838039398193 0
vt 0.21604324877262 0.78394794464111 0
vt 0.22161109745502 0.78394985198975 0
vt 0.96762412786484 0.88879483938217 0
vt 0.96762412786484 0.79078322649002 0
vt 0.9631689786911 0.79078322649002 0
vt 0.9631689786911 0.88879483938217 0
vt 0.00669680954888 0.88851672410965 0
vt 0.00673609599471 0.79054546356201 0
vt 0.0011698580347 0.7905433177948 0
vt 0.00113010429777 0.88851463794708 0
vt 0.0133403763175 0.98648804426193 0
vt 0.11130706965923 0.98652732372284 0
vt 0.1113472878933 0.88855814933777 0
vt 0.01337709091604 0.88851928710938 0
vt 0.96862173080444 0.55485236644745 0
vt 0.87066256999969 0.55485212802887 0
vt 0.87066251039505 0.65281146764755 0
vt 0.96862185001373 0.65281158685684 0
vt 0.73933935165405 0.5559566617012 0
vt 0.63738894462585 0.55592167377472 0
vt 0.63738697767258 0.5614863038063 0
vt 0.7393382191658 0.56151950359344 0
vt 0.73955100774765 0.11079335212708 0
vt 0.63760656118393 0.11074066162109 0
vt 0.63760358095169 0.11630523204803 0
vt 0.73954826593399 0.11635851860046 0
vt 0.96762412786484 0.77853178977966 0
vt 0.96205526590347 0.77853178977966 0
vt 0.96116423606873 0.78298687934875 0
vt 0.96284765005112 0.78330814838409 0
vt 0.00665939459577 0.99316489696503 0
vt 0.00109331239946 0.99316293001175 0
vt 0.00109120772686 0.99872916936874 0
vt 0.00665752403438 0.99873095750809 0
vt 0.75767511129379 0.65281158685684 0
vt 0.75767469406128 0.55485165119171 0
vt 0.75043898820877 0.55485165119171 0
vt 0.75043940544128 0.65281170606613 0
vt 0.98364967107773 0.65281146764755 0
vt 0.98365014791489 0.75077104568481 0
vt 0.9908858537674 0.75077092647552 0
vt 0.99088531732559 0.65281146764755 0
vt 0.2296099960804 0.44329929351807 0
vt 0.22966942191124 0.34534752368927 0
vt 0.22410404682159 0.34534382820129 0
vt 0.2240442186594 0.44329595565796 0
vt 0.22935755550861 0.88860869407654 0
vt 0.22940230369568 0.7906339764595 0
vt 0.22383500635624 0.79063153266907 0
vt 0.22379069030285 0.88860607147217 0
vt 0.96762412786484 0.99905794858932 0
vt 0.96762412786484 0.99348908662796 0
vt 0.9631689786911 0.99259811639786 0
vt 0.96285265684128 0.99428653717041 0
vt 0.00674108462408 0.7782991528511 0
vt 0.00117422314361 0.77829712629318 0
vt 0.00117243046407 0.78386378288269 0
vt 0.00673898030072 0.78386580944061 0
vt 0.33149975538254 0.56802976131439 0
vt 0.22952970862389 0.56797367334366 0
vt 0.33157068490982 0.44335877895355 0
vt 0.33162695169449 0.34540832042694 0
vt 0.33176025748253 0.12280738353729 0
vt 0.22981035709381 0.12274467945099 0
vt 0.33134046196938 0.8886559009552 0
vt 0.33138465881348 0.7906813621521 0
vt 0.74709784984589 0.79078322649002 0
vt 0.75155299901962 0.79078322649002 0
vt 0.95537263154984 0.77853178977966 0
vt 0.85736101865768 0.77853178977966 0
vt 0.85736101865768 0.78298687934875 0
vt 0.95537263154984 0.78298687934875 0
vt 0.2160404920578 0.79062879085541 0
vt 0.22160778939724 0.79063093662262 0
vt 0.20927247405052 0.99324929714203 0
vt 0.11130407452583 0.99320691823959 0
vt 0.11130161583424 0.99877321720123 0
vt 0.2092697173357 0.9988152384758 0
vt 0.76491075754166 0.65281158685684 0
vt 0.76491045951843 0.55485165119171 0
vt 0.97641402482986 0.65281146764755 0
vt 0.97641450166702 0.75077104568481 0
vt 0.01341583114117 0.79054820537567 0
vt 0.96862208843231 0.75077092647552 0
vt 0.97418802976608 0.75077092647552 0
vt 0.97418773174286 0.65281146764755 0
vt 0.20931814610958 0.88859921693802 0
vt 0.20927582681179 0.98656976222992 0
vt 0.77270305156708 0.65281158685684 0
vt 0.77270287275314 0.55485188961029 0
vt 0.76713681221008 0.55485188961029 0
vt 0.76713711023331 0.65281158685684 0
vt 0.75934934616089 0.77853178977966 0
vt 0.75934934616089 0.78298687934875 0
vt 0.01333842799067 0.99316716194153 0
vt 0.01333671342582 0.99873322248459 0
vt 0.75934934616089 0.99905794858932 0
vt 0.85736101865768 0.99905794858932 0
vt 0.85736101865768 0.99460285902023 0
vt 0.75934934616089 0.99460285902023 0
vt 0.01341863721609 0.78386843204498 0
vt 0.11138887703419 0.78390681743622 0
vt 0.11139094084501 0.77834022045136 0
vt 0.01342097483575 0.77830195426941 0
vt 0.96762412786484 0.98680651187897 0
vt 0.9631689786911 0.98680651187897 0
vt 0.00666157715023 0.98648571968079 0
vt 0.00109565083403 0.98648375272751 0
vt 0.11138670146465 0.79058676958084 0
vt 0.87066256999969 0.75077080726624 0
vt 0.75767606496811 0.75077068805695 0
vt 0.75044047832489 0.75077080726624 0
vt 0.77270275354385 0.53982388973236 0
vt 0.87066268920898 0.53982412815094 0
vt 0.87066268920898 0.53258848190308 0
vt 0.77270275354385 0.5325882434845 0
vt 0.98364907503128 0.55485284328461 0
vt 0.99088454246521 0.55485284328461 0
vt 0.96862214803696 0.7657989859581 0
vt 0.87066245079041 0.76579874753952 0
vt 0.87066245079041 0.77303439378738 0
vt 0.96862208843231 0.77303475141525 0
vt 0.74485671520233 0.77075815200806 0
vt 0.7448616027832 0.77631676197052 0
vt 0.74486738443375 0.77853953838348 0
vt 0.74487239122391 0.78410589694977 0
vt 0.74490314722061 0.54817199707031 0
vt 0.74490171670914 0.5537337064743 0
vt 0.74500173330307 0.32559299468994 0
vt 0.74499869346619 0.33115649223328 0
vt 0.74486720561981 0.99348646402359 0
vt 0.74486631155014 0.99905794858932 0
vt 0.74511605501175 0.11079573631287 0
vt 0.74511355161667 0.11636114120483 0
vt 0.74499744176865 0.33338153362274 0
vt 0.74499493837357 0.33894526958466 0
vt 0.74490177631378 0.55595767498016 0
vt 0.74490147829056 0.56152033805847 0
vt 0.73931151628494 0.79079335927963 0
vt 0.74487680196762 0.79078805446625 0
vt 0.73933684825897 0.56819546222687 0
vt 0.74490106105804 0.56819677352905 0
vt 0.73942768573761 0.34561932086945 0
vt 0.74499195814133 0.34562194347382 0
vt 0.73954486846924 0.1230366230011 0
vt 0.74510985612869 0.12303972244263 0
vt 0.22384430468082 0.77615201473236 0
vt 0.22941192984581 0.77615678310394 0
vt 0.22941632568836 0.77058911323547 0
vt 0.2238489985466 0.77058470249176 0
vt 0.22397562861443 0.55349546670914 0
vt 0.22954240441322 0.55350059270859 0
vt 0.22954693436623 0.5479342341423 0
vt 0.22398097813129 0.54792964458466 0
vt 0.22411562502384 0.33087229728699 0
vt 0.22968126833439 0.33087718486786 0
vt 0.22968547046185 0.32531177997589 0
vt 0.22412037849426 0.32530772686005 0
vt 0.2237393707037 0.99882435798645 0
vt 0.22930607199669 0.99882829189301 0
vt 0.22930933535099 0.99326181411743 0
vt 0.22374325990677 0.9932581782341 0
vt 0.22424921393394 0.1160626411438 0
vt 0.22981476783752 0.11606645584106 0
vt 0.22981849312782 0.11050093173981 0
vt 0.22425282001495 0.11049675941467 0
vt 0.22410878539085 0.33866465091705 0
vt 0.22967460751534 0.33866906166077 0
vt 0.22967904806137 0.33310341835022 0
vt 0.22411333024502 0.33309864997864 0
vt 0.22383809089661 0.78395044803619 0
vt 0.22940596938133 0.78395295143127 0
vt 0.22940918803215 0.77838492393494 0
vt 0.22384043037891 0.77838230133057 0
vt 0.22396831214428 0.5612895488739 0
vt 0.22953501343727 0.56129390001297 0
vt 0.22953970730305 0.55572748184204 0
vt 0.22397308051586 0.55572241544724 0
vt 0.22390827536583 0.66593569517136 0
vt 0.22385457158089 0.76390480995178 0
vt 0.22955214977264 0.54125493764877 0
vt 0.22398637235165 0.54125106334686 0
vt 0.22418531775475 0.22068476676941 0
vt 0.22412537038326 0.31862986087799 0
vt 0.229312941432 0.98658239841461 0
vt 0.22374704480171 0.98657912015915 0
vt 0.76491159200668 0.75077056884766 0
vt 0.7727028131485 0.54705953598022 0
vt 0.87066262960434 0.5470597743988 0
vt 0.97641360759735 0.55485284328461 0
vt 0.96862214803696 0.75856322050095 0
vt 0.87066251039505 0.75856310129166 0
vt 0.63749581575394 0.31886124610901 0
vt 0.95537263154984 0.99905794858932 0
vt 0.95537263154984 0.99460285902023 0
vt 0.20936231315136 0.78394567966461 0
vt 0.20936441421509 0.77837866544724 0
vt 0.33150368928909 0.56135052442551 0
vt 0.20935961604118 0.79062628746033 0
vt 0.77270346879959 0.75077068805695 0
vt 0.96116423606873 0.99460285902023 0
vt 0.96205526590347 0.99905794858932 0
vt 0.97418743371964 0.55485260486603 0
vt 0.97418820858002 0.53258973360062 0
vt 0.96862232685089 0.53258943557739 0
vt 0.96862208843231 0.53982508182526 0
vt 0.97418797016144 0.53982537984848 0
vt 0.97418802976608 0.7657989859581 0
vt 0.97418802976608 0.77303463220596 0
vt 0.22396349906921 0.56796997785568 0
vt 0.96862190961838 0.54706078767776 0
vt 0.97418761253357 0.54706102609634 0
vt 0.97418814897537 0.75856322050095 0
vt 0.63732874393463 0.76407015323639 0
vt 0.75378048419952 0.78410065174103 0
vt 0.75934934616089 0.78410065174103 0
vt 0.7727033495903 0.76579791307449 0
vt 0.77270317077637 0.77303355932236 0
vt 0.75266671180725 0.99905794858932 0
vt 0.753557741642 0.99460285902023 0
vt 0.33176431059837 0.11612951755524 0
vt 0.22424539923668 0.12274122238159 0
vt 0.76713782548904 0.75077056884766 0
vt 0.76713734865189 0.77303326129913 0
vt 0.76713758707047 0.76579761505127 0
vt 0.76713687181473 0.53982388973236 0
vt 0.76713681221008 0.5325882434845 0
vt 0.77270352840424 0.75856238603592 0
vt 0.76713800430298 0.7585620880127 0
vt 0.76713687181473 0.54705953598022 0
vt 0.63727766275406 0.98676818609238 0
vt 0.33163103461266 0.33873009681702 0
vt 0.77270346879959 0.7563362121582 0
vt 0.87066251039505 0.75633656978607 0
vt 0.96862208843231 0.75633692741394 0
vt 0.7576761841774 0.75633645057678 0
vt 0.75044053792953 0.75633656978607 0
vt 0.9908858537674 0.75633692741394 0
vt 0.98365014791489 0.75633692741394 0
vt 0.76491183042526 0.7563362121582 0
vt 0.97641450166702 0.75633692741394 0
vt 0.97418814897537 0.75633692741394 0
vt 0.76713806390762 0.75633609294891 0
vt 0.63739413022995 0.54145443439484 0
vt 0.74709784984589 0.78410065174103 0
vt 0.75155299901962 0.78499162197113 0
vt 0.96862185001373 0.54928684234619 0
vt 0.87066262960434 0.54928612709045 0
vt 0.33138835430145 0.78400123119354 0
vt 0.9631689786911 0.78499162197113 0
vt 0.96762412786484 0.78410065174103 0
vt 0.7727028131485 0.54928582906723 0
vt 0.75043898820877 0.54928559064865 0
vt 0.75767469406128 0.54928582906723 0
vt 0.98364901542664 0.54928708076477 0
vt 0.99088448286057 0.54928684234619 0
vt 0.76491045951843 0.54928582906723 0
vt 0.97641360759735 0.54928708076477 0
vt 0.97418743371964 0.54928708076477 0
vt 0.76713687181473 0.54928582906723 0
vt 0.33151656389236 0.54131317138672 0
vt 0.33129468560219 0.98663198947906 0
vt 0.4333758354187 0.77068626880646 0
vt 0.3313969373703 0.77064085006714 0
vt 0.33139365911484 0.77620756626129 0
vt 0.43337291479111 0.77625292539597 0
vt 0.53535318374634 0.7707234621048 0
vt 0.53535085916519 0.77629005908966 0
vt 0.43347656726837 0.54804468154907 0
vt 0.33151251077652 0.54799222946167 0
vt 0.33150911331177 0.55355817079544 0
vt 0.43347382545471 0.55361026525497 0
vt 0.53543674945831 0.54809081554413 0
vt 0.53543430566788 0.5536562204361 0
vt 0.43359288573265 0.32543170452118 0
vt 0.33163949847221 0.3253732919693 0
vt 0.33163610100746 0.33093857765198 0
vt 0.43358984589577 0.33099675178528 0
vt 0.5355441570282 0.32548654079437 0
vt 0.53554135560989 0.33105158805847 0
vt 0.43327805399895 0.99336212873459 0
vt 0.33129119873047 0.99331218004227 0
vt 0.33128827810287 0.99887907505035 0
vt 0.43327537178993 0.9989293217659 0
vt 0.53527164459229 0.99340921640396 0
vt 0.5352691411972 0.99897682666779 0
vt 0.53535592556 0.76404362916946 0
vt 0.63735353946686 0.6661137342453 0
vt 0.53538972139359 0.66608113050461 0
vt 0.43337917327881 0.76400637626648 0
vt 0.43342113494873 0.66604036092758 0
vt 0.53554755449295 0.31880867481232 0
vt 0.63754725456238 0.22092163562775 0
vt 0.53560042381287 0.22086668014526 0
vt 0.43359652161598 0.31875348091125 0
vt 0.43365174531937 0.22080969810486 0
vt 0.43358868360519 0.33322286605835 0
vt 0.33163446187973 0.33316481113434 0
vt 0.4335854947567 0.33878779411316 0
vt 0.53554022312164 0.33327734470367 0
vt 0.53553730249405 0.3388420343399 0
vt 0.43337082862854 0.77847969532013 0
vt 0.3313914835453 0.77843451499939 0
vt 0.43336781859398 0.78404629230499 0
vt 0.53534865379334 0.77851700782776 0
vt 0.53534615039825 0.78408360481262 0
vt 0.43347239494324 0.55583655834198 0
vt 0.33150717616081 0.55578470230103 0
vt 0.43346950411797 0.56140220165253 0
vt 0.53543317317963 0.55588221549988 0
vt 0.53543066978455 0.56144750118256 0
vt 0.43371570110321 0.11062574386597 0
vt 0.33176776766777 0.11056470870972 0
vt 0.43371239304543 0.1161904335022 0
vt 0.53566193580627 0.110684633255 0
vt 0.5356587767601 0.11624920368195 0
vt 0.63738465309143 0.56816405057907 0
vt 0.5354278087616 0.5681260228157 0
vt 0.43346601724625 0.56808096170425 0
vt 0.53548485040665 0.44346451759338 0
vt 0.63743615150452 0.44351160526276 0
vt 0.63748234510422 0.34557092189789 0
vt 0.53553384542465 0.34551990032196 0
vt 0.43352934718132 0.44341385364532 0
vt 0.4335817694664 0.34546589851379 0
vt 0.63760006427765 0.12298274040222 0
vt 0.53565502166748 0.12292683124542 0
vt 0.43370848894119 0.12286829948425 0
vt 0.53531169891357 0.8887414932251 0
vt 0.63730490207672 0.88877218961716 0
vt 0.6373233795166 0.79078811407089 0
vt 0.53534334897995 0.79076373577118 0
vt 0.43332448601723 0.88870143890381 0
vt 0.43336454033852 0.79072624444962 0
vt 0.43328124284744 0.98668158054352 0
vt 0.53527456521988 0.98672807216644 0
vt 0.43347984552383 0.54136574268341 0
vt 0.53543972969055 0.54141241312027 0
vt 0.76602536439896 0.75744920969009 0
vt 0.76602500677109 0.75856196880341 0
vt 0.76713812351227 0.75744920969009 0
vt 0.76602500677109 0.7563362121582 0
vt 0.76491206884384 0.75744944810867 0
vt 0.73930114507675 0.77743542194366 0
vt 0.63732600212097 0.77742886543274 0
vt 0.7393394112587 0.55484491586685 0
vt 0.63738924264908 0.55480915307999 0
vt 0.73943448066711 0.33226644992828 0
vt 0.63748914003372 0.33221638202667 0
vt 0.73955154418945 0.10968017578125 0
vt 0.63760715723038 0.10962784290314 0
vt 0.63727259635925 1.00013208389282 0
vt 0.73929232358932 1.00016903877258 0
vt 0.74597275257111 0.77631533145905 0
vt 0.74596846103668 0.7707576751709 0
vt 0.7526667714119 0.77741777896881 0
vt 0.74709582328796 0.77741742134094 0
vt 0.74598228931427 0.77853560447693 0
vt 0.74598520994186 0.7841032743454 0
vt 0.22313958406448 0.11049616336823 0
vt 0.22313611209393 0.11606192588806 0
vt 0.21594753861427 0.99993139505386 0
vt 0.22151194512844 0.99993544816971 0
vt 0.2226261049509 0.99882340431213 0
vt 0.22263014316559 0.99325734376907 0
vt 0.74598604440689 0.88879328966141 0
vt 0.74598282575607 0.98680359125137 0
vt 0.96873784065247 0.88879483938217 0
vt 0.96873784065247 0.79078322649002 0
vt 0.74601882696152 0.54149729013443 0
vt 0.74606025218964 0.44355928897858 0
vt 0.85736101865768 0.77741801738739 0
vt 0.75934934616089 0.77741801738739 0
vt 0.74596840143204 0.76408606767654 0
vt 0.74598848819733 0.66614055633545 0
vt 0.74611854553223 0.31891715526581 0
vt 0.74617034196854 0.22097885608673 0
vt 0.85736101865768 1.00017166137695 0
vt 0.95537263154984 1.00017166137695 0
vt 0.74932622909546 0.65281170606613 0
vt 0.74932730197906 0.75077080726624 0
vt 0.7526667714119 0.98680651187897 0
vt 0.75266671180725 0.88879483938217 0
vt 0.22267735004425 0.88860541582108 0
vt 0.22263431549072 0.98657810688019 0
vt 0.74709779024124 1.00017261505127 0
vt 0.75266683101654 1.00017178058624 0
vt 0.7462266087532 0.1163614988327 0
vt 0.74622911214828 0.11079609394073 0
vt 0.74598217010498 0.99905800819397 0
vt 0.74598252773285 0.99348777532578 0
vt 0.22161315381527 0.77726805210114 0
vt 0.21604524552822 0.77726691961288 0
vt 0.222735658288 0.77058374881744 0
vt 0.22273083031178 0.77615106105804 0
vt 0.222726598382 0.77838200330734 0
vt 0.22272458672524 0.78395015001297 0
vt 0.99199849367142 0.65281146764755 0
vt 0.99199777841568 0.55485260486603 0
vt 0.96205526590347 0.79078322649002 0
vt 0.96205526590347 0.88879483938217 0
vt 0.22293111681938 0.44329535961151 0
vt 0.22287327051163 0.54125040769577 0
vt 0.00005675076682 0.79054284095764 0
vt 0.00001684104063 0.88851422071457 0
vt 0.74601393938065 0.55373388528824 0
vt 0.7460156083107 0.54817241430283 0
vt 0.96873784065247 0.78410065174103 0
vt 0.96873784065247 0.77853178977966 0
vt 0.96762412786484 0.77741801738739 0
vt 0.96205526590347 0.77741801738739 0
vt 0.74601405858994 0.56152039766312 0
vt 0.74601417779922 0.55595767498016 0
vt 0.22300009429455 0.33309769630432 0
vt 0.22299562394619 0.33866381645203 0
vt -0.00001995073944 0.99316251277924 0
vt -0.00002213330299 0.99872881174088 0
vt 0.00109089596663 0.99984246492386 0
vt 0.00665721157566 0.99984419345856 0
vt 0.22300751507282 0.32530677318573 0
vt 0.22300267219543 0.33087122440338 0
vt 0.75266671180725 0.79078322649002 0
vt 0.74932581186295 0.55485165119171 0
vt 0.96205520629883 0.98680651187897 0
vt 0.99199908971786 0.75077092647552 0
vt -0.00001745638292 0.986483335495 0
vt 0.22299095988274 0.34534323215485 0
vt 0.2227214127779 0.79063123464584 0
vt 0.74611121416092 0.33115696907043 0
vt 0.74611437320709 0.32559359073639 0
vt 0.96205520629883 1.00017166137695 0
vt 0.96762412786484 1.00017178058624 0
vt 0.96873784065247 0.99905794858932 0
vt 0.96873784065247 0.99348908662796 0
vt 0.74610763788223 0.33894574642181 0
vt 0.74611008167267 0.33338212966919 0
vt 0.22285963594913 0.55572128295898 0
vt 0.22285489737988 0.56128859519958 0
vt 0.00674155261368 0.77718579769135 0
vt 0.00117445702199 0.77718377113342 0
vt 0.00006088205555 0.77829682826996 0
vt 0.00005924512516 0.78386330604553 0
vt 0.22286796569824 0.54792869091034 0
vt 0.22286240756512 0.5534942150116 0
vt 0.74598753452301 0.79078537225723 0
vt 0.746013879776 0.56819689273834 0
vt 0.95537263154984 0.77741801738739 0
vt 0.85736101865768 0.78410065174103 0
vt 0.95537263154984 0.78410065174103 0
vt 0.96862232685089 0.53147631883621 0
vt 0.87066274881363 0.53147530555725 0
vt 0.22313237190247 0.12274074554443 0
vt 0.22307227551937 0.22068393230438 0
vt 0.11130114644766 0.9998864531517 0
vt 0.20926931500435 0.99992841482162 0
vt 0.76602393388748 0.65281158685684 0
vt 0.76602363586426 0.55485188961029 0
vt 0.97530084848404 0.65281146764755 0
vt 0.9753013253212 0.75077104568481 0
vt 0.77270275354385 0.53147482872009 0
vt 0.01333640050143 0.99984639883041 0
vt 0.22301232814789 0.31862926483154 0
vt 0.75934934616089 1.00017166137695 0
vt 0.74622291326523 0.12304031848907 0
vt 0.77270311117172 0.77414667606354 0
vt 0.87066245079041 0.77414757013321 0
vt 0.85736101865768 0.99348908662796 0
vt 0.75934934616089 0.99348908662796 0
vt 0.22285023331642 0.56796926259995 0
vt 0.22279509902 0.66593503952026 0
vt 0.11139141023159 0.77722692489624 0
vt 0.01342152059078 0.77718865871429 0
vt 0.74610483646393 0.34562265872955 0
vt 0.96873784065247 0.98680651187897 0
vt 0.95537263154984 0.99348908662796 0
vt 0.96862208843231 0.77414792776108 0
vt 0.7448638677597 0.77742695808411 0
vt 0.74490165710449 0.55484563112259 0
vt 0.74499809741974 0.33226895332336 0
vt 0.74511659145355 0.10968255996704 0
vt 0.74486607313156 1.00017309188843 0
vt 0.22384323179722 0.77726542949677 0
vt 0.22941048443317 0.7772707939148 0
vt 0.2238407433033 0.77726835012436 0
vt 0.22397418320179 0.5546088218689 0
vt 0.22954119741917 0.55461406707764 0
vt 0.22411441802979 0.33198547363281 0
vt 0.22968019545078 0.33199036121368 0
vt 0.22373849153519 0.99993765354156 0
vt 0.22930534183979 0.99994158744812 0
vt 0.22981923818588 0.10938787460327 0
vt 0.22425356507301 0.10938370227814 0
vt 0.2093648314476 0.77726525068283 0
vt 0.22274123132229 0.76390397548676 0
vt 0.76602476835251 0.75077056884766 0
vt 0.87066262960434 0.54817295074463 0
vt 0.7727028131485 0.54817271232605 0
vt 0.97530043125153 0.55485284328461 0
vt 0.96862208843231 0.75745010375977 0
vt 0.87066251039505 0.75744986534119 0
vt 0.97418826818466 0.53147631883621 0
vt 0.9609414935112 0.78410065174103 0
vt 0.96205526590347 0.78410059213638 0
vt 0.9609414935112 0.9934891462326 0
vt 0.96205526590347 0.9934891462326 0
vt 0.97418814897537 0.77414792776108 0
vt 0.99088442325592 0.54817366600037 0
vt 0.98364901542664 0.54817390441895 0
vt 0.97530120611191 0.53982537984848 0
vt 0.97530144453049 0.53258973360062 0
vt 0.97530126571655 0.77303463220596 0
vt 0.97530126571655 0.7657989859581 0
vt 0.98365020751953 0.75744998455048 0
vt 0.9908858537674 0.75745010375977 0
vt 0.97418743371964 0.54817414283752 0
vt 0.96862185001373 0.54817366600037 0
vt 0.9753006696701 0.54706126451492 0
vt 0.97641342878342 0.54817414283752 0
vt 0.97418814897537 0.75745010375977 0
vt 0.97641450166702 0.75745010375977 0
vt 0.9753013253212 0.75856333971024 0
vt 0.75266671180725 0.78410065174103 0
vt 0.76713681221008 0.53147506713867 0
vt 0.76713728904724 0.77414655685425 0
vt 0.75378048419952 0.99348908662796 0
vt 0.75266671180725 0.9934891462326 0
vt 0.75044059753418 0.7574497461319 0
vt 0.7576761841774 0.75744962692261 0
vt 0.76602441072464 0.76579749584198 0
vt 0.76602411270142 0.77303326129913 0
vt 0.7660236954689 0.5325882434845 0
vt 0.76602375507355 0.53982388973236 0
vt 0.75767469406128 0.54817247390747 0
vt 0.75043898820877 0.54817247390747 0
vt 0.77270346879959 0.75744932889938 0
vt 0.76713687181473 0.54817271232605 0
vt 0.76491045951843 0.54817247390747 0
vt 0.76602375507355 0.54705953598022 0
vt 0.75266671180725 0.99237537384033 0
vt 0.74932742118835 0.75633656978607 0
vt 0.99199908971786 0.75633692741394 0
vt 0.96205526590347 0.99237531423569 0
vt 0.9753013253212 0.75633692741394 0
vt 0.74932581186295 0.54928559064865 0
vt 0.75266671180725 0.7852144241333 0
vt 0.96205526590347 0.7852144241333 0
vt 0.96205526590347 0.78410065174103 0
vt 0.99199759960175 0.54928684234619 0
vt 0.7660236954689 0.54928582906723 0
vt 0.97530043125153 0.54928708076477 0
vt 0.33139258623123 0.7773209810257 0
vt 0.43337190151215 0.77736628055573 0
vt 0.53534984588623 0.77740359306335 0
vt 0.3315082192421 0.55467140674591 0
vt 0.43347311019897 0.5547234416008 0
vt 0.53543376922607 0.55476927757263 0
vt 0.3316353559494 0.3320517539978 0
vt 0.433589220047 0.33210980892181 0
vt 0.53554087877274 0.33216440677643 0
vt 0.33128774166107 0.99999243021011 0
vt 0.43327489495277 1.00004279613495 0
vt 0.43371638655663 0.10951268672943 0
vt 0.3317683339119 0.10945165157318 0
vt 0.5352686047554 1.00009036064148 0
vt 0.53566259145737 0.10957181453705 0
vt 0.22272689640522 0.77726817131042 0
vt 0.22272977232933 0.77726447582245 0
vt 0.74597871303558 0.77742087841034 0
vt 0.74597412347794 0.77742552757263 0
vt 0.00006119385216 0.77718353271484 0
vt 0.22286067903042 0.55460780858994 0
vt 0.22286103665829 0.55460745096207 0
vt 0.96873784065247 0.77741801738739 0
vt 0.74601364135742 0.55484586954117 0
vt 0.74601393938065 0.5548455119133 0
vt -0.00002244509778 0.99984210729599 0
vt 0.22300106287003 0.33198440074921 0
vt 0.22300150990486 0.33198428153992 0
vt 0.96873784065247 1.00017178058624 0
vt 0.74611061811447 0.33226943016052 0
vt 0.22262507677078 0.99993658065796 0
vt 0.22314032912254 0.10938286781311 0
vt 0.74598217010498 1.00017333030701 0
vt 0.74622958898544 0.1096830368042 0
vt 0.99199908971786 0.75745010375977 0
vt 0.9753013253212 0.77414792776108 0
vt 0.97530150413513 0.53147655725479 0
vt 0.99199748039246 0.54817366600037 0
vt 0.76602405309677 0.77414643764496 0
vt 0.74932742118835 0.7574497461319 0
vt 0.76602375507355 0.54817271232605 0
vt 0.74932581186295 0.54817247390747 0
vt 0.7660236954689 0.53147506713867 0
vt 0.97530031204224 0.5481743812561 0
vt 0.9753013253212 0.75745010375977 0
# 665 texture coordinates

o Podest_1
usemtl Mat.1
f 1121/934/45 1333/933/45 1028/932/45 908/931/45
f 1122/938/2 1356/937/2 1100/936/2 910/935/2
f 1123/942/16 1325/941/16 1076/940/16 912/939/16
f 1124/946/29 1329/945/29 1052/944/29 914/943/29
f 1126/950/5 1252/949/5 1408/948/5 1250/947/5
f 1128/954/1 1248/953/1 874/952/1 1127/951/1
f 1129/958/29 1280/957/29 987/956/29 856/955/29
f 1130/962/2 1323/961/2 1011/960/2 855/959/2
f 898/966/45 1113/965/45 1117/964/45 967/963/45
f 984/970/16 1065/969/16 1069/968/16 947/967/16
f 1131/974/45 1273/973/45 973/972/45 857/971/45
f 1132/978/16 1238/977/16 950/976/16 858/975/16
f 1134/982/5 1286/981/5 1133/980/5 1161/979/5
f 1135/986/1 1265/985/1 992/984/1 891/983/1
f 918/990/2 1084/989/2 1136/988/2 1201/987/2
f 915/994/29 1036/993/29 1137/992/29 1181/991/29
f 1287/998/5 1285/997/5 1247/996/5 1140/995/5
f 1293/1002/1 871/1001/1 1139/1000/1 1138/999/1
f 1144/1006/5 1295/1005/5 1143/1004/5 1173/1003/5
f 1142/1010/1 1297/1009/1 1009/1008/1 895/1007/1
f 893/1014/1 1010/1013/1 1005/1012/1 983/1011/1
f 863/1018/5 949/1017/5 948/1016/5 1019/1015/5
f 916/1022/45 1108/1021/45 1146/1020/45 1203/1019/45
f 917/1026/16 1060/1025/16 1145/1024/16 1187/1023/16
f 1235/1030/5 1405/1029/5 1150/1028/5 1149/1027/5
f 1148/1034/1 1147/1033/1 1291/1032/1 869/1031/1
f 1152/1038/29 1319/1037/29 1003/1036/29 873/1035/29
f 1151/1042/2 1276/1041/2 996/1040/2 861/1039/2
f 1154/1046/2 1281/1045/2 981/1044/2 1023/1043/2
f 1153/1050/29 1321/1049/29 1004/1048/29 880/1047/29
f 1229/1054/5 1406/1053/5 1158/1052/5 1157/1051/5
f 868/1058/1 1156/1057/1 1155/1056/1 1228/1055/1
f 946/1060/45 1109/1059/45 1113/965/45 898/966/45
f 981/1044/2 1085/1062/2 1089/1061/2 1023/1043/2
f 969/1064/16 1061/1063/16 1065/969/16 984/970/16
f 1004/1048/29 1037/1066/29 1041/1065/29 880/1047/29
f 1162/1068/5 1134/982/5 1161/979/5 1306/1067/5
f 1164/1072/5 1169/1071/5 1163/1070/5 1234/1069/5
f 1159/1074/1 1135/986/1 891/983/1 1006/1073/1
f 1160/1078/1 1170/1077/1 986/1076/1 958/1075/1
f 873/1035/29 1003/1036/29 1166/1080/29 1227/1079/29
f 861/1039/2 996/1040/2 1167/1082/2 1221/1081/2
f 895/1007/1 1009/1008/1 1021/1083/1 893/1014/1
f 1165/1086/5 1303/1085/5 998/1084/5 863/1018/5
f 891/983/1 992/984/1 997/1088/1 892/1087/1
f 1171/1092/5 1315/1091/5 1022/1090/5 864/1089/5
f 1169/1071/5 1251/1094/5 1168/1093/5 1163/1070/5
f 1170/1077/1 1233/1096/1 937/1095/1 986/1076/1
f 1177/1100/5 1223/1099/5 1176/1098/5 1246/1097/5
f 1175/1104/1 1232/1103/1 1013/1102/1 936/1101/1
f 1174/1106/5 1144/1006/5 1173/1003/5 1289/1105/5
f 1172/1108/1 1142/1010/1 895/1007/1 988/1107/1
f 1021/1083/1 1012/1109/1 1010/1013/1 893/1014/1
f 998/1084/5 965/1110/5 949/1017/5 863/1018/5
f 1179/1112/29 1152/1038/29 873/1035/29 994/1111/29
f 1178/1116/45 1249/1115/45 944/1114/45 963/1113/45
f 1185/1118/2 1151/1042/2 861/1039/2 1018/1117/2
f 1184/1122/16 1245/1121/16 968/1120/16 941/1119/16
f 1183/1124/45 1121/934/45 908/931/45 1182/1123/45
f 1324/1126/29 915/994/29 1181/991/29 1180/1125/29
f 1193/1128/2 1122/938/2 910/935/2 1192/1127/2
f 1191/1130/16 1123/942/16 912/939/16 1190/1129/16
f 1189/1132/29 1124/946/29 914/943/29 1188/1131/29
f 1272/1134/16 917/1026/16 1187/1023/16 1186/1133/16
f 1279/1136/2 918/990/2 1201/987/2 1200/1135/2
f 1239/1138/45 916/1022/45 1203/1019/45 1202/1137/45
f 1204/1140/29 1129/958/29 856/955/29 1000/1139/29
f 1205/1142/45 1131/974/45 857/971/45 951/1141/45
f 1194/1144/2 1130/962/2 855/959/2 975/1143/2
f 1195/1146/16 1132/978/16 858/975/16 972/1145/16
f 1271/1150/45 928/1149/45 1197/1148/45 1196/1147/45
f 1322/1154/2 927/1153/2 1199/1152/2 1198/1151/2
f 1236/1158/16 930/1157/16 1213/1156/16 1212/1155/16
f 1282/1162/29 929/1161/29 1215/1160/29 1214/1159/29
f 1217/1166/16 1347/1165/16 925/1164/16 1216/1163/16
f 1219/1170/2 1342/1169/2 923/1168/2 1218/1167/2
f 1207/1174/29 1338/1173/29 919/1172/29 1206/1171/29
f 1209/1178/45 1351/1177/45 921/1176/45 1208/1175/45
f 1210/1180/45 1263/1179/45 898/966/45 967/963/45
f 1211/1182/2 1154/1046/2 1023/1043/2 1001/1181/2
f 1225/1184/16 1262/1183/16 984/970/16 947/967/16
f 1224/1186/29 1153/1050/29 880/1047/29 978/1185/29
f 994/1111/29 873/1035/29 1227/1079/29 1299/1187/29
f 963/1113/45 944/1114/45 1226/1189/45 1267/1188/45
f 1018/1117/2 861/1039/2 1221/1081/2 1311/1190/2
f 941/1119/16 968/1120/16 1220/1192/16 1256/1191/16
f 912/939/16 1076/940/16 1072/1193/16 950/976/16
f 1223/1099/5 1230/1195/5 1222/1194/5 1176/1098/5
f 1232/1103/1 1264/1197/1 955/1196/1 1013/1102/1
f 921/1176/45 1105/1198/45 1109/1059/45 946/1060/45
f 1405/1029/5 1164/1072/5 1234/1069/5 1150/1028/5
f 869/1031/1 937/1095/1 1233/1096/1 1148/1034/1
f 1012/1109/1 1016/1199/1 892/1087/1 1010/1013/1
f 965/1110/5 991/1200/5 864/1089/5 949/1017/5
f 1157/1051/5 1231/1202/5 1290/1201/5 1229/1054/5
f 1228/1055/1 1175/1104/1 936/1101/1 868/1058/1
f 988/1107/1 895/1007/1 893/1014/1 983/1011/1
f 1244/1203/5 1165/1086/5 863/1018/5 1019/1015/5
f 1253/1207/45 954/1206/45 1241/1205/45 1240/1204/45
f 1243/1209/16 1184/1122/16 941/1119/16 1242/1208/16
f 912/939/16 950/976/16 1238/977/16 1190/1129/16
f 1239/1138/45 1205/1142/45 951/1141/45 916/1022/45
f 1236/1158/16 1225/1184/16 947/967/16 930/1157/16
f 921/1176/45 946/1060/45 1237/1210/45 1208/1175/45
f 1254/1212/45 1284/1211/45 954/1206/45 1253/1207/45
f 1242/1208/16 941/1119/16 1256/1191/16 1255/1213/16
f 908/931/45 1028/932/45 1120/1214/45 973/972/45
f 1408/948/5 1251/1094/5 962/1216/5 1389/1215/5
f 1248/953/1 1160/1078/1 958/1075/1 874/952/1
f 1249/1115/45 1241/1205/45 954/1206/45 944/1114/45
f 1245/1121/16 1260/1218/16 957/1217/16 968/1120/16
f 1140/995/5 1247/996/5 1407/1220/5 1141/1219/5
f 871/1001/1 955/1196/1 1264/1197/1 1139/1000/1
f 925/1164/16 1057/1221/16 1061/1063/16 969/1064/16
f 1263/1179/45 1237/1210/45 946/1060/45 898/966/45
f 1262/1183/16 1270/1222/16 969/1064/16 984/970/16
f 1006/1073/1 891/983/1 892/1087/1 1016/1199/1
f 1261/1223/5 1171/1092/5 864/1089/5 991/1200/5
f 1268/1225/16 957/1217/16 1260/1218/16 1259/1224/16
f 1258/1227/45 1178/1116/45 963/1113/45 1257/1226/45
f 908/931/45 973/972/45 1273/973/45 1182/1123/45
f 1272/1134/16 1195/1146/16 972/1145/16 917/1026/16
f 1271/1150/45 1210/1180/45 967/963/45 928/1149/45
f 925/1164/16 969/1064/16 1270/1222/16 1216/1163/16
f 1269/1229/16 1283/1228/16 957/1217/16 1268/1225/16
f 1257/1226/45 963/1113/45 1267/1188/45 1266/1230/45
f 914/943/29 1052/944/29 1048/1231/29 987/956/29
f 874/952/1 992/984/1 1265/985/1 1127/951/1
f 944/1114/45 954/1206/45 1284/1211/45 1226/1189/45
f 968/1120/16 957/1217/16 1283/1228/16 1220/1192/16
f 923/1168/2 1081/1232/2 1085/1062/2 981/1044/2
f 1407/1220/5 1177/1100/5 1246/1097/5 1141/1219/5
f 986/1076/1 937/1095/1 983/1011/1 1005/1012/1
f 1288/1234/5 1304/1233/5 991/1200/5 965/1110/5
f 1291/1032/1 1172/1108/1 988/1107/1 869/1031/1
f 1406/1053/5 1174/1106/5 1289/1105/5 1158/1052/5
f 958/1075/1 986/1076/1 1005/1012/1 997/1088/1
f 1274/1235/5 1288/1234/5 965/1110/5 998/1084/5
f 1278/1237/29 1179/1112/29 994/1111/29 1277/1236/29
f 1300/1239/2 996/1040/2 1276/1041/2 1275/1238/2
f 914/943/29 987/956/29 1280/957/29 1188/1131/29
f 1279/1136/2 1194/1144/2 975/1143/2 918/990/2
f 1282/1162/29 1224/1186/29 978/1185/29 929/1161/29
f 923/1168/2 981/1044/2 1281/1045/2 1218/1167/2
f 1277/1236/29 994/1111/29 1299/1187/29 1298/1240/29
f 1301/1241/2 1167/1082/2 996/1040/2 1300/1239/2
f 869/1031/1 988/1107/1 983/1011/1 937/1095/1
f 1274/1235/5 998/1084/5 1303/1085/5 1302/1242/5
f 958/1075/1 997/1088/1 992/984/1 874/952/1
f 1305/1243/5 1261/1223/5 991/1200/5 1304/1233/5
f 910/935/2 1100/936/2 1096/1244/2 1011/960/2
f 1126/950/5 1250/947/5 1307/1246/5 1125/1245/5
f 1013/1102/1 955/1196/1 1016/1199/1 1012/1109/1
f 1292/1248/5 1308/1247/5 1019/1015/5 948/1016/5
f 919/1172/29 1033/1249/29 1037/1066/29 1004/1048/29
f 1293/1002/1 1159/1074/1 1006/1073/1 871/1001/1
f 1010/1013/1 892/1087/1 997/1088/1 1005/1012/1
f 949/1017/5 864/1089/5 1022/1090/5 948/1016/5
f 1149/1027/5 1296/1251/5 1294/1250/5 1235/1030/5
f 868/1058/1 1009/1008/1 1297/1009/1 1156/1057/1
f 936/1101/1 1013/1102/1 1012/1109/1 1021/1083/1
f 1320/1252/5 1292/1248/5 948/1016/5 1022/1090/5
f 1312/1254/29 1003/1036/29 1319/1037/29 1318/1253/29
f 1317/1256/2 1185/1118/2 1018/1117/2 1316/1255/2
f 1324/1126/29 1204/1140/29 1000/1139/29 915/994/29
f 910/935/2 1011/960/2 1323/961/2 1192/1127/2
f 1322/1154/2 1211/1182/2 1001/1181/2 927/1153/2
f 919/1172/29 1004/1048/29 1321/1049/29 1206/1171/29
f 1313/1257/29 1166/1080/29 1003/1036/29 1312/1254/29
f 1316/1255/2 1018/1117/2 1311/1190/2 1310/1258/2
f 936/1101/1 1021/1083/1 1009/1008/1 868/1058/1
f 1309/1259/5 1244/1203/5 1019/1015/5 1308/1247/5
f 871/1001/1 1006/1073/1 1016/1199/1 955/1196/1
f 1320/1252/5 1022/1090/5 1315/1091/5 1314/1260/5
f 1023/1043/2 1089/1061/2 1093/1261/2 1001/1181/2
f 880/1047/29 1041/1065/29 1045/1262/29 978/1185/29
f 1335/1266/45 1336/1265/45 1025/1264/45 1026/1263/45
f 1336/1265/45 1197/1148/45 928/1149/45 1025/1264/45
f 1333/933/45 1334/1268/45 1027/1267/45 1028/932/45
f 1334/1268/45 1335/1266/45 1026/1263/45 1027/1267/45
f 1352/1272/2 1337/1271/2 1097/1270/2 1098/1269/2
f 1337/1271/2 1199/1152/2 927/1153/2 1097/1270/2
f 1356/937/2 1354/1274/2 1099/1273/2 1100/936/2
f 1354/1274/2 1352/1272/2 1098/1269/2 1099/1273/2
f 1327/1278/16 1328/1277/16 1073/1276/16 1074/1275/16
f 1328/1277/16 1213/1156/16 930/1157/16 1073/1276/16
f 1325/941/16 1326/1280/16 1075/1279/16 1076/940/16
f 1326/1280/16 1327/1278/16 1074/1275/16 1075/1279/16
f 1331/1284/29 1332/1283/29 1049/1282/29 1050/1281/29
f 1332/1283/29 1215/1160/29 929/1161/29 1049/1282/29
f 1329/945/29 1330/1286/29 1051/1285/29 1052/944/29
f 1330/1286/29 1331/1284/29 1050/1281/29 1051/1285/29
f 1115/1289/45 1116/1288/45 1120/1214/45 1119/1287/45
f 1116/1288/45 857/971/45 973/972/45 1120/1214/45
f 1113/965/45 1114/1291/45 1118/1290/45 1117/964/45
f 1114/1291/45 1115/1289/45 1119/1287/45 1118/1290/45
f 1067/1294/16 1068/1293/16 1072/1193/16 1071/1292/16
f 1068/1293/16 858/975/16 950/976/16 1072/1193/16
f 1065/969/16 1066/1296/16 1070/1295/16 1069/968/16
f 1066/1296/16 1067/1294/16 1071/1292/16 1070/1295/16
f 1082/1299/2 1081/1232/2 1343/1298/2 1344/1297/2
f 1081/1232/2 923/1168/2 1342/1169/2 1343/1298/2
f 1084/989/2 1083/1301/2 1345/1300/2 1136/988/2
f 1083/1301/2 1082/1299/2 1344/1297/2 1345/1300/2
f 1034/1304/29 1033/1249/29 1339/1303/29 1340/1302/29
f 1033/1249/29 919/1172/29 1338/1173/29 1339/1303/29
f 1036/993/29 1035/1306/29 1341/1305/29 1137/992/29
f 1035/1306/29 1034/1304/29 1340/1302/29 1341/1305/29
f 1106/1309/45 1105/1198/45 1350/1308/45 1353/1307/45
f 1105/1198/45 921/1176/45 1351/1177/45 1350/1308/45
f 1108/1021/45 1107/1311/45 1355/1310/45 1146/1020/45
f 1107/1311/45 1106/1309/45 1353/1307/45 1355/1310/45
f 1058/1314/16 1057/1221/16 1346/1313/16 1349/1312/16
f 1057/1221/16 925/1164/16 1347/1165/16 1346/1313/16
f 1060/1025/16 1059/1316/16 1348/1315/16 1145/1024/16
f 1059/1316/16 1058/1314/16 1349/1312/16 1348/1315/16
f 1111/1318/45 1112/1317/45 1116/1288/45 1115/1289/45
f 1112/1317/45 951/1141/45 857/971/45 1116/1288/45
f 1109/1059/45 1110/1319/45 1114/1291/45 1113/965/45
f 1110/1319/45 1111/1318/45 1115/1289/45 1114/1291/45
f 1087/1323/2 1088/1322/2 1092/1321/2 1091/1320/2
f 1088/1322/2 975/1143/2 855/959/2 1092/1321/2
f 1085/1062/2 1086/1325/2 1090/1324/2 1089/1061/2
f 1086/1325/2 1087/1323/2 1091/1320/2 1090/1324/2
f 1063/1327/16 1064/1326/16 1068/1293/16 1067/1294/16
f 1064/1326/16 972/1145/16 858/975/16 1068/1293/16
f 1061/1063/16 1062/1328/16 1066/1296/16 1065/969/16
f 1062/1328/16 1063/1327/16 1067/1294/16 1066/1296/16
f 1039/1332/29 1040/1331/29 1044/1330/29 1043/1329/29
f 1040/1331/29 1000/1139/29 856/955/29 1044/1330/29
f 1037/1066/29 1038/1334/29 1042/1333/29 1041/1065/29
f 1038/1334/29 1039/1332/29 1043/1329/29 1042/1333/29
f 1074/1275/16 1073/1276/16 1069/968/16 1070/1295/16
f 1073/1276/16 930/1157/16 947/967/16 1069/968/16
f 1076/940/16 1075/1279/16 1071/1292/16 1072/1193/16
f 1075/1279/16 1074/1275/16 1070/1295/16 1071/1292/16
f 1107/1311/45 1108/1021/45 1112/1317/45 1111/1318/45
f 1108/1021/45 916/1022/45 951/1141/45 1112/1317/45
f 1105/1198/45 1106/1309/45 1110/1319/45 1109/1059/45
f 1106/1309/45 1107/1311/45 1111/1318/45 1110/1319/45
f 1026/1263/45 1025/1264/45 1117/964/45 1118/1290/45
f 1025/1264/45 928/1149/45 967/963/45 1117/964/45
f 1028/932/45 1027/1267/45 1119/1287/45 1120/1214/45
f 1027/1267/45 1026/1263/45 1118/1290/45 1119/1287/45
f 1059/1316/16 1060/1025/16 1064/1326/16 1063/1327/16
f 1060/1025/16 917/1026/16 972/1145/16 1064/1326/16
f 1057/1221/16 1058/1314/16 1062/1328/16 1061/1063/16
f 1058/1314/16 1059/1316/16 1063/1327/16 1062/1328/16
f 1050/1281/29 1049/1282/29 1045/1262/29 1046/1335/29
f 1049/1282/29 929/1161/29 978/1185/29 1045/1262/29
f 1052/944/29 1051/1285/29 1047/1336/29 1048/1231/29
f 1051/1285/29 1050/1281/29 1046/1335/29 1047/1336/29
f 1083/1301/2 1084/989/2 1088/1322/2 1087/1323/2
f 1084/989/2 918/990/2 975/1143/2 1088/1322/2
f 1081/1232/2 1082/1299/2 1086/1325/2 1085/1062/2
f 1082/1299/2 1083/1301/2 1087/1323/2 1086/1325/2
f 1098/1269/2 1097/1270/2 1093/1261/2 1094/1337/2
f 1097/1270/2 927/1153/2 1001/1181/2 1093/1261/2
f 1100/936/2 1099/1273/2 1095/1338/2 1096/1244/2
f 1099/1273/2 1098/1269/2 1094/1337/2 1095/1338/2
f 1035/1306/29 1036/993/29 1040/1331/29 1039/1332/29
f 1036/993/29 915/994/29 1000/1139/29 1040/1331/29
f 1033/1249/29 1034/1304/29 1038/1334/29 1037/1066/29
f 1034/1304/29 1035/1306/29 1039/1332/29 1038/1334/29
f 1091/1320/2 1092/1321/2 1096/1244/2 1095/1338/2
f 1092/1321/2 855/959/2 1011/960/2 1096/1244/2
f 1089/1061/2 1090/1324/2 1094/1337/2 1093/1261/2
f 1090/1324/2 1091/1320/2 1095/1338/2 1094/1337/2
f 1043/1329/29 1044/1330/29 1048/1231/29 1047/1336/29
f 1044/1330/29 856/955/29 987/956/29 1048/1231/29
f 1041/1065/29 1042/1333/29 1046/1335/29 1045/1262/29
f 1042/1333/29 1043/1329/29 1047/1336/29 1046/1335/29
f 1307/1246/5 1162/1068/5 1306/1067/5 1125/1245/5
f 1393/1341/16 1269/1229/16 1394/1340/16 903/1339/16
f 1394/1343/29 1298/1240/29 1399/1342/29 903/1339/29
f 1399/1342/5 1305/1243/5 1393/1341/5 903/1339/5
f 1181/991/29 1137/992/29 1032/1345/29 907/1344/29
f 1333/933/45 1121/934/45 907/1344/45 1032/1345/45
f 1203/1019/45 1146/1020/45 1104/1347/45 909/1346/45
f 1356/937/2 1122/938/2 909/1346/2 1104/1347/2
f 1201/987/2 1136/988/2 1080/1349/2 911/1348/2
f 1325/941/16 1123/942/16 911/1348/16 1080/1349/16
f 1187/1023/16 1145/1024/16 1056/1351/16 913/1350/16
f 1329/945/29 1124/946/29 913/1353/29 1056/1352/29
f 1183/1124/45 1182/1123/45 884/1355/45 1357/1354/45
f 1252/949/5 1126/950/5 1357/1357/5 884/1356/5
f 1126/950/5 1125/1245/5 879/1359/5 1358/1358/5
f 1324/1126/29 1180/1125/29 1358/1358/29 879/1359/29
f 1217/1166/16 1216/1163/16 875/1361/16 1359/1360/16
f 1248/953/1 1128/954/1 1359/1363/1 875/1362/1
f 1128/954/1 1127/951/1 876/1365/1 1360/1364/1
f 1282/1162/29 1214/1159/29 1360/1364/29 876/1365/29
f 1161/979/5 1133/980/5 976/1367/5 878/1366/5
f 1280/957/29 1129/958/29 878/1366/29 976/1367/29
f 1173/1003/5 1143/1004/5 999/1369/5 859/1368/5
f 1323/961/2 1130/962/2 859/1371/2 999/1370/2
f 1163/1070/5 1168/1093/5 964/1373/5 900/1372/5
f 1273/973/45 1131/974/45 900/1375/45 964/1374/45
f 1238/977/16 1132/978/16 980/1377/16 939/1376/16
f 1176/1098/5 1222/1194/5 939/1379/5 980/1378/5
f 1152/1038/29 1179/1112/29 993/1381/29 877/1380/29
f 1286/981/5 1134/982/5 877/1383/5 993/1382/5
f 1153/1050/29 1224/1186/29 982/1385/29 890/1384/29
f 1265/985/1 1135/986/1 890/1384/1 982/1385/1
f 1140/995/5 1141/1219/5 899/1387/5 1361/1386/5
f 1272/1134/16 1186/1133/16 1361/1389/16 899/1388/16
f 1189/1132/29 1188/1131/29 882/1391/29 1362/1390/29
f 1287/998/5 1140/995/5 1362/1390/5 882/1391/5
f 1138/999/1 1139/1000/1 894/1393/1 1363/1392/1
f 1271/1150/45 1196/1147/45 1363/1395/45 894/1394/45
f 1207/1174/29 1206/1171/29 872/1397/29 1364/1396/29
f 1293/1002/1 1138/999/1 1364/1396/1 872/1397/1
f 1151/1042/2 1185/1118/2 1017/1399/2 860/1398/2
f 1295/1005/5 1144/1006/5 860/1401/5 1017/1400/5
f 1154/1046/2 1211/1182/2 1014/1403/2 897/1402/2
f 1297/1009/1 1142/1010/1 897/1405/1 1014/1404/1
f 1193/1128/2 1192/1127/2 888/1407/2 1365/1406/2
f 1296/1251/5 1149/1027/5 1365/1409/5 888/1408/5
f 1149/1027/5 1150/1028/5 901/1411/5 1366/1410/5
f 1239/1138/45 1202/1137/45 1366/1413/45 901/1412/45
f 1219/1170/2 1218/1167/2 870/1415/2 1367/1414/2
f 1291/1032/1 1147/1033/1 1367/1417/1 870/1416/1
f 1147/1033/1 1148/1034/1 896/1419/1 1368/1418/1
f 1236/1158/16 1212/1155/16 1368/1421/16 896/1420/16
f 1134/982/5 1162/1068/5 1008/1422/5 877/1383/5
f 1319/1037/29 1152/1038/29 877/1380/29 1008/1423/29
f 1144/1006/5 1174/1106/5 990/1424/5 860/1401/5
f 1276/1041/2 1151/1042/2 860/1398/2 990/1425/2
f 1142/1010/1 1172/1108/1 977/1426/1 897/1405/1
f 1281/1045/2 1154/1046/2 897/1402/2 977/1427/2
f 1135/986/1 1159/1074/1 1002/1428/1 890/1384/1
f 1321/1049/29 1153/1050/29 890/1384/29 1002/1428/29
f 1191/1130/16 1190/1129/16 885/1430/16 1369/1429/16
f 1231/1202/5 1157/1051/5 1369/1432/5 885/1431/5
f 1157/1051/5 1158/1052/5 889/1434/5 1370/1433/5
f 1279/1136/2 1200/1135/2 1370/1436/2 889/1435/2
f 1209/1178/45 1208/1175/45 867/1438/45 1371/1437/45
f 1228/1055/1 1155/1056/1 1371/1440/1 867/1439/1
f 1155/1056/1 1156/1057/1 866/1442/1 1372/1441/1
f 1322/1154/2 1198/1151/2 1372/1444/2 866/1443/2
f 1129/958/29 1204/1140/29 1007/1445/29 878/1366/29
f 1306/1067/5 1161/979/5 878/1366/5 1007/1445/5
f 1131/974/45 1205/1142/45 942/1446/45 900/1375/45
f 1234/1069/5 1163/1070/5 900/1372/5 942/1447/5
f 1169/1071/5 1164/1072/5 943/1449/5 902/1448/5
f 1241/1205/45 1249/1115/45 902/1451/45 943/1450/45
f 1270/1222/16 1262/1183/16 985/1453/16 959/1452/16
f 1170/1077/1 1160/1078/1 959/1455/1 985/1454/1
f 1227/1079/29 1166/1080/29 1015/1457/29 865/1456/29
f 1315/1091/5 1171/1092/5 865/1456/5 1015/1457/5
f 1221/1081/2 1167/1082/2 995/1459/2 862/1458/2
f 1303/1085/5 1165/1086/5 862/1458/5 995/1459/5
f 1249/1115/45 1178/1116/45 962/1460/45 902/1451/45
f 1251/1094/5 1169/1071/5 902/1448/5 962/1216/5
f 1233/1096/1 1170/1077/1 985/1454/1 938/1461/1
f 1262/1183/16 1225/1184/16 938/1462/16 985/1453/16
f 1246/1097/5 1176/1098/5 980/1378/5 960/1463/5
f 1132/978/16 1195/1146/16 960/1464/16 980/1377/16
f 1260/1218/16 1245/1121/16 971/1466/16 961/1465/16
f 1223/1099/5 1177/1100/5 961/1468/5 971/1467/5
f 1237/1210/45 1263/1179/45 1024/1470/45 935/1469/45
f 1232/1103/1 1175/1104/1 935/1472/1 1024/1471/1
f 1130/962/2 1194/1144/2 989/1473/2 859/1371/2
f 1289/1105/5 1173/1003/5 859/1368/5 989/1474/5
f 1230/1195/5 1223/1099/5 971/1467/5 940/1475/5
f 1245/1121/16 1184/1122/16 940/1476/16 971/1466/16
f 1180/1125/29 1181/991/29 907/1344/29 1373/1477/29
f 1121/934/45 1183/1124/45 1373/1477/45 907/1344/45
f 1202/1137/45 1203/1019/45 909/1346/45 1374/1478/45
f 1122/938/2 1193/1128/2 1374/1478/2 909/1346/2
f 1200/1135/2 1201/987/2 911/1348/2 1375/1479/2
f 1123/942/16 1191/1130/16 1375/1479/16 911/1348/16
f 1186/1133/16 1187/1023/16 913/1350/16 1376/1480/16
f 1124/946/29 1189/1132/29 1376/1481/29 913/1353/29
f 1196/1147/45 1197/1148/45 920/1483/45 1377/1482/45
f 1338/1173/29 1207/1174/29 1377/1484/29 920/1483/29
f 1198/1151/2 1199/1152/2 922/1486/2 1378/1485/2
f 1351/1177/45 1209/1178/45 1378/1485/45 922/1486/45
f 1212/1155/16 1213/1156/16 924/1488/16 1379/1487/16
f 1342/1169/2 1219/1170/2 1379/1487/2 924/1488/2
f 1214/1159/29 1215/1160/29 926/1490/29 1380/1489/29
f 1347/1165/16 1217/1166/16 1380/1492/16 926/1491/16
f 1264/1197/1 1232/1103/1 1024/1471/1 956/1493/1
f 1263/1179/45 1210/1180/45 956/1494/45 1024/1470/45
f 1171/1092/5 1261/1223/5 979/1495/5 865/1456/5
f 1299/1187/29 1227/1079/29 865/1456/29 979/1495/29
f 1292/1248/5 1320/1252/5 970/1497/5 945/1496/5
f 1267/1188/45 1226/1189/45 945/1496/45 970/1497/45
f 1165/1086/5 1244/1203/5 1020/1498/5 862/1458/5
f 1311/1190/2 1221/1081/2 862/1458/2 1020/1498/2
f 1256/1191/16 1220/1192/16 966/1500/16 952/1499/16
f 1288/1234/5 1274/1235/5 952/1499/5 966/1500/5
f 1150/1028/5 1234/1069/5 942/1447/5 901/1411/5
f 1205/1142/45 1239/1138/45 901/1412/45 942/1446/45
f 1240/1204/45 1241/1205/45 943/1450/45 1381/1501/45
f 1405/1029/5 1235/1030/5 887/1503/5 1381/1502/5
f 1148/1034/1 1233/1096/1 938/1461/1 896/1419/1
f 1225/1184/16 1236/1158/16 896/1420/16 938/1462/16
f 886/1505/5 1229/1054/5 1290/1201/5 1382/1504/5
f 1184/1122/16 1243/1209/16 1382/1506/16 940/1476/16
f 1190/1129/16 1238/977/16 939/1376/16 885/1430/16
f 1222/1194/5 1231/1202/5 885/1431/5 939/1379/5
f 1208/1175/45 1237/1210/45 935/1469/45 867/1438/45
f 1175/1104/1 1228/1055/1 867/1439/1 935/1472/1
f 1317/1256/2 1316/1255/2 933/1508/2 1383/1507/2
f 1253/1207/45 1240/1204/45 1383/1510/45 933/1509/45
f 1243/1209/16 1242/1208/16 934/1512/16 1384/1511/16
f 1300/1239/2 1275/1238/2 1384/1514/2 934/1513/2
f 1309/1259/5 1308/1247/5 953/1516/5 1385/1515/5
f 1284/1211/45 1254/1212/45 1385/1515/45 953/1516/45
f 1254/1212/45 1253/1207/45 933/1509/45 1386/1517/45
f 1316/1255/2 1310/1258/2 1386/1518/2 933/1508/2
f 1255/1213/16 1256/1191/16 952/1499/16 1387/1519/16
f 1274/1235/5 1302/1242/5 1387/1519/5 952/1499/5
f 1301/1241/2 1300/1239/2 934/1513/2 1388/1520/2
f 1242/1208/16 1255/1213/16 1388/1521/16 934/1512/16
f 883/1522/5 1250/947/5 1408/948/5 1389/1215/5
f 1178/1116/45 1258/1227/45 1389/1523/45 962/1460/45
f 1182/1123/45 1273/973/45 964/1374/45 884/1355/45
f 1168/1093/5 1252/949/5 884/1356/5 964/1373/5
f 1216/1163/16 1270/1222/16 959/1452/16 875/1361/16
f 1160/1078/1 1248/953/1 875/1362/1 959/1455/1
f 1141/1219/5 1246/1097/5 960/1463/5 899/1387/5
f 1195/1146/16 1272/1134/16 899/1388/16 960/1464/16
f 1259/1224/16 1260/1218/16 961/1465/16 1390/1524/16
f 1407/1220/5 1247/996/5 881/1526/5 1390/1525/5
f 1139/1000/1 1264/1197/1 956/1493/1 894/1393/1
f 1210/1180/45 1271/1150/45 894/1394/45 956/1494/45
f 1278/1237/29 1277/1236/29 931/1528/29 1391/1527/29
f 1268/1225/16 1259/1224/16 1391/1530/16 931/1529/16
f 1258/1227/45 1257/1226/45 932/1532/45 1392/1531/45
f 1312/1254/29 1318/1253/29 1392/1534/29 932/1533/29
f 1305/1243/5 1304/1233/5 974/1535/5 1393/1341/5
f 1283/1228/16 1269/1229/16 1393/1341/16 974/1535/16
f 1269/1229/16 1268/1225/16 931/1529/16 1394/1340/16
f 1277/1236/29 1298/1240/29 1394/1343/29 931/1528/29
f 1266/1230/45 1267/1188/45 970/1497/45 1395/1536/45
f 1320/1252/5 1314/1260/5 1395/1536/5 970/1497/5
f 1313/1257/29 1312/1254/29 932/1533/29 1396/1537/29
f 1257/1226/45 1266/1230/45 1396/1538/45 932/1532/45
f 1127/951/1 1265/985/1 982/1385/1 876/1365/1
f 1224/1186/29 1282/1162/29 876/1365/29 982/1385/29
f 1226/1189/45 1284/1211/45 953/1516/45 945/1496/45
f 1308/1247/5 1292/1248/5 945/1496/5 953/1516/5
f 1220/1192/16 1283/1228/16 974/1535/16 966/1500/16
f 1304/1233/5 1288/1234/5 966/1500/5 974/1535/5
f 881/1526/5 1247/996/5 1285/997/5 1397/1539/5
f 1179/1112/29 1278/1237/29 1397/1540/29 993/1381/29
f 1188/1131/29 1280/957/29 976/1367/29 882/1391/29
f 1133/980/5 1287/998/5 882/1391/5 976/1367/5
f 1218/1167/2 1281/1045/2 977/1427/2 870/1415/2
f 1172/1108/1 1291/1032/1 870/1416/1 977/1426/1
f 1158/1052/5 1289/1105/5 989/1474/5 889/1434/5
f 1194/1144/2 1279/1136/2 889/1435/2 989/1473/2
f 1275/1238/2 1276/1041/2 990/1425/2 1398/1541/2
f 1406/1053/5 1229/1054/5 886/1505/5 1398/1542/5
f 1298/1240/29 1299/1187/29 979/1495/29 1399/1342/29
f 1261/1223/5 1305/1243/5 1399/1342/5 979/1495/5
f 1302/1242/5 1303/1085/5 995/1459/5 1400/1543/5
f 1167/1082/2 1301/1241/2 1400/1543/2 995/1459/2
f 1125/1245/5 1306/1067/5 1007/1445/5 879/1359/5
f 1204/1140/29 1324/1126/29 879/1359/29 1007/1445/29
f 1318/1253/29 1319/1037/29 1008/1423/29 1401/1544/29
f 1307/1246/5 1250/947/5 883/1522/5 1401/1545/5
f 1206/1171/29 1321/1049/29 1002/1428/29 872/1397/29
f 1159/1074/1 1293/1002/1 872/1397/1 1002/1428/1
f 887/1547/5 1235/1030/5 1294/1250/5 1402/1546/5
f 1185/1118/2 1317/1256/2 1402/1548/2 1017/1399/2
f 1192/1127/2 1323/961/2 999/1370/2 888/1407/2
f 1143/1004/5 1296/1251/5 888/1408/5 999/1369/5
f 1156/1057/1 1297/1009/1 1014/1404/1 866/1442/1
f 1211/1182/2 1322/1154/2 866/1443/2 1014/1403/2
f 1314/1260/5 1315/1091/5 1015/1457/5 1403/1549/5
f 1166/1080/29 1313/1257/29 1403/1549/29 1015/1457/29
f 1310/1258/2 1311/1190/2 1020/1498/2 1404/1550/2
f 1244/1203/5 1309/1259/5 1404/1550/5 1020/1498/5
f 1336/1265/45 1335/1266/45 1030/1552/45 1029/1551/45
f 1340/1302/29 1339/1303/29 1029/1551/29 1030/1552/29
f 1197/1148/45 1336/1265/45 1029/1551/45 920/1483/45
f 1339/1303/29 1338/1173/29 920/1483/29 1029/1551/29
f 1334/1268/45 1333/933/45 1032/1345/45 1031/1553/45
f 1137/992/29 1341/1305/29 1031/1553/29 1032/1345/29
f 1335/1266/45 1334/1268/45 1031/1553/45 1030/1552/45
f 1341/1305/29 1340/1302/29 1030/1552/29 1031/1553/29
f 1337/1271/2 1352/1272/2 1102/1555/2 1101/1554/2
f 1353/1307/45 1350/1308/45 1101/1554/45 1102/1555/45
f 1199/1152/2 1337/1271/2 1101/1554/2 922/1486/2
f 1350/1308/45 1351/1177/45 922/1486/45 1101/1554/45
f 1354/1274/2 1356/937/2 1104/1347/2 1103/1556/2
f 1146/1020/45 1355/1310/45 1103/1556/45 1104/1347/45
f 1352/1272/2 1354/1274/2 1103/1556/2 1102/1555/2
f 1355/1310/45 1353/1307/45 1102/1555/45 1103/1556/45
f 1328/1277/16 1327/1278/16 1078/1558/16 1077/1557/16
f 1344/1297/2 1343/1298/2 1077/1557/2 1078/1558/2
f 1213/1156/16 1328/1277/16 1077/1557/16 924/1488/16
f 1343/1298/2 1342/1169/2 924/1488/2 1077/1557/2
f 1326/1280/16 1325/941/16 1080/1349/16 1079/1559/16
f 1136/988/2 1345/1300/2 1079/1559/2 1080/1349/2
f 1327/1278/16 1326/1280/16 1079/1559/16 1078/1558/16
f 1345/1300/2 1344/1297/2 1078/1558/2 1079/1559/2
f 1332/1283/29 1331/1284/29 1054/1561/29 1053/1560/29
f 1349/1312/16 1346/1313/16 1053/1563/16 1054/1562/16
f 1215/1160/29 1332/1283/29 1053/1560/29 926/1490/29
f 1346/1313/16 1347/1165/16 926/1491/16 1053/1563/16
f 1330/1286/29 1329/945/29 1056/1352/29 1055/1564/29
f 1145/1024/16 1348/1315/16 1055/1565/16 1056/1351/16
f 1331/1284/29 1330/1286/29 1055/1564/29 1054/1561/29
f 1348/1315/16 1349/1312/16 1054/1562/16 1055/1565/16
f 1364/1396/1 1138/999/1 1363/1392/1 847/1566/1
f 1377/1484/29 1207/1174/29 1364/1396/29 847/1566/29
f 1363/1395/45 1196/1147/45 1377/1482/45 847/1567/45
f 1357/1357/5 1126/950/5 1358/1358/5 848/1568/5
f 1373/1477/45 1183/1124/45 1357/1354/45 848/1569/45
f 1358/1358/29 1180/1125/29 1373/1477/29 848/1568/29
f 1371/1440/1 1155/1056/1 1372/1441/1 849/1570/1
f 1378/1485/45 1209/1178/45 1371/1437/45 849/1571/45
f 1372/1444/2 1198/1151/2 1378/1485/2 849/1572/2
f 1365/1409/5 1149/1027/5 1366/1410/5 850/1573/5
f 1374/1478/2 1193/1128/2 1365/1406/2 850/1574/2
f 1366/1413/45 1202/1137/45 1374/1478/45 850/1575/45
f 1367/1417/1 1147/1033/1 1368/1418/1 851/1576/1
f 1379/1487/2 1219/1170/2 1367/1414/2 851/1577/2
f 1368/1421/16 1212/1155/16 1379/1487/16 851/1578/16
f 1369/1432/5 1157/1051/5 1370/1433/5 852/1579/5
f 1375/1479/16 1191/1130/16 1369/1429/16 852/1580/16
f 1370/1436/2 1200/1135/2 1375/1479/2 852/1580/2
f 1359/1363/1 1128/954/1 1360/1364/1 853/1581/1
f 1380/1492/16 1217/1166/16 1359/1360/16 853/1582/16
f 1360/1364/29 1214/1159/29 1380/1489/29 853/1581/29
f 1362/1390/5 1140/995/5 1361/1386/5 854/1583/5
f 1376/1481/29 1189/1132/29 1362/1390/29 854/1583/29
f 1361/1389/16 1186/1133/16 1376/1480/16 854/1584/16
f 1290/1201/5 1230/1195/5 940/1475/5 1382/1504/5
f 1398/1542/5 990/1424/5 1174/1106/5 1406/1053/5
f 1231/1202/5 1222/1194/5 1230/1195/5 1290/1201/5
f 1384/1514/2 1275/1238/2 1398/1541/2 886/1585/2
f 1382/1506/16 1243/1209/16 1384/1511/16 886/1586/16
f 1294/1250/5 1295/1005/5 1017/1400/5 1402/1546/5
f 1383/1510/45 1240/1204/45 1381/1501/45 887/1587/45
f 1402/1548/2 1317/1256/2 1383/1507/2 887/1588/2
f 1381/1502/5 943/1449/5 1164/1072/5 1405/1029/5
f 1296/1251/5 1143/1004/5 1295/1005/5 1294/1250/5
f 1285/997/5 1286/981/5 993/1382/5 1397/1539/5
f 1391/1530/16 1259/1224/16 1390/1524/16 881/1589/16
f 1397/1540/29 1278/1237/29 1391/1527/29 881/1590/29
f 1287/998/5 1133/980/5 1286/981/5 1285/997/5
f 1390/1525/5 961/1468/5 1177/1100/5 1407/1220/5
f 1401/1545/5 1008/1422/5 1162/1068/5 1307/1246/5
f 1252/949/5 1168/1093/5 1251/1094/5 1408/948/5
f 1395/1536/5 1314/1260/5 1403/1549/5 904/1591/5
f 1392/1534/29 1318/1253/29 1401/1544/29 883/1592/29
f 1389/1523/45 1258/1227/45 1392/1531/45 883/1593/45
f 1385/1515/45 1254/1212/45 1386/1517/45 906/1594/45
f 1404/1550/5 1309/1259/5 1385/1515/5 906/1594/5
f 1386/1518/2 1310/1258/2 1404/1550/2 906/1594/2
f 1388/1521/16 1255/1213/16 1387/1519/16 905/1595/16
f 1400/1543/2 1301/1241/2 1388/1520/2 905/1595/2
f 1387/1519/5 1302/1242/5 1400/1543/5 905/1595/5
f 1396/1538/45 1266/1230/45 1395/1536/45 904/1591/45
f 1403/1549/29 1313/1257/29 1396/1537/29 904/1591/29

v 104.81842041015625 109.29978179931641 0.65026378631592
v 94 104.91228485107422 0
v 101.7872314453125 104.91228485107422 0
v 94 105.29289245605469 -1.91341722011566
v 101.7872314453125 105.29289245605469 -1.91341722011566
v 94 106.37675476074219 -3.5355339050293
v 101.7872314453125 106.37675476074219 -3.5355339050293
v 94 107.99887084960938 -4.61939764022827
v 101.7872314453125 107.99887084960938 -4.61939764022827
v 94 109.91228485107422 -5
v 101.7872314453125 109.91228485107422 -5
v 94 111.82570648193359 -4.61939764022827
v 101.7872314453125 111.82570648193359 -4.61939764022827
v 94 113.44782257080078 -3.5355339050293
v 101.7872314453125 113.44782257080078 -3.5355339050293
v 94 114.53168487548828 -1.91341722011566
v 101.7872314453125 114.53168487548828 -1.91341722011566
v 94 114.91228485107422 -0
v 101.7872314453125 114.91228485107422 -0
v 94 114.53168487548828 1.91341722011566
v 101.7872314453125 114.53168487548828 1.91341722011566
v 94 113.44782257080078 3.5355339050293
v 101.7872314453125 113.44782257080078 3.5355339050293
v 101.7872314453125 111.82570648193359 4.61939764022827
v 94 109.91228485107422 5
v 101.7872314453125 109.91228485107422 5
v 94 107.99887084960938 4.61939764022827
v 101.7872314453125 107.99887084960938 4.61939764022827
v 94 106.37675476074219 3.5355339050293
v 101.7872314453125 106.37675476074219 3.5355339050293
v 94 105.29289245605469 1.91341722011566
v 101.7872314453125 105.29289245605469 1.91341722011566
v 96.55999755859375 105.29289245605469 1.91341722011566
v 96.55999755859375 104.91228485107422 0
v 95.76000213623047 104.91228485107422 0
v 95.76000213623047 105.29289245605469 -1.91341722011566
v 96.55999755859375 105.29289245605469 -1.91341722011566
v 95.76000213623047 106.37675476074219 -3.5355339050293
v 96.55999755859375 106.37675476074219 -3.5355339050293
v 95.76000213623047 107.99887084960938 -4.61939764022827
v 96.55999755859375 107.99887084960938 -4.61939764022827
v 95.76000213623047 109.91228485107422 -5
v 96.55999755859375 109.91228485107422 -5
v 95.76000213623047 111.82570648193359 -4.61939764022827
v 96.55999755859375 111.82570648193359 -4.61939764022827
v 95.76000213623047 113.44782257080078 -3.5355339050293
v 96.55999755859375 113.44782257080078 -3.5355339050293
v 95.76000213623047 114.53168487548828 -1.91341722011566
v 96.55999755859375 114.53168487548828 -1.91341722011566
v 95.76000213623047 114.91228485107422 -0
v 96.55999755859375 114.91228485107422 -0
v 95.76000213623047 114.53168487548828 1.91341722011566
v 96.55999755859375 114.53168487548828 1.91341722011566
v 95.76000213623047 113.44782257080078 3.5355339050293
v 96.55999755859375 113.44782257080078 3.5355339050293
v 95.76000213623047 111.82570648193359 4.61939764022827
v 96.55999755859375 111.82570648193359 4.61939764022827
v 95.76000213623047 109.91228485107422 5
v 96.55999755859375 109.91228485107422 5
v 95.76000213623047 107.99887084960938 4.61939764022827
v 96.55999755859375 107.99887084960938 4.61939764022827
v 95.76000213623047 106.37675476074219 3.5355339050293
v 96.55999755859375 106.37675476074219 3.5355339050293
v 95.76000213623047 105.29289245605469 1.91341722011566
v 96.55999755859375 105.95227813720703 1.6402907371521
v 96.55999755859375 105.62599945068359 -0
v 95.76000213623047 105.62599945068359 -0
v 95.76000213623047 105.95227813720703 -1.6402907371521
v 96.55999755859375 105.95227813720703 -1.6402907371521
v 95.76000213623047 106.88142395019531 -3.0308620929718
v 96.55999755859375 106.88142395019531 -3.0308620929718
v 95.76000213623047 108.27199554443359 -3.96001219749451
v 96.55999755859375 108.27199554443359 -3.96001219749451
v 95.76000213623047 109.91228485107422 -4.28628635406494
v 96.55999755859375 109.91228485107422 -4.28628635406494
v 95.76000213623047 111.55257415771484 -3.96001219749451
v 96.55999755859375 111.55257415771484 -3.96001219749451
v 95.76000213623047 112.94314575195312 -3.0308620929718
v 96.55999755859375 112.94314575195312 -3.0308620929718
v 95.76000213623047 113.87229919433594 -1.6402907371521
v 96.55999755859375 113.87229919433594 -1.6402907371521
v 95.76000213623047 114.19857025146484 -0
v 96.55999755859375 114.19857025146484 -0
v 95.76000213623047 113.87229919433594 1.6402907371521
v 96.55999755859375 113.87229919433594 1.6402907371521
v 95.76000213623047 112.94314575195312 3.0308620929718
v 96.55999755859375 112.94314575195312 3.0308620929718
v 95.76000213623047 111.55257415771484 3.96001219749451
v 96.55999755859375 111.55257415771484 3.96001219749451
v 95.76000213623047 109.91228485107422 4.28628635406494
v 96.55999755859375 109.91228485107422 4.28628635406494
v 95.76000213623047 108.27199554443359 3.96001219749451
v 96.55999755859375 108.27199554443359 3.96001219749451
v 95.76000213623047 106.88142395019531 3.0308620929718
v 96.55999755859375 106.88142395019531 3.0308620929718
v 95.76000213623047 105.95227813720703 1.6402907371521
v 101.7872314453125 106.23775482177734 -0
v 101.7872314453125 106.51746368408203 -1.40618228912354
v 101.7872314453125 107.31400299072266 -2.59828615188599
v 101.7872314453125 108.506103515625 -3.39482450485229
v 101.7872314453125 109.91228485107422 -3.67453145980835
v 101.7872314453125 111.31846618652344 -3.39482450485229
v 101.7872314453125 112.51057434082031 -2.59828615188599
v 101.7872314453125 113.30711364746094 -1.40618228912354
v 101.7872314453125 113.58681488037109 -0
v 101.7872314453125 113.30711364746094 1.40618228912354
v 101.7872314453125 112.51057434082031 2.59828615188599
v 101.7872314453125 111.31846618652344 3.39482450485229
v 101.7872314453125 109.91228485107422 3.67453145980835
v 101.7872314453125 108.506103515625 3.39482450485229
v 101.7872314453125 107.31400299072266 2.59828615188599
v 101.7872314453125 106.51746368408203 1.40618228912354
v 104.89137268066406 106.23775482177734 -0
v 104.89137268066406 106.51746368408203 -1.40618228912354
v 104.89137268066406 107.31400299072266 -2.59828615188599
v 104.89137268066406 108.506103515625 -3.39482450485229
v 104.89137268066406 109.91228485107422 -3.67453145980835
v 104.89137268066406 111.31846618652344 -3.39482450485229
v 104.89137268066406 112.51057434082031 -2.59828615188599
v 104.89137268066406 113.30711364746094 -1.40618228912354
v 104.89137268066406 113.58681488037109 -0
v 104.89137268066406 113.30711364746094 1.40618228912354
v 104.89137268066406 112.51057434082031 2.59828615188599
v 104.89137268066406 111.31846618652344 3.39482450485229
v 104.89137268066406 109.91228485107422 3.67453145980835
v 104.89137268066406 108.506103515625 3.39482450485229
v 104.89137268066406 107.31400299072266 2.59828615188599
v 104.89137268066406 106.51746368408203 1.40618228912354
v 104.81842041015625 109.17043304443359 -0
v 104.81842041015625 109.29978179931641 -0.65026378631592
v 104.81842041015625 109.66812896728516 -1.20153081417084
v 104.81842041015625 110.21939086914062 -1.5698755979538
v 104.81842041015625 110.86965942382812 -1.69922113418579
v 104.81842041015625 111.51992034912109 -1.5698755979538
v 104.81842041015625 112.07118988037109 -1.20153081417084
v 104.81842041015625 112.43952941894531 -0.65026378631592
v 104.81842041015625 112.56887817382812 -0
v 104.81842041015625 112.43952941894531 0.65026378631592
v 104.81842041015625 112.07118988037109 1.20153081417084
v 104.81842041015625 111.51992034912109 1.5698755979538
v 104.81842041015625 110.86965942382812 1.69922113418579
v 104.81842041015625 110.21939086914062 1.5698755979538
v 104.81842041015625 109.66812896728516 1.20153081417084
v 105.09342956542969 110.86965942382812 1.03014898300171
v 105.09342956542969 110.21939086914062 0.96547621488571
v 105.09342956542969 111.51992034912109 0.96547621488571
v 105.09342956542969 110.86965942382812 -1.03014898300171
v 105.09342956542969 110.21939086914062 -0.96547621488571
v 105.09342956542969 111.51992034912109 -0.96547621488571
v 105.09342956542969 109.29978179931641 0.65026378631592
v 105.09342956542969 109.17043304443359 -0
v 105.09342956542969 109.29978179931641 -0.65026378631592
v 105.09342956542969 109.66812896728516 -1.20153081417084
v 105.09342956542969 110.21939086914062 -1.5698755979538
v 105.09342956542969 110.86965942382812 -1.69922113418579
v 105.09342956542969 111.51992034912109 -1.5698755979538
v 105.09342956542969 112.07118988037109 -1.20153081417084
v 105.09342956542969 112.43952941894531 -0.65026378631592
v 105.09342956542969 112.56887817382812 -0
v 105.09342956542969 112.43952941894531 0.65026378631592
v 105.09342956542969 112.07118988037109 1.20153081417084
v 105.09342956542969 111.51992034912109 1.5698755979538
v 105.09342956542969 110.86965942382812 1.69922113418579
v 105.09342956542969 110.21939086914062 1.5698755979538
v 105.09342956542969 109.66812896728516 1.20153081417084
v 105.09342956542969 110.86965942382812 0.36107677221298
v 105.09342956542969 110.21939086914062 0.36107677221298
v 105.09342956542969 111.51992034912109 0.36107677221298
v 105.09342956542969 110.86965942382812 -0.36107677221298
v 105.09342956542969 110.21939086914062 -0.36107677221298
v 105.09342956542969 111.51992034912109 -0.36107677221298
v 105.09342956542969 109.47574615478516 0.36107677221298
v 105.09342956542969 109.38905334472656 -0
v 105.09342956542969 109.47574615478516 -0.36107677221298
v 105.09342956542969 112.26356506347656 -0.36107677221298
v 105.09342956542969 112.35026550292969 0
v 105.09342956542969 112.26356506347656 0.36107677221298
v 96.7637939453125 110.86965942382812 0.36107677221298
v 96.7637939453125 110.21939086914062 0.36107677221298
v 96.7637939453125 111.51992034912109 0.36107677221298
v 96.7637939453125 110.86965942382812 -0.36107677221298
v 96.7637939453125 110.21939086914062 -0.36107677221298
v 96.7637939453125 111.51992034912109 -0.36107677221298
v 96.7637939453125 109.47574615478516 0.36107677221298
v 96.7637939453125 109.38905334472656 -0
v 96.7637939453125 109.47574615478516 -0.36107677221298
v 96.7637939453125 112.26356506347656 -0.36107677221298
v 96.7637939453125 112.35026550292969 -0
v 96.7637939453125 112.26356506347656 0.36107677221298
v 96.7637939453125 111.89174652099609 -0.36107677221298
v 105.09342956542969 111.89174652099609 -0.36107677221298
v 105.09342956542969 109.84757232666016 0.36107677221298
v 96.7637939453125 111.89174652099609 0.36107677221298
v 105.09342956542969 111.89174652099609 0.36107677221298
v 96.7637939453125 109.84757232666016 0.36107677221298
v 96.7637939453125 109.84757232666016 -0.36107677221298
v 105.09342956542969 109.84757232666016 -0.36107677221298
v 105.09342956542969 111.60166168212891 0.15747718513012
v 105.09342956542969 111.98146820068359 -0.78130376338959
v 105.09342956542969 112.35154724121094 -0.50567024946213
v 105.09342956542969 112.45957183837891 -0
v 105.09342956542969 112.35154724121094 0.50567024946213
v 105.09342956542969 111.98146820068359 0.78130376338959
v 105.09342956542969 109.78387451171875 -0.62317562103271
v 105.09342956542969 109.41011810302734 -0.46893399953842
v 105.09342956542969 109.26943969726562 -0
v 105.09342956542969 110.56410217285156 0.44208586215973
v 105.09342956542969 109.75785064697266 0.78130376338959
v 96.7637939453125 111.60166168212891 0.15747718513012
v 94 111.8218994140625 4.6102089881897
v 96.77433013916016 110.38179016113281 -0.01240246836096
v 94 110.62994384765625 1.35248816013336
v 96.7637939453125 111.65706634521484 0.14494858682156
v 105.09342956542969 111.65706634521484 0.14494858682156
v 105.07234954833984 111.11289215087891 -0.13265818357468
v 96.7637939453125 110.15093994140625 0.10807282477617
v 96.76911926269531 110.57891082763672 -0.17249809205532
v 105.09342956542969 110.13787078857422 -0.15749375522137
v 96.7637939453125 110.13787078857422 -0.15749375522137
v 96.77899932861328 110.78578948974609 -0.04559030756354
v 96.78350830078125 111.03830718994141 -0.14743435382843
v 105.07371520996094 111.03830718994141 -0.14743435382843
v 105.07234954833984 110.62570190429688 0.13268882036209
v 96.78487396240234 110.62570190429688 0.13268882036209
v 96.78487396240234 111.11289215087891 -0.13265818357468
v 96.7637939453125 109.84757232666016 0
v 96.7637939453125 111.932861328125 0.01910773850977
v 96.7637939453125 111.59584808349609 -0.08093321323395
v 96.77247619628906 111.39760589599609 -0.01541431248188
v 96.7637939453125 110.08092498779297 -0.14457593858242
v 105.09342956542969 111.55893707275391 0.39659643173218
v 96.77433013916016 110.99127197265625 0.11420930176973
v 96.78351593017578 110.86932373046875 -0.00002796963236
v 96.76873779296875 111.31547546386719 0.13719096779823
v 96.78351593017578 110.70034027099609 0.14737841486931
v 105.07370758056641 110.70034027099609 0.14737841486931
v 104.89137268066406 109.252685546875 0.66977280378342
v 104.81842041015625 109.252685546875 0.66977280378342
v 104.81842041015625 109.11945343017578 -0
v 104.81842041015625 109.252685546875 -0.66977280378342
v 104.81842041015625 109.632080078125 -1.23757874965668
v 104.81842041015625 110.19988250732422 -1.61697459220886
v 104.81842041015625 110.86965942382812 -1.75020062923431
v 104.81842041015625 111.5394287109375 -1.61697459220886
v 104.81842041015625 112.10723876953125 -1.23757874965668
v 104.81842041015625 112.48663330078125 -0.66977280378342
v 104.81842041015625 112.61985778808594 -0
v 104.81842041015625 112.48663330078125 0.66977280378342
v 104.81842041015625 112.10723876953125 1.23757874965668
v 104.81842041015625 111.5394287109375 1.61697459220886
v 104.81842041015625 110.86965942382812 1.75020062923431
v 104.81842041015625 110.19988250732422 1.61697459220886
v 104.81842041015625 109.632080078125 1.23757874965668
v 104.89137268066406 109.11945343017578 -0
v 104.89137268066406 109.252685546875 -0.66977280378342
v 104.89137268066406 109.632080078125 -1.23757874965668
v 104.89137268066406 110.19988250732422 -1.61697459220886
v 104.89137268066406 110.86965942382812 -1.75020062923431
v 104.89137268066406 111.5394287109375 -1.61697459220886
v 104.89137268066406 112.10723876953125 -1.23757874965668
v 104.89137268066406 112.48663330078125 -0.66977280378342
v 104.89137268066406 112.61985778808594 -0
v 104.89137268066406 112.48663330078125 0.66977280378342
v 104.89137268066406 112.10723876953125 1.23757874965668
v 104.89137268066406 111.5394287109375 1.61697459220886
v 104.89137268066406 110.86965942382812 1.75020062923431
v 104.89137268066406 110.19988250732422 1.61697459220886
v 104.89137268066406 109.632080078125 1.23757874965668
v 94 106.54412841796875 -0.00015329636517
v 94 106.79271697998047 -1.30764448642731
v 94 107.50946044921875 -2.40289568901062
v 94 108.60472869873047 -3.11962795257568
v 94 109.91224670410156 -3.36821126937866
v 94 111.21976470947266 -3.11964678764343
v 94 112.31501770019531 -2.40293884277344
v 94 113.03173065185547 -1.3077300786972
v 94 113.28025054931641 -0.00033063878072
v 94 113.03155517578125 1.30690252780914
v 94 112.31447601318359 2.40132975578308
v 94 109.91168975830078 3.36665630340576
v 94 108.60451507568359 3.11891984939575
v 94 107.50936889648438 2.40246558189392
v 94 106.79267883300781 1.30731296539307
v 94 111.21856689453125 3.1165075302124
v 94 107.67152404785156 -0.00028527603718
v 94 107.81726837158203 -0.92000961303711
v 94 108.25302886962891 -1.65938222408295
v 94 108.992431640625 -2.09512996673584
v 94 109.91220092773438 -2.24086427688599
v 94 110.83197784423828 -2.09516334533691
v 94 111.57135772705078 -1.6594523191452
v 94 112.00707244873047 -0.92013722658157
v 94 112.15272521972656 -0.00052224867977
v 94 112.00688934326172 0.91896975040436
v 94 111.57095336914062 1.65793466567993
v 94 109.91179656982422 2.23944664001465
v 94 108.99219512939453 2.09416246414185
v 94 108.25290679931641 1.65867340564728
v 94 107.81721496582031 0.91940945386887
v 94 110.8314208984375 2.09335327148438
v 94 108.50475311279297 -0.0003917068243
v 94 108.55860137939453 -0.71841269731522
v 94 108.66996002197266 -1.2424943447113
v 94 109.19407653808594 -1.35385227203369
v 94 109.91216278076172 -1.40769422054291
v 94 110.6302490234375 -1.35389804840088
v 94 111.15437316894531 -1.24257254600525
v 94 111.26567840576172 -0.71853220462799
v 94 111.31942749023438 -0.00059455342125
v 94 111.26551818847656 0.71727764606476
v 94 111.15408325195312 1.24117732048035
v 94 109.91191101074219 1.40644979476929
v 94 109.19390106201172 1.35284423828125
v 94 108.66983032226562 1.24165439605713
v 94 108.55853271484375 0.71761155128479
v 94 109.91206359863281 -0.00055521243485
v 94 110.604736328125 -0.00059858837631
v 94 109.91199493408203 0.69196784496307
v 94 110.59895324707031 0.68618953227997
v 94 109.91212463378906 -0.69311171770096
v 94 110.59909820556641 -0.68743717670441
v 94 109.22515106201172 -0.68736660480499
v 94 109.21940612792969 -0.00048161539598
v 94 109.22505950927734 0.68638676404953
v 94 106.04280090332031 -1.61053085327148
v 94 105.72820281982422 -0.00007664818258
v 94 106.04278564453125 1.61036503314972
v 94 106.94306182861328 2.96899962425232
v 94 108.30169677734375 3.86915874481201
v 94 109.9119873046875 4.18332815170288
v 94 111.52023315429688 3.86335825920105
v 94 112.88114929199219 2.9684317111969
v 94 113.78162384033203 1.6101598739624
v 94 114.09626770019531 -0.00016531939036
v 94 113.78170776367188 -1.61057364940643
v 94 112.88141632080078 -2.96923637390137
v 94 111.52273559570312 -3.86952209472656
v 94 109.91226196289062 -4.18410539627075
v 94 108.30179595947266 -3.86951279640198
v 94 106.94310760498047 -2.96921467781067
v 98.16611480712891 110.62570190429688 0.13268882036209
v 99.54736328125 110.62570190429688 0.13268882036209
v 100.92861175537109 110.62570190429688 0.13268882036209
v 102.30986022949219 110.62570190429688 0.13268882036209
v 103.69110107421875 110.62570190429688 0.13268882036209
v 98.15206909179688 110.21939086914062 0.36107677221298
v 99.54033660888672 110.21939086914062 0.36107677221298
v 100.92861175537109 110.21939086914062 0.36107677221298
v 102.31688690185547 110.21939086914062 0.36107677221298
v 103.70515441894531 110.21939086914062 0.36107677221298
v 98.15206909179688 109.84757232666016 0.36107677221298
v 99.54033660888672 109.84757232666016 0.36107677221298
v 100.92861175537109 109.84757232666016 0.36107677221298
v 102.31688690185547 109.84757232666016 0.36107677221298
v 103.70515441894531 109.84757232666016 0.36107677221298
v 98.15206909179688 109.47574615478516 0.36107677221298
v 99.54033660888672 109.47574615478516 0.36107677221298
v 100.92861175537109 109.47574615478516 0.36107677221298
v 102.31688690185547 109.47574615478516 0.36107677221298
v 103.70515441894531 109.47574615478516 0.36107677221298
v 98.15206909179688 109.38905334472656 -0
v 99.54033660888672 109.38905334472656 -0
v 100.92861175537109 109.38905334472656 -0
v 102.31688690185547 109.38905334472656 -0
v 103.70515441894531 109.38905334472656 -0
v 98.15206909179688 109.47574615478516 -0.36107677221298
v 99.54033660888672 109.47574615478516 -0.36107677221298
v 100.92861175537109 109.47574615478516 -0.36107677221298
v 102.31688690185547 109.47574615478516 -0.36107677221298
v 103.70515441894531 109.47574615478516 -0.36107677221298
v 98.15206909179688 109.84757232666016 -0.36107677221298
v 99.54033660888672 109.84757232666016 -0.36107677221298
v 100.92861175537109 109.84757232666016 -0.36107677221298
v 102.31688690185547 109.84757232666016 -0.36107677221298
v 103.70515441894531 109.84757232666016 -0.36107677221298
v 105.09342956542969 112.17267608642578 -0.42953106760979
v 105.09342956542969 112.34783172607422 -0.26713833212852
v 96.7637939453125 111.68976593017578 0.09857063740492
v 96.76566314697266 111.51519012451172 0.19431461393833
v 96.76491546630859 111.58937835693359 0.0696287304163
v 98.15206909179688 110.13787078857422 -0.15749375522137
v 99.54033660888672 110.13787078857422 -0.15749375522137
v 100.92861175537109 110.13787078857422 -0.15749375522137
v 102.31688690185547 110.13787078857422 -0.15749375522137
v 103.70515441894531 110.13787078857422 -0.15749375522137
v 98.15206909179688 110.21939086914062 -0.36107677221298
v 99.54033660888672 110.21939086914062 -0.36107677221298
v 100.92861175537109 110.21939086914062 -0.36107677221298
v 102.31688690185547 110.21939086914062 -0.36107677221298
v 103.70515441894531 110.21939086914062 -0.36107677221298
v 98.15206909179688 110.86965942382812 -0.36107677221298
v 99.54033660888672 110.86965942382812 -0.36107677221298
v 100.92861175537109 110.86965942382812 -0.36107677221298
v 102.31688690185547 110.86965942382812 -0.36107677221298
v 103.70515441894531 110.86965942382812 -0.36107677221298
v 98.16521453857422 111.03830718994141 -0.14743435382843
v 99.54691314697266 111.03830718994141 -0.14743435382843
v 100.92861175537109 111.03830718994141 -0.14743435382843
v 102.31031036376953 111.03830718994141 -0.14743435382843
v 103.69200897216797 111.03830718994141 -0.14743435382843
v 98.16612243652344 111.11289215087891 -0.13265818357468
v 99.54736328125 111.11289215087891 -0.13265818357468
v 100.92861175537109 111.11289215087891 -0.13265818357468
v 102.30986022949219 111.11289215087891 -0.13265818357468
v 103.69110107421875 111.11289215087891 -0.13265818357468
v 98.15206909179688 111.51992034912109 -0.36107677221298
v 99.54033660888672 111.51992034912109 -0.36107677221298
v 100.92861175537109 111.51992034912109 -0.36107677221298
v 102.31688690185547 111.51992034912109 -0.36107677221298
v 103.70515441894531 111.51992034912109 -0.36107677221298
v 98.15206909179688 111.89174652099609 -0.36107677221298
v 99.54033660888672 111.89174652099609 -0.36107677221298
v 100.92861175537109 111.89174652099609 -0.36107677221298
v 102.31688690185547 111.89174652099609 -0.36107677221298
v 103.70515441894531 111.89174652099609 -0.36107677221298
v 98.15206909179688 112.26356506347656 -0.36107677221298
v 99.54033660888672 112.26356506347656 -0.36107677221298
v 100.92861175537109 112.26356506347656 -0.36107677221298
v 102.31688690185547 112.26356506347656 -0.36107677221298
v 103.70515441894531 112.26356506347656 -0.36107677221298
v 98.15206909179688 112.35026550292969 0
v 99.54033660888672 112.35026550292969 0
v 100.92861175537109 112.35026550292969 0
v 102.31688690185547 112.35026550292969 0
v 103.70515441894531 112.35026550292969 0
v 98.15206909179688 112.26356506347656 0.36107677221298
v 99.54033660888672 112.26356506347656 0.36107677221298
v 100.92861175537109 112.26356506347656 0.36107677221298
v 102.31688690185547 112.26356506347656 0.36107677221298
v 103.70515441894531 112.26356506347656 0.36107677221298
v 98.15206909179688 111.89174652099609 0.36107677221298
v 99.54033660888672 111.89174652099609 0.36107677221298
v 100.92861175537109 111.89174652099609 0.36107677221298
v 102.31688690185547 111.89174652099609 0.36107677221298
v 103.70515441894531 111.89174652099609 0.36107677221298
v 98.15206909179688 111.65706634521484 0.14494858682156
v 99.54033660888672 111.65706634521484 0.14494858682156
v 100.92861175537109 111.65706634521484 0.14494858682156
v 102.31688690185547 111.65706634521484 0.14494858682156
v 103.70515441894531 111.65706634521484 0.14494858682156
v 98.15206909179688 111.60166168212891 0.15747718513012
v 99.54033660888672 111.60166168212891 0.15747718513012
v 100.92861175537109 111.60166168212891 0.15747718513012
v 102.31688690185547 111.60166168212891 0.15747718513012
v 103.70515441894531 111.60166168212891 0.15747718513012
v 98.15206909179688 111.51992034912109 0.36107677221298
v 99.54033660888672 111.51992034912109 0.36107677221298
v 100.92861175537109 111.51992034912109 0.36107677221298
v 102.31688690185547 111.51992034912109 0.36107677221298
v 103.70515441894531 111.51992034912109 0.36107677221298
v 98.15206909179688 110.86965942382812 0.36107677221298
v 99.54033660888672 110.86965942382812 0.36107677221298
v 100.92861175537109 110.86965942382812 0.36107677221298
v 102.31688690185547 110.86965942382812 0.36107677221298
v 103.70515441894531 110.86965942382812 0.36107677221298
v 98.16521453857422 110.70034027099609 0.14737841486931
v 99.54691314697266 110.70034027099609 0.14737841486931
v 100.92861175537109 110.70034027099609 0.14737841486931
v 102.31031036376953 110.70034027099609 0.14737841486931
v 103.69200897216797 110.70034027099609 0.14737841486931
v 101.63722991943359 109.91228485107422 5
v 101.63722991943359 104.91228485107422 0
v 101.63722991943359 105.29289245605469 -1.91341722011566
v 101.63722991943359 113.44782257080078 -3.5355339050293
v 101.63722991943359 106.37675476074219 -3.5355339050293
v 101.63722991943359 114.53168487548828 -1.91341722011566
v 101.63722991943359 107.99887084960938 -4.61939764022827
v 101.63722991943359 114.91228485107422 -0
v 101.63722991943359 109.91228485107422 -5
v 101.63722991943359 114.53168487548828 1.91341722011566
v 101.63722991943359 111.82570648193359 -4.61939764022827
v 101.63722991943359 106.37675476074219 3.5355339050293
v 101.63722991943359 113.44782257080078 3.5355339050293
v 101.63722991943359 105.29289245605469 1.91341722011566
v 101.63722991943359 111.82570648193359 4.61939764022827
v 101.63722991943359 107.99887084960938 4.61939764022827
v 96.70999908447266 104.91228485107422 0
v 96.70999908447266 105.29289245605469 1.91341722011566
v 96.70999908447266 106.37675476074219 3.5355339050293
v 96.70999908447266 105.29289245605469 -1.91341722011566
v 96.70999908447266 106.37675476074219 -3.5355339050293
v 96.70999908447266 107.99887084960938 -4.61939764022827
v 96.70999908447266 109.91228485107422 -5
v 96.70999908447266 111.82570648193359 -4.61939764022827
v 96.70999908447266 113.44782257080078 -3.5355339050293
v 96.70999908447266 114.53168487548828 -1.91341722011566
v 96.70999908447266 114.91228485107422 -0
v 96.70999908447266 114.53168487548828 1.91341722011566
v 96.70999908447266 113.44782257080078 3.5355339050293
v 96.70999908447266 111.82570648193359 4.61939764022827
v 96.70999908447266 109.91228485107422 5
v 96.70999908447266 107.99887084960938 4.61939764022827
v 95.61000061035156 105.29289245605469 1.91341722011566
v 95.61000061035156 104.91228485107422 0
v 95.61000061035156 105.29289245605469 -1.91341722011566
v 95.61000061035156 114.91228485107422 -0
v 95.61000061035156 106.37675476074219 -3.5355339050293
v 95.61000061035156 113.44782257080078 -3.5355339050293
v 95.61000061035156 107.99887084960938 -4.61939764022827
v 95.61000061035156 109.91228485107422 -5
v 95.61000061035156 111.82570648193359 -4.61939764022827
v 95.61000061035156 114.53168487548828 -1.91341722011566
v 95.61000061035156 107.99887084960938 4.61939764022827
v 95.61000061035156 114.53168487548828 1.91341722011566
v 95.61000061035156 113.44782257080078 3.5355339050293
v 95.61000061035156 111.82537841796875 4.6186146736145
v 95.61000061035156 109.91228485107422 5
v 95.61000061035156 106.37675476074219 3.5355339050293
v 94.15000152587891 104.91228485107422 0
v 94.15000152587891 105.29289245605469 1.91341722011566
v 94.15000152587891 105.29289245605469 -1.91341722011566
v 94.15000152587891 106.37675476074219 -3.5355339050293
v 94.15000152587891 107.99887084960938 -4.61939764022827
v 94.15000152587891 109.91228485107422 -5
v 94.15000152587891 111.82570648193359 -4.61939764022827
v 94.15000152587891 113.44782257080078 -3.5355339050293
v 94.15000152587891 114.53168487548828 -1.91341722011566
v 94.15000152587891 114.91228485107422 -0
v 94.15000152587891 114.53168487548828 1.91341722011566
v 94.15000152587891 113.44782257080078 3.5355339050293
v 94.15000152587891 109.91228485107422 5
v 94.14999389648438 111.82221984863281 4.61099243164062
v 94.15000152587891 107.99887084960938 4.61939764022827
v 94.15000152587891 106.37675476074219 3.5355339050293
v 104.74137878417969 106.23775482177734 -0
v 104.74137878417969 106.51746368408203 -1.40618228912354
v 104.74137878417969 109.91228485107422 -3.67453145980835
v 104.74137878417969 107.31400299072266 -2.59828615188599
v 104.74137878417969 108.506103515625 -3.39482450485229
v 104.74137878417969 111.31846618652344 -3.39482450485229
v 104.74137878417969 112.51057434082031 -2.59828615188599
v 104.74137878417969 113.30711364746094 -1.40618228912354
v 104.74137878417969 113.58681488037109 -0
v 104.74137878417969 113.30711364746094 1.40618228912354
v 104.74137878417969 107.31400299072266 2.59828615188599
v 104.74137878417969 112.51057434082031 2.59828615188599
v 104.74137878417969 111.31846618652344 3.39482450485229
v 104.74137878417969 109.91228485107422 3.67453145980835
v 104.74137878417969 108.506103515625 3.39482450485229
v 104.74137878417969 106.51746368408203 1.40618228912354
v 101.93723297119141 106.51746368408203 1.40618228912354
v 101.93723297119141 106.23775482177734 -0
v 101.93723297119141 106.51746368408203 -1.40618228912354
v 101.93723297119141 107.31400299072266 -2.59828615188599
v 101.93723297119141 108.506103515625 -3.39482450485229
v 101.93723297119141 109.91228485107422 -3.67453145980835
v 101.93723297119141 111.31846618652344 -3.39482450485229
v 101.93723297119141 112.51057434082031 -2.59828615188599
v 101.93723297119141 113.30711364746094 -1.40618228912354
v 101.93723297119141 113.58681488037109 -0
v 101.93723297119141 113.30711364746094 1.40618228912354
v 101.93723297119141 112.51057434082031 2.59828615188599
v 101.93723297119141 111.31846618652344 3.39482450485229
v 101.93723297119141 109.91228485107422 3.67453145980835
v 101.93723297119141 108.506103515625 3.39482450485229
v 101.93723297119141 107.31400299072266 2.59828615188599
v 104.89137268066406 106.39069366455078 -0
v 104.89137268066406 106.65876007080078 -1.34765517711639
v 104.89137268066406 107.42214202880859 -2.49014210700989
v 104.89137268066406 108.56462860107422 -3.25352764129639
v 104.89137268066406 109.91228485107422 -3.52159285545349
v 104.89137268066406 111.25994110107422 -3.25352764129639
v 104.89137268066406 112.40242767333984 -2.49014210700989
v 104.89137268066406 113.16581726074219 -1.34765517711639
v 104.89137268066406 113.43387603759766 -0
v 104.89137268066406 113.16581726074219 1.34765517711639
v 104.89137268066406 112.40242767333984 2.49014210700989
v 104.89137268066406 111.25994110107422 3.25352764129639
v 104.89137268066406 109.91228485107422 3.52159285545349
v 104.89137268066406 108.56462860107422 3.25352764129639
v 104.89137268066406 107.42214202880859 2.49014210700989
v 104.89137268066406 106.65876007080078 1.34765517711639
v 104.89137268066406 109.11138916015625 0.72829991579056
v 104.89137268066406 108.96651458740234 -0
v 104.89137268066406 109.11138916015625 -0.72829991579056
v 104.89137268066406 109.52393341064453 -1.34572279453278
v 104.89137268066406 110.141357421875 -1.75827145576477
v 104.89137268066406 110.86965942382812 -1.90313935279846
v 104.89137268066406 111.59795379638672 -1.75827145576477
v 104.89137268066406 112.21537780761719 -1.34572279453278
v 104.89137268066406 112.6279296875 -0.72829991579056
v 104.89137268066406 112.77279663085938 -0
v 104.89137268066406 112.6279296875 0.72829991579056
v 104.89137268066406 112.21537780761719 1.34572279453278
v 104.89137268066406 111.59795379638672 1.75827145576477
v 104.89137268066406 110.86965942382812 1.90313935279846
v 104.89137268066406 110.141357421875 1.75827145576477
v 104.89137268066406 109.52393341064453 1.34572279453278
v 94 105.06522369384766 -0
v 94 105.43418884277344 -1.85489010810852
v 94 106.48489379882812 -3.4273898601532
v 94 108.05739593505859 -4.47810077667236
v 94 109.91228485107422 -4.84706115722656
v 94 111.76717376708984 -4.47810077667236
v 94 113.33967590332031 -3.4273898601532
v 94 114.39038848876953 -1.85489010810852
v 94 114.75934600830078 -0
v 94 114.39038848876953 1.85489010810852
v 94 113.33989715576172 3.42706537246704
v 94 109.91190338134766 4.84698534011841
v 94 108.05739593505859 4.47810077667236
v 94 106.48489379882812 3.4273898601532
v 94 105.43418884277344 1.85489010810852
v 94 111.763427734375 4.46905088424683
v 103.33930206298828 106.23775482177734 -0
v 103.33930206298828 106.51746368408203 -1.40618228912354
v 103.33930206298828 107.31400299072266 -2.59828615188599
v 103.33930206298828 108.506103515625 -3.39482450485229
v 103.33930206298828 109.91228485107422 -3.67453145980835
v 103.33930206298828 111.31846618652344 -3.39482450485229
v 103.33930206298828 112.51057434082031 -2.59828615188599
v 103.33930206298828 113.30711364746094 -1.40618228912354
v 103.33930206298828 113.58681488037109 -0
v 103.33930206298828 113.30711364746094 1.40618228912354
v 103.33930206298828 112.51057434082031 2.59828615188599
v 103.33930206298828 111.31846618652344 3.39482450485229
v 103.33930206298828 109.91228485107422 3.67453145980835
v 103.33930206298828 108.506103515625 3.39482450485229
v 103.33930206298828 107.31400299072266 2.59828615188599
v 103.33930206298828 106.51746368408203 1.40618228912354
v 99.99481964111328 104.91228485107422 0
v 98.35240936279297 104.91228485107422 0
v 99.99481964111328 105.29289245605469 -1.91341722011566
v 98.35240936279297 105.29289245605469 -1.91341722011566
v 99.99481964111328 106.37675476074219 -3.5355339050293
v 98.35240936279297 106.37675476074219 -3.5355339050293
v 99.99481964111328 107.99887084960938 -4.61939764022827
v 98.35240936279297 107.99887084960938 -4.61939764022827
v 99.99481964111328 109.91228485107422 -5
v 98.35240936279297 109.91228485107422 -5
v 99.99481964111328 111.82570648193359 -4.61939764022827
v 98.35240936279297 111.82570648193359 -4.61939764022827
v 99.99481964111328 113.44782257080078 -3.5355339050293
v 98.35240936279297 113.44782257080078 -3.5355339050293
v 99.99481964111328 114.53168487548828 -1.91341722011566
v 98.35240936279297 114.53168487548828 -1.91341722011566
v 99.99481964111328 114.91228485107422 -0
v 98.35240936279297 114.91228485107422 -0
v 99.99481964111328 114.53168487548828 1.91341722011566
v 98.35240936279297 114.53168487548828 1.91341722011566
v 99.99481964111328 113.44782257080078 3.5355339050293
v 98.35240936279297 113.44782257080078 3.5355339050293
v 99.99481964111328 111.82570648193359 4.61939764022827
v 98.35240936279297 111.82570648193359 4.61939764022827
v 99.99481964111328 109.91228485107422 5
v 98.35240936279297 109.91228485107422 5
v 99.99481964111328 107.99887084960938 4.61939764022827
v 98.35240936279297 107.99887084960938 4.61939764022827
v 99.99481964111328 106.37675476074219 3.5355339050293
v 98.35240936279297 106.37675476074219 3.5355339050293
v 99.99481964111328 105.29289245605469 1.91341722011566
v 98.35240936279297 105.29289245605469 1.91341722011566
v 104.89137268066406 112.98651885986328 1.1412034034729
v 104.89137268066406 112.80722045898438 0.93475168943405
v 104.89137268066406 113.21351623535156 -0
v 104.89137268066406 112.99315643310547 -0
v 104.89137268066406 112.98651885986328 -1.1412034034729
v 104.89137268066406 112.80722045898438 -0.93475168943405
v 104.89137268066406 112.34008026123047 -2.10866904258728
v 104.89137268066406 112.27773284912109 -1.72719585895538
v 104.89137268066406 111.37261199951172 -2.75510883331299
v 104.89137268066406 111.48528289794922 -2.25669026374817
v 104.89137268066406 110.23140716552734 -2.98210835456848
v 104.89137268066406 110.550537109375 -2.44262385368347
v 104.89137268066406 109.0902099609375 -2.75510883331299
v 104.89137268066406 109.61578369140625 -2.25669026374817
v 104.89137268066406 108.12274169921875 -2.10866904258728
v 104.89137268066406 108.82334136962891 -1.72719585895538
v 104.89137268066406 107.47630310058594 -1.1412034034729
v 104.89137268066406 108.29384613037109 -0.93475168943405
v 104.89137268066406 107.24930572509766 -0
v 104.89137268066406 108.10791015625 -0
v 104.89137268066406 107.47630310058594 1.1412034034729
v 104.89137268066406 108.29384613037109 0.93475168943405
v 104.89137268066406 108.12274169921875 2.10866904258728
v 104.89137268066406 108.82334136962891 1.72719585895538
v 104.89137268066406 109.0902099609375 2.75510883331299
v 104.89137268066406 109.61578369140625 2.25669026374817
v 104.89137268066406 110.23140716552734 2.98210835456848
v 104.89137268066406 110.550537109375 2.44262385368347
v 104.89137268066406 111.37261199951172 2.75510883331299
v 104.89137268066406 111.48528289794922 2.25669026374817
v 104.89137268066406 112.34008026123047 2.10866904258728
v 104.89137268066406 112.27773284912109 1.72719585895538
v 101.84722900390625 109.91228485107422 3.67453145980835
v 101.84722900390625 108.506103515625 3.39482450485229
v 105.09342956542969 109.68360900878906 -1.12903237342834
v 101.84722900390625 112.51057434082031 2.59828615188599
v 101.84722900390625 111.31846618652344 3.39482450485229
v 101.84722900390625 113.58681488037109 -0
v 101.84722900390625 113.30711364746094 1.40618228912354
v 101.84722900390625 112.51057434082031 -2.59828615188599
v 101.84722900390625 113.30711364746094 -1.40618228912354
v 105.09342956542969 111.51992034912109 -1.50320720672607
v 104.89137268066406 113.25059509277344 1.38277149200439
v 104.89137268066406 106.57398223876953 1.38277149200439
v 104.89137268066406 109.05828094482422 -0
v 104.89137268066406 113.52564239501953 -0
v 105.09342956542969 110.86965942382812 1.63804566860199
v 101.84722900390625 107.31400299072266 2.59828615188599
v 101.84722900390625 106.51746368408203 1.40618228912354
v 105.09342956542969 111.51992034912109 1.50320720672607
v 104.89137268066406 108.52951812744141 3.33830571174622
v 104.89137268066406 109.91228485107422 3.61335611343384
v 105.09342956542969 110.21939086914062 -1.50320720672607
v 104.89137268066406 111.29505920410156 3.33830571174622
v 104.89137268066406 112.46731567382812 2.55502843856812
v 96.7637939453125 112.21627044677734 -0.3010767698288
v 96.7637939453125 111.89174652099609 -0.3010767698288
v 104.89137268066406 107.35726165771484 -2.55502843856812
v 105.09342956542969 110.86965942382812 -1.63804566860199
v 104.89137268066406 106.57398223876953 -1.38277149200439
v 104.89137268066406 106.29892730712891 -0
v 104.89137268066406 109.1961669921875 0.6931836605072
v 96.7637939453125 110.20323181152344 0.30133691430092
v 96.78230285644531 110.56621551513672 0.09730518609285
v 104.89137268066406 107.35726165771484 2.55502843856812
v 94.05999755859375 111.82202911376953 4.61052227020264
v 94.05999755859375 109.91228485107422 5
v 94.05999755859375 107.99887084960938 4.61939764022827
v 94.05999755859375 106.37675476074219 3.5355339050293
v 94.05999755859375 113.44782257080078 -3.5355339050293
v 94.05999755859375 114.53168487548828 -1.91341722011566
v 94.05999755859375 114.91228485107422 -0
v 94.05999755859375 114.53168487548828 1.91341722011566
v 104.83137512207031 112.51057434082031 2.59828615188599
v 104.83137512207031 111.31846618652344 3.39482450485229
v 104.83137512207031 109.91228485107422 3.67453145980835
v 104.83137512207031 108.506103515625 3.39482450485229
v 96.7637939453125 109.52304840087891 0.3010767698288
v 96.7637939453125 109.84757232666016 0.3010767698288
v 94.05999755859375 105.29289245605469 1.91341722011566
v 94.05999755859375 113.44782257080078 3.5355339050293
v 104.83137512207031 113.30711364746094 1.40618228912354
v 104.83137512207031 106.23775482177734 -0
v 104.83137512207031 109.91228485107422 -3.67453145980835
v 104.83137512207031 108.506103515625 -3.39482450485229
v 104.83137512207031 112.51057434082031 -2.59828615188599
v 104.83137512207031 111.31846618652344 -3.39482450485229
v 104.83137512207031 106.51746368408203 1.40618228912354
v 104.83137512207031 107.31400299072266 2.59828615188599
v 104.83137512207031 107.31400299072266 -2.59828615188599
v 104.83137512207031 106.51746368408203 -1.40618228912354
v 101.84722900390625 108.506103515625 -3.39482450485229
v 101.84722900390625 107.31400299072266 -2.59828615188599
v 101.84722900390625 111.31846618652344 -3.39482450485229
v 101.84722900390625 109.91228485107422 -3.67453145980835
v 104.83137512207031 113.58681488037109 -0
v 96.5 105.95227813720703 -1.6402907371521
v 95.81999969482422 105.62599945068359 -0
v 104.83137512207031 113.30711364746094 -1.40618228912354
v 101.84722900390625 106.51746368408203 -1.40618228912354
v 101.84722900390625 106.23775482177734 -0
v 96.5 112.94314575195312 -3.0308620929718
v 95.81999969482422 111.55257415771484 -3.96001219749451
v 96.5 113.87229919433594 -1.6402907371521
v 95.81999969482422 112.94314575195312 -3.0308620929718
v 96.5 114.19857025146484 -0
v 95.81999969482422 113.87229919433594 -1.6402907371521
v 96.5 113.87229919433594 1.6402907371521
v 95.81999969482422 114.19857025146484 -0
v 96.5 106.88142395019531 -3.0308620929718
v 95.81999969482422 105.95227813720703 -1.6402907371521
v 96.5 108.27199554443359 -3.96001219749451
v 95.81999969482422 106.88142395019531 -3.0308620929718
v 96.5 109.91228485107422 -4.28628635406494
v 95.81999969482422 108.27199554443359 -3.96001219749451
v 96.5 111.55257415771484 -3.96001219749451
v 95.81999969482422 109.91228485107422 -4.28628635406494
v 96.5 106.88142395019531 3.0308620929718
v 95.81999969482422 108.27199554443359 3.96001219749451
v 96.5 105.95227813720703 1.6402907371521
v 95.81999969482422 106.88142395019531 3.0308620929718
v 96.5 105.62599945068359 -0
v 95.81999969482422 105.95227813720703 1.6402907371521
v 96.55999755859375 105.34941101074219 -1.89000630378723
v 96.55999755859375 105.56482696533203 -0
v 96.5 112.94314575195312 3.0308620929718
v 95.81999969482422 113.87229919433594 1.6402907371521
v 96.5 111.55257415771484 3.96001219749451
v 95.81999969482422 112.94314575195312 3.0308620929718
v 96.5 109.91228485107422 4.28628635406494
v 95.81999969482422 111.55257415771484 3.96001219749451
v 96.5 108.27199554443359 3.96001219749451
v 95.81999969482422 109.91228485107422 4.28628635406494
v 96.55999755859375 109.91228485107422 -4.93882465362549
v 96.55999755859375 108.24858856201172 -4.01653099060059
v 95.76000213623047 106.42001342773438 -3.49227643013
v 95.76000213623047 108.24858856201172 -4.01653099060059
v 96.55999755859375 111.80229187011719 -4.56287908554077
v 96.55999755859375 109.91228485107422 -4.34746170043945
v 95.76000213623047 108.02227783203125 -4.56287908554077
v 95.76000213623047 109.91228485107422 -4.34746170043945
v 96.55999755859375 106.42001342773438 -3.49227643013
v 96.55999755859375 105.89575958251953 -1.66370153427124
v 95.76000213623047 104.97346496582031 -0
v 95.76000213623047 105.89575958251953 -1.66370153427124
v 96.55999755859375 108.02227783203125 -4.56287908554077
v 96.55999755859375 106.83816528320312 -3.07411956787109
v 95.76000213623047 105.34941101074219 -1.89000630378723
v 95.76000213623047 106.83816528320312 -3.07411956787109
v 96.55999755859375 114.85111236572266 -0
v 96.55999755859375 113.92881774902344 -1.66370153427124
v 95.76000213623047 113.40456390380859 -3.49227643013
v 95.76000213623047 113.92881774902344 -1.66370153427124
v 96.55999755859375 114.47516632080078 1.89000630378723
v 96.55999755859375 114.25975036621094 -0
v 95.76000213623047 114.47516632080078 -1.89000630378723
v 95.76000213623047 114.25975036621094 -0
v 96.55999755859375 113.40456390380859 -3.49227643013
v 96.55999755859375 111.57598876953125 -4.01653099060059
v 95.76000213623047 109.91228485107422 -4.93882465362549
v 95.76000213623047 111.57598876953125 -4.01653099060059
v 96.55999755859375 114.47516632080078 -1.89000630378723
v 96.55999755859375 112.98640441894531 -3.07411956787109
v 95.76000213623047 111.80229187011719 -4.56287908554077
v 95.76000213623047 112.98640441894531 -3.07411956787109
v 104.89137268066406 108.52951812744141 -3.33830571174622
v 95.76000213623047 111.80229187011719 4.56287908554077
v 95.76000213623047 109.91228485107422 4.34746170043945
v 96.55999755859375 108.02227783203125 4.56287908554077
v 96.55999755859375 109.91228485107422 4.34746170043945
v 104.89137268066406 109.91228485107422 -3.61335611343384
v 95.76000213623047 113.40456390380859 3.49227643013
v 95.76000213623047 111.57598876953125 4.01653099060059
v 96.55999755859375 109.91228485107422 4.93882465362549
v 96.55999755859375 111.57598876953125 4.01653099060059
v 104.89137268066406 111.29505920410156 -3.33830571174622
v 95.76000213623047 114.47516632080078 1.89000630378723
v 95.76000213623047 112.98640441894531 3.07411956787109
v 96.55999755859375 111.80229187011719 4.56287908554077
v 96.55999755859375 112.98640441894531 3.07411956787109
v 104.89137268066406 112.46731567382812 -2.55502843856812
v 95.76000213623047 114.85111236572266 -0
v 95.76000213623047 113.92881774902344 1.66370153427124
v 96.55999755859375 113.40456390380859 3.49227643013
v 96.55999755859375 113.92881774902344 1.66370153427124
v 104.89137268066406 113.25059509277344 -1.38277149200439
v 95.76000213623047 105.34941101074219 1.89000630378723
v 95.76000213623047 105.56482696533203 -0
v 101.7872314453125 104.97346496582031 -0
v 101.7872314453125 106.46094512939453 -1.42959320545197
v 94 105.34941101074219 -1.89000630378723
v 95.76000213623047 106.42001342773438 3.49227643013
v 95.76000213623047 105.89575958251953 1.66370153427124
v 96.55999755859375 104.97346496582031 -0
v 96.55999755859375 105.89575958251953 1.66370153427124
v 94 106.42001342773438 -3.49227643013
v 94 108.02227783203125 -4.56287908554077
v 95.76000213623047 108.02227783203125 4.56287908554077
v 95.76000213623047 106.83816528320312 3.07411956787109
v 96.55999755859375 105.34941101074219 1.89000630378723
v 96.55999755859375 106.83816528320312 3.07411956787109
v 94 109.91228485107422 -4.93882465362549
v 94 111.80229187011719 -4.56287908554077
v 95.76000213623047 109.91228485107422 4.93882465362549
v 95.76000213623047 108.24858856201172 4.01653099060059
v 94 113.40456390380859 -3.49227643013
v 96.55999755859375 106.42001342773438 3.49227643013
v 96.55999755859375 108.24858856201172 4.01653099060059
v 101.7872314453125 114.85111236572266 -0
v 101.7872314453125 113.36363220214844 1.42959320545197
v 94 114.85111236572266 -0
v 94 114.47516632080078 -1.89000630378723
v 101.7872314453125 114.47516632080078 -1.89000630378723
v 101.7872314453125 113.64799499511719 -0
v 94 111.79850769042969 4.55374574661255
v 101.7872314453125 113.40456390380859 -3.49227643013
v 101.7872314453125 113.36363220214844 -1.42959320545197
v 94 113.40464782714844 3.49214649200439
v 101.7872314453125 111.80229187011719 -4.56287908554077
v 101.7872314453125 112.5538330078125 -2.64154362678528
v 94 108.02227783203125 4.56287908554077
v 101.7872314453125 109.91228485107422 -4.93882465362549
v 101.7872314453125 111.34188079833984 -3.45134329795837
v 94 109.91213226318359 4.93879413604736
v 101.7872314453125 108.02227783203125 -4.56287908554077
v 101.7872314453125 109.91228485107422 -3.73570704460144
v 94 105.34941101074219 1.89000630378723
v 101.7872314453125 106.42001342773438 -3.49227643013
v 101.7872314453125 108.48269653320312 -3.45134329795837
v 94 106.42001342773438 3.49227643013
v 101.7872314453125 105.34941101074219 -1.89000630378723
v 101.7872314453125 107.27074432373047 -2.64154362678528
v 94 114.47516632080078 1.89000630378723
v 94 104.97346496582031 -0
v 101.7872314453125 105.34941101074219 1.89000630378723
v 101.7872314453125 106.17658233642578 -0
v 101.7872314453125 106.42001342773438 3.49227643013
v 101.7872314453125 106.46094512939453 1.42959320545197
v 101.7872314453125 108.02227783203125 4.56287908554077
v 101.7872314453125 107.27074432373047 2.64154362678528
v 101.7872314453125 109.91228485107422 4.93882465362549
v 101.7872314453125 108.48269653320312 3.45134329795837
v 101.7872314453125 111.80229187011719 4.56287908554077
v 101.7872314453125 109.91228485107422 3.73570704460144
v 101.7872314453125 113.40456390380859 3.49227643013
v 101.7872314453125 111.34188079833984 3.45134329795837
v 101.7872314453125 114.47516632080078 1.89000630378723
v 101.7872314453125 112.5538330078125 2.64154362678528
v 105.09342956542969 112.30781555175781 -0.43379217386246
v 105.09342956542969 112.41197204589844 -0
v 105.09342956542969 109.34999084472656 -0.59992003440857
v 105.01499938964844 110.57339477539062 0.1620888710022
v 103.69291687011719 110.57339477539062 0.1620888710022
v 105.03065490722656 110.27169799804688 0.33167672157288
v 96.82379150390625 109.84757232666016 0.36107677221298
v 96.82379150390625 110.15939331054688 0.36107677221298
v 105.03343200683594 109.46173858642578 0.3027349114418
v 103.70515441894531 109.46173858642578 0.3027349114418
v 105.03343200683594 111.45992279052734 0.36107677221298
v 103.70515441894531 111.45992279052734 0.36107677221298
v 105.03343200683594 110.92965698242188 0.36107677221298
v 105.03343200683594 112.56887817382812 -0
v 104.87841796875 112.43952941894531 -0.65026378631592
v 105.09342956542969 112.05570983886719 -1.12903237342834
v 105.03343200683594 112.07118988037109 -1.20153081417084
v 104.87841796875 111.51992034912109 -1.5698755979538
v 105.03343200683594 109.29978179931641 0.65026378631592
v 104.87841796875 109.66812896728516 1.20153081417084
v 105.03343200683594 109.66812896728516 1.20153081417084
v 104.87841796875 110.21939086914062 1.5698755979538
v 105.03343200683594 111.51992034912109 1.5698755979538
v 104.87841796875 112.07118988037109 1.20153081417084
v 105.09342956542969 110.21939086914062 -0.42107677459717
v 105.09342956542969 110.86965942382812 -0.42107677459717
v 105.03343200683594 110.21939086914062 -1.5698755979538
v 104.87841796875 109.66812896728516 -1.20153081417084
v 105.03343200683594 109.66812896728516 -1.20153081417084
v 104.87841796875 109.29978179931641 -0.65026378631592
v 105.03343200683594 112.43952941894531 -0.65026378631592
v 104.87841796875 112.07118988037109 -1.20153081417084
v 105.03343200683594 109.29978179931641 -0.65026378631592
v 104.87841796875 109.17043304443359 -0
v 105.03343200683594 110.86965942382812 -1.69922113418579
v 104.87841796875 110.21939086914062 -1.5698755979538
v 105.03343200683594 110.86965942382812 1.69922113418579
v 104.87841796875 111.51992034912109 1.5698755979538
v 105.03343200683594 110.21939086914062 1.5698755979538
v 104.87841796875 110.86965942382812 1.69922113418579
v 105.03343200683594 112.07118988037109 1.20153081417084
v 104.87841796875 112.43952941894531 0.65026378631592
v 104.87841796875 109.29978179931641 0.65026378631592
v 105.03343200683594 109.17043304443359 -0
v 105.03343200683594 112.43952941894531 0.65026378631592
v 104.87841796875 112.56887817382812 -0
v 105.03343200683594 111.51992034912109 -1.5698755979538
v 104.87841796875 110.86965942382812 -1.69922113418579
v 105.09342956542969 111.51992034912109 0.42107677459717
v 105.09342956542969 110.86965942382812 0.42107677459717
v 105.03343200683594 110.27939605712891 -0.36107677221298
v 103.70515441894531 110.27939605712891 -0.36107677221298
v 105.03343200683594 110.80965423583984 -0.36107677221298
v 105.09342956542969 110.17572021484375 0.42107677459717
v 105.09342956542969 109.83476257324219 0.42107677459717
v 105.09342956542969 109.34003448486328 0.58411747217178
v 105.03343200683594 112.27757263183594 -0.3027349114418
v 103.70515441894531 112.27757263183594 -0.3027349114418
v 96.82379150390625 109.78756713867188 -0.36107677221298
v 98.15206909179688 109.78756713867188 -0.36107677221298
v 96.82379150390625 109.53574371337891 -0.36107677221298
v 105.01499938964844 111.16521453857422 -0.16202145814896
v 103.69290924072266 111.16521453857422 -0.16202145814896
v 105.03065490722656 111.46759796142578 -0.3317134976387
v 96.82379150390625 111.89174652099609 -0.36107677221298
v 96.82379150390625 111.57991790771484 -0.36107677221298
v 105.09342956542969 112.39928436279297 -0.58411747217178
v 105.09342956542969 109.81893920898438 -0.42107677459717
v 105.09342956542969 109.43923950195312 -0.42107677459717
v 105.09342956542969 111.51992034912109 -0.42107677459717
v 105.09342956542969 111.90455627441406 -0.42107677459717
v 105.09342956542969 112.50770568847656 -0
v 105.09342956542969 109.23161315917969 -0
v 105.09342956542969 111.90455627441406 0.42107677459717
v 105.09342956542969 112.30007934570312 0.42107677459717
v 96.82379150390625 110.03833770751953 -0.18555635213852
v 98.15206909179688 110.03833770751953 -0.18555635213852
v 96.82379150390625 109.8917236328125 -0.32045155763626
v 96.82379150390625 112.20356750488281 -0.36107677221298
v 98.15206909179688 112.20356750488281 -0.36107677221298
v 105.09342956542969 112.05570983886719 1.12903237342834
v 96.82379150390625 111.70120239257812 0.18559476733208
v 98.15206909179688 111.70120239257812 0.18559476733208
v 96.82379150390625 111.84761047363281 0.32043060660362
v 105.09342956542969 109.68360900878906 1.12903237342834
v 96.82379150390625 109.53574371337891 0.36107677221298
v 98.15206909179688 109.53574371337891 0.36107677221298
v 105.09342956542969 109.43150329589844 0.43379217386246
v 105.09342956542969 109.32734680175781 -0
v 96.82379150390625 111.95174407958984 0.36107677221298
v 98.15206909179688 111.95174407958984 0.36107677221298
v 96.82379150390625 112.20356750488281 0.36107677221298
v 105.03343200683594 109.38905334472656 -0
v 105.03343200683594 109.46173858642578 -0.3027349114418
v 105.09342956542969 112.39928436279297 0.58411747217178
v 105.03343200683594 112.35026550292969 0
v 105.03343200683594 112.27757263183594 0.3027349114418
v 96.76702880859375 110.21272277832031 -0.1129681840539
v 105.09342956542969 110.79322814941406 0.36107677221298
v 105.07678985595703 110.65885925292969 0.18074958026409
v 105.09342956542969 110.83466339111328 0.39360332489014
v 105.09342956542969 110.32476043701172 0.37187379598618
v 96.83932495117188 111.00112915039062 -0.19452905654907
v 98.16231536865234 111.00112915039062 -0.19452905654907
v 96.82829284667969 110.90683746337891 -0.31398206949234
v 96.76634979248047 110.84003448486328 -0.30112770199776
v 96.76487731933594 110.26319122314453 -0.30907982587814
v 105.09342956542969 111.80764007568359 0.36475721001625
v 105.09342956542969 111.84761047363281 0.32043060660362
v 105.09342956542969 111.57930755615234 0.21315765380859
v 105.09342956542969 111.58457946777344 0.36107677221298
v 105.03343200683594 111.57930755615234 0.21315765380859
v 103.70515441894531 111.57930755615234 0.21315765380859
v 105.03343200683594 111.54227447509766 0.30539628863335
v 96.78249359130859 110.65322113037109 0.07699090987444
v 105.09342956542969 110.94597625732422 -0.36107677221298
v 105.07759094238281 111.08546447753906 -0.18947331607342
v 96.7791748046875 111.00122833251953 -0.1944073587656
v 105.09342956542969 111.42531585693359 -0.37463012337685
v 105.09342956542969 109.93618774414062 -0.36107677221298
v 96.7637939453125 111.70070648193359 -0.04522821679711
v 105.09342956542969 110.09387969970703 -0.20903919637203
v 105.09342956542969 110.15476226806641 -0.36107677221298
v 105.03343200683594 110.16017913818359 -0.21319414675236
v 103.70515441894531 110.16017913818359 -0.21319414675236
v 105.03343200683594 110.19709014892578 -0.30537638068199
v 105.09342956542969 110.21939086914062 1.50320720672607
v 96.7637939453125 111.63346862792969 0.05788030475378
v 96.7662353515625 111.54436492919922 0.10893174260855
v 96.76634979248047 110.89919281005859 0.30112797021866
v 96.7637939453125 111.53610229492188 -0.30136123299599
v 96.78179931640625 111.18359375 -0.10354246944189
v 96.76389312744141 110.09394073486328 -0.06607899814844
v 96.78350830078125 110.99303436279297 -0.10794461518526
v 96.78249359130859 111.08545684814453 -0.07696472853422
v 96.76487731933594 111.47502136230469 0.31190320849419
v 105.09342956542969 111.54227447509766 0.30539628863335
v 105.03343200683594 111.60166168212891 0.15747718513012
v 96.82379150390625 111.60166168212891 0.15747718513012
v 96.7637939453125 111.85611724853516 0.26535567641258
v 96.7637939453125 111.94744873046875 0.3010767698288
v 105.03343200683594 110.07936096191406 -0.1442207545042
v 96.84420013427734 111.07559967041016 -0.14004626870155
v 98.16566467285156 111.07559967041016 -0.14004626870155
v 96.7637939453125 109.46173858642578 -0.3027349114418
v 96.84487152099609 110.62570190429688 0.13268882036209
v 96.84487152099609 111.11289215087891 -0.13265818357468
v 96.78408050537109 111.06948852539062 -0.14125688374043
v 96.7637939453125 109.84757232666016 -0.3010767698288
v 96.7637939453125 109.52304840087891 -0.3010767698288
v 96.7637939453125 109.45075988769531 -0
v 96.83933258056641 110.73760223388672 0.19440598785877
v 98.16232299804688 110.73760223388672 0.19440598785877
v 96.82829284667969 110.8323974609375 0.31404921412468
v 105.09342956542969 110.03441619873047 -0.40356531739235
v 105.09342956542969 109.52095031738281 -0.42107677459717
v 105.09342956542969 109.41416168212891 -0.32672142982483
v 105.09342956542969 109.73366546630859 -0.8945763707161
v 105.09342956542969 110.60543823242188 0.69731086492538
v 105.09342956542969 109.52291870117188 0.43090951442719
v 105.09342956542969 109.40842437744141 0.33769208192825
v 96.78351593017578 110.74560546875 0.10789209604263
v 96.7637939453125 111.89909362792969 0.3010767698288
v 96.7637939453125 112.21627044677734 0.3010767698288
v 96.7637939453125 112.28855895996094 0
v 105.09342956542969 109.40709686279297 0.53608584403992
v 105.09342956542969 110.27204132080078 0.41524901986122
v 105.09342956542969 109.360595703125 0.42690488696098
v 105.09342956542969 109.35965728759766 -0.42087352275848
v 105.09342956542969 109.44964599609375 -0.51859307289124
v 105.09342956542969 109.40185546875 -0.5637658238411
v 105.09342956542969 110.19202423095703 0.68706929683685
v 104.83137512207031 109.632080078125 1.23757874965668
v 105.09342956542969 109.79727172851562 0.5966437458992
v 105.09342956542969 109.49063873291016 0.51448708772659
v 96.84221649169922 110.57339477539062 0.1620888710022
v 96.82656860351562 110.27169799804688 0.33167672157288
v 98.15387725830078 110.27169799804688 0.33167672157288
v 96.82379150390625 109.46173858642578 0.3027349114418
v 96.82379150390625 109.38905334472656 -0
v 105.03343200683594 110.15939331054688 0.36107677221298
v 103.70515441894531 110.15939331054688 0.36107677221298
v 96.82379150390625 112.27757263183594 -0.3027349114418
v 96.82379150390625 112.35026550292969 -0
v 105.03343200683594 111.57991790771484 -0.36107677221298
v 103.70515441894531 111.57991790771484 -0.36107677221298
v 105.03343200683594 109.78756713867188 -0.36107677221298
v 105.03343200683594 109.53574371337891 -0.36107677221298
v 103.70515441894531 109.53574371337891 -0.36107677221298
v 96.82379150390625 110.27939605712891 -0.36107677221298
v 96.82379150390625 110.80965423583984 -0.36107677221298
v 98.15206909179688 110.80965423583984 -0.36107677221298
v 96.82379150390625 111.45992279052734 0.36107677221298
v 96.82379150390625 110.92965698242188 0.36107677221298
v 98.15206909179688 110.92965698242188 0.36107677221298
v 96.84222412109375 111.16521453857422 -0.16202145814896
v 96.82656097412109 111.46759796142578 -0.3317134976387
v 98.15386962890625 111.46759796142578 -0.3317134976387
v 105.03343200683594 110.03833770751953 -0.18555635213852
v 105.03343200683594 109.8917236328125 -0.32045155763626
v 103.70515441894531 109.8917236328125 -0.32045155763626
v 105.03343200683594 111.70120239257812 0.18559476733208
v 105.03343200683594 111.84761047363281 0.32043060660362
v 103.70515441894531 111.84761047363281 0.32043060660362
v 105.03343200683594 112.20356750488281 -0.36107677221298
v 105.03343200683594 111.89174652099609 -0.36107677221298
v 96.82379150390625 112.27757263183594 0.3027349114418
v 98.15206909179688 112.27757263183594 0.3027349114418
v 105.03343200683594 109.53574371337891 0.36107677221298
v 105.03343200683594 109.84757232666016 0.36107677221298
v 96.82379150390625 109.46173858642578 -0.3027349114418
v 98.15206909179688 109.46173858642578 -0.3027349114418
v 105.03343200683594 111.95174407958984 0.36107677221298
v 105.03343200683594 112.20356750488281 0.36107677221298
v 103.70515441894531 112.20356750488281 0.36107677221298
v 105.01302337646484 111.07559967041016 -0.14004626870155
v 96.7637939453125 110.27939605712891 -0.36107677221298
v 103.69155883789062 111.07559967041016 -0.14004626870155
v 105.01789093017578 110.73760223388672 0.19440598785877
v 105.0289306640625 110.8323974609375 0.31404921412468
v 103.70226287841797 110.8323974609375 0.31404921412468
v 105.01371002197266 110.70034027099609 0.14737841486931
v 96.76791381835938 111.49800872802734 -0.06414642184973
v 105.03343200683594 111.65706634521484 0.14494858682156
v 96.82379150390625 111.57930755615234 0.21315765380859
v 96.82379150390625 111.54227447509766 0.30539628863335
v 98.15206909179688 111.54227447509766 0.30539628863335
v 105.01789855957031 111.00112915039062 -0.19452905654907
v 105.02892303466797 110.90683746337891 -0.31398206949234
v 103.70225524902344 110.90683746337891 -0.31398206949234
v 96.82379150390625 110.16017913818359 -0.21319414675236
v 96.82379150390625 110.19709014892578 -0.30537638068199
v 98.15206909179688 110.19709014892578 -0.30537638068199
v 96.62000274658203 109.91228485107422 -5
v 96.62000274658203 111.82570648193359 -4.61939764022827
v 96.62000274658203 106.37675476074219 -3.5355339050293
v 96.62000274658203 107.99887084960938 -4.61939764022827
v 96.62000274658203 104.91228485107422 0
v 96.62000274658203 105.29289245605469 -1.91341722011566
v 101.72723388671875 105.29289245605469 1.91341722011566
v 101.72723388671875 104.91228485107422 0
v 101.72723388671875 107.99887084960938 4.61939764022827
v 101.72723388671875 106.37675476074219 3.5355339050293
v 101.72723388671875 111.82570648193359 4.61939764022827
v 101.72723388671875 109.91228485107422 5
v 101.72723388671875 114.53168487548828 1.91341722011566
v 101.72723388671875 113.44782257080078 3.5355339050293
v 101.72723388671875 114.53168487548828 -1.91341722011566
v 101.72723388671875 114.91228485107422 -0
v 101.72723388671875 113.44782257080078 -3.5355339050293
v 101.72723388671875 111.82570648193359 -4.61939764022827
v 101.72723388671875 109.91228485107422 -5
v 101.72723388671875 107.99887084960938 -4.61939764022827
v 101.72723388671875 106.37675476074219 -3.5355339050293
v 101.72723388671875 105.29289245605469 -1.91341722011566
v 96.7637939453125 110.01312255859375 -0.13526700437069
v 96.7637939453125 111.59292602539062 -0.30131578445435
v 105.07803344726562 110.73750305175781 0.19428342580795
v 96.82379150390625 110.13944244384766 -0.15784895420074
v 96.82379150390625 110.07936096191406 -0.1442207545042
v 98.15206909179688 110.07936096191406 -0.1442207545042
v 94.05999755859375 106.37675476074219 -3.5355339050293
v 94.05999755859375 107.99887084960938 -4.61939764022827
v 94.05999755859375 109.91228485107422 -5
v 94.05999755859375 111.82570648193359 -4.61939764022827
v 95.69999694824219 104.91228485107422 0
v 95.70000457763672 111.82557678222656 4.61908435821533
v 94.05999755859375 104.91228485107422 0
v 94.05999755859375 105.29289245605469 -1.91341722011566
v 95.69999694824219 109.91228485107422 5
v 95.69999694824219 107.99887084960938 4.61939764022827
v 95.69999694824219 106.37675476074219 3.5355339050293
v 95.69999694824219 105.29289245605469 1.91341722011566
v 95.69999694824219 114.53168487548828 -1.91341722011566
v 95.69999694824219 114.91228485107422 -0
v 95.69999694824219 114.53168487548828 1.91341722011566
v 95.69999694824219 113.44782257080078 3.5355339050293
v 95.69999694824219 109.91228485107422 -5
v 95.69999694824219 107.99887084960938 -4.61939764022827
v 95.69999694824219 113.44782257080078 -3.5355339050293
v 95.69999694824219 111.82570648193359 -4.61939764022827
v 96.62000274658203 105.29289245605469 1.91341722011566
v 96.62000274658203 106.37675476074219 3.5355339050293
v 95.69999694824219 106.37675476074219 -3.5355339050293
v 95.69999694824219 105.29289245605469 -1.91341722011566
v 96.62000274658203 111.82570648193359 4.61939764022827
v 96.62000274658203 113.44782257080078 3.5355339050293
v 96.62000274658203 107.99887084960938 4.61939764022827
v 96.62000274658203 109.91228485107422 5
v 96.62000274658203 114.53168487548828 -1.91341722011566
v 96.62000274658203 113.44782257080078 -3.5355339050293
v 96.62000274658203 114.53168487548828 1.91341722011566
v 96.62000274658203 114.91228485107422 -0
v 104.83137512207031 109.252685546875 0.66977280378342
v 104.89137268066406 109.1961669921875 -0.6931836605072
v 104.83137512207031 109.11945343017578 -0
v 104.89137268066406 109.58882141113281 -1.28083634376526
v 104.83137512207031 109.252685546875 -0.66977280378342
v 104.89137268066406 110.17647552490234 -1.67349338531494
v 104.83137512207031 109.632080078125 -1.23757874965668
v 104.89137268066406 110.86965942382812 -1.81137609481812
v 104.83137512207031 110.19988250732422 -1.61697459220886
v 104.89137268066406 111.56284332275391 -1.67349338531494
v 104.83137512207031 110.86965942382812 -1.75020062923431
v 104.89137268066406 112.15049743652344 -1.28083634376526
v 104.83137512207031 111.5394287109375 -1.61697459220886
v 104.89137268066406 112.54315185546875 -0.6931836605072
v 104.83137512207031 112.10723876953125 -1.23757874965668
v 104.89137268066406 112.6810302734375 -0
v 104.83137512207031 112.48663330078125 -0.66977280378342
v 104.89137268066406 112.54315185546875 0.6931836605072
v 104.83137512207031 112.61985778808594 -0
v 104.89137268066406 112.15049743652344 1.28083634376526
v 104.83137512207031 112.48663330078125 0.66977280378342
v 104.89137268066406 111.56284332275391 1.67349338531494
v 104.83137512207031 112.10723876953125 1.23757874965668
v 104.89137268066406 110.86965942382812 1.81137609481812
v 104.83137512207031 111.5394287109375 1.61697459220886
v 104.89137268066406 110.17647552490234 1.67349338531494
v 104.83137512207031 110.86965942382812 1.75020062923431
v 104.89137268066406 109.58882141113281 1.28083634376526
v 104.83137512207031 110.19988250732422 1.61697459220886
v 96.7637939453125 111.57930755615234 0.21315765380859
v 96.7637939453125 111.54227447509766 0.30539628863335
v 98.164306640625 110.57339477539062 0.1620888710022
v 99.54124450683594 110.27169799804688 0.33167672157288
v 96.78216552734375 111.1651611328125 -0.16199155151844
v 96.76650238037109 111.4676513671875 -0.33174341917038
v 99.54646301269531 110.57339477539062 0.1620888710022
v 100.92861175537109 110.27169799804688 0.33167672157288
v 96.7637939453125 112.27757263183594 0.3027349114418
v 96.82379150390625 111.51992034912109 0.36107677221298
v 100.92861175537109 110.57339477539062 0.1620888710022
v 102.31597900390625 110.27169799804688 0.33167672157288
v 96.82379150390625 110.21939086914062 -0.36107677221298
v 105.03343200683594 109.84757232666016 -0.36107677221298
v 102.31076049804688 110.57339477539062 0.1620888710022
v 103.70334625244141 110.27169799804688 0.33167672157288
v 98.15206909179688 110.15939331054688 0.36107677221298
v 99.54033660888672 110.15939331054688 0.36107677221298
v 100.92861175537109 110.15939331054688 0.36107677221298
v 102.31688690185547 110.15939331054688 0.36107677221298
v 99.54033660888672 109.53574371337891 0.36107677221298
v 98.15206909179688 109.46173858642578 0.3027349114418
v 100.92861175537109 109.53574371337891 0.36107677221298
v 99.54033660888672 109.46173858642578 0.3027349114418
v 102.31688690185547 109.53574371337891 0.36107677221298
v 100.92861175537109 109.46173858642578 0.3027349114418
v 103.70515441894531 109.53574371337891 0.36107677221298
v 102.31688690185547 109.46173858642578 0.3027349114418
v 99.54033660888672 109.46173858642578 -0.3027349114418
v 99.54033660888672 109.78756713867188 -0.36107677221298
v 98.15206909179688 109.53574371337891 -0.36107677221298
v 100.92861175537109 109.46173858642578 -0.3027349114418
v 100.92861175537109 109.78756713867188 -0.36107677221298
v 99.54033660888672 109.53574371337891 -0.36107677221298
v 102.31688690185547 109.46173858642578 -0.3027349114418
v 102.31688690185547 109.78756713867188 -0.36107677221298
v 100.92861175537109 109.53574371337891 -0.36107677221298
v 103.70515441894531 109.46173858642578 -0.3027349114418
v 103.70515441894531 109.78756713867188 -0.36107677221298
v 102.31688690185547 109.53574371337891 -0.36107677221298
v 99.54033660888672 110.03833770751953 -0.18555635213852
v 98.15206909179688 109.8917236328125 -0.32045155763626
v 100.92861175537109 110.03833770751953 -0.18555635213852
v 99.54033660888672 109.8917236328125 -0.32045155763626
v 102.31688690185547 110.03833770751953 -0.18555635213852
v 100.92861175537109 109.8917236328125 -0.32045155763626
v 103.70515441894531 110.03833770751953 -0.18555635213852
v 102.31688690185547 109.8917236328125 -0.32045155763626
v 96.77825164794922 110.792724609375 0.16717454791069
v 99.54033660888672 110.07936096191406 -0.1442207545042
v 96.76705932617188 111.34693145751953 0.23108690977097
v 100.92861175537109 110.07936096191406 -0.1442207545042
v 96.76995086669922 110.99343872070312 0.21047882735729
v 102.31688690185547 110.07936096191406 -0.1442207545042
v 96.78208160400391 111.14315032958984 -0.09258938580751
v 103.70515441894531 110.07936096191406 -0.1442207545042
v 98.15206909179688 110.16017913818359 -0.21319414675236
v 99.54033660888672 110.19709014892578 -0.30537638068199
v 99.54033660888672 110.16017913818359 -0.21319414675236
v 100.92861175537109 110.19709014892578 -0.30537638068199
v 100.92861175537109 110.16017913818359 -0.21319414675236
v 102.31688690185547 110.19709014892578 -0.30537638068199
v 102.31688690185547 110.16017913818359 -0.21319414675236
v 103.70515441894531 110.19709014892578 -0.30537638068199
v 98.15206909179688 110.27939605712891 -0.36107677221298
v 99.54033660888672 110.80965423583984 -0.36107677221298
v 99.54033660888672 110.27939605712891 -0.36107677221298
v 100.92861175537109 110.80965423583984 -0.36107677221298
v 100.92861175537109 110.27939605712891 -0.36107677221298
v 102.31688690185547 110.80965423583984 -0.36107677221298
v 102.31688690185547 110.27939605712891 -0.36107677221298
v 103.70515441894531 110.80965423583984 -0.36107677221298
v 99.54546356201172 111.00112915039062 -0.19452905654907
v 98.15496063232422 110.90683746337891 -0.31398206949234
v 100.92861175537109 111.00112915039062 -0.19452905654907
v 99.54178619384766 110.90683746337891 -0.31398206949234
v 102.31175994873047 111.00112915039062 -0.19452905654907
v 100.92861175537109 110.90683746337891 -0.31398206949234
v 103.69490814208984 111.00112915039062 -0.19452905654907
v 102.31543731689453 110.90683746337891 -0.31398206949234
v 99.54714202880859 111.07559967041016 -0.14004626870155
v 96.76815032958984 110.83226013183594 0.3138752579689
v 100.92861175537109 111.07559967041016 -0.14004626870155
v 96.77919006347656 110.73750305175781 0.19428481161594
v 102.31008148193359 111.07559967041016 -0.14004626870155
v 96.82379150390625 110.86965942382812 0.36107677221298
v 96.7637939453125 110.80965423583984 -0.36107677221298
v 96.84351348876953 110.70034027099609 0.14737841486931
v 98.16431427001953 111.16521453857422 -0.16202145814896
v 99.54124450683594 111.46759796142578 -0.3317134976387
v 99.54646301269531 111.16521453857422 -0.16202145814896
v 100.92861175537109 111.46759796142578 -0.3317134976387
v 100.92861175537109 111.16521453857422 -0.16202145814896
v 102.31597900390625 111.46759796142578 -0.3317134976387
v 102.31076049804688 111.16521453857422 -0.16202145814896
v 103.70334625244141 111.46759796142578 -0.3317134976387
v 98.15206909179688 111.57991790771484 -0.36107677221298
v 99.54033660888672 111.57991790771484 -0.36107677221298
v 100.92861175537109 111.57991790771484 -0.36107677221298
v 102.31688690185547 111.57991790771484 -0.36107677221298
v 99.54033660888672 112.20356750488281 -0.36107677221298
v 98.15206909179688 112.27757263183594 -0.3027349114418
v 100.92861175537109 112.20356750488281 -0.36107677221298
v 99.54033660888672 112.27757263183594 -0.3027349114418
v 102.31688690185547 112.20356750488281 -0.36107677221298
v 100.92861175537109 112.27757263183594 -0.3027349114418
v 103.70515441894531 112.20356750488281 -0.36107677221298
v 102.31688690185547 112.27757263183594 -0.3027349114418
v 99.54033660888672 112.27757263183594 0.3027349114418
v 99.54033660888672 111.95174407958984 0.36107677221298
v 98.15206909179688 112.20356750488281 0.36107677221298
v 100.92861175537109 112.27757263183594 0.3027349114418
v 100.92861175537109 111.95174407958984 0.36107677221298
v 99.54033660888672 112.20356750488281 0.36107677221298
v 102.31688690185547 112.27757263183594 0.3027349114418
v 102.31688690185547 111.95174407958984 0.36107677221298
v 100.92861175537109 112.20356750488281 0.36107677221298
v 103.70515441894531 112.27757263183594 0.3027349114418
v 103.70515441894531 111.95174407958984 0.36107677221298
v 102.31688690185547 112.20356750488281 0.36107677221298
v 99.54033660888672 111.70120239257812 0.18559476733208
v 98.15206909179688 111.84761047363281 0.32043060660362
v 100.92861175537109 111.70120239257812 0.18559476733208
v 99.54033660888672 111.84761047363281 0.32043060660362
v 102.31688690185547 111.70120239257812 0.18559476733208
v 100.92861175537109 111.84761047363281 0.32043060660362
v 103.70515441894531 111.70120239257812 0.18559476733208
v 102.31688690185547 111.84761047363281 0.32043060660362
v 105.08910369873047 110.83249664306641 0.31417176127434
v 105.01371002197266 111.03830718994141 -0.14743435382843
v 96.84351348876953 111.03830718994141 -0.14743435382843
v 96.82379150390625 110.86965942382812 -0.36107677221298
v 105.09342956542969 111.48044586181641 -0.40169510245323
v 105.09342956542969 110.90463256835938 -0.39358219504356
v 105.09342956542969 111.18594360351562 -0.42107677459717
v 105.09342956542969 111.19036865234375 -0.70944464206696
v 98.15206909179688 111.57930755615234 0.21315765380859
v 99.54033660888672 111.54227447509766 0.30539628863335
v 99.54033660888672 111.57930755615234 0.21315765380859
v 100.92861175537109 111.54227447509766 0.30539628863335
v 100.92861175537109 111.57930755615234 0.21315765380859
v 102.31688690185547 111.54227447509766 0.30539628863335
v 102.31688690185547 111.57930755615234 0.21315765380859
v 103.70515441894531 111.54227447509766 0.30539628863335
v 98.15206909179688 111.45992279052734 0.36107677221298
v 99.54033660888672 110.92965698242188 0.36107677221298
v 99.54033660888672 111.45992279052734 0.36107677221298
v 100.92861175537109 110.92965698242188 0.36107677221298
v 100.92861175537109 111.45992279052734 0.36107677221298
v 102.31688690185547 110.92965698242188 0.36107677221298
v 102.31688690185547 111.45992279052734 0.36107677221298
v 103.70515441894531 110.92965698242188 0.36107677221298
v 99.54546356201172 110.73760223388672 0.19440598785877
v 98.15496063232422 110.8323974609375 0.31404921412468
v 100.92861175537109 110.73760223388672 0.19440598785877
v 99.54178619384766 110.8323974609375 0.31404921412468
v 102.31175994873047 110.73760223388672 0.19440598785877
v 100.92861175537109 110.8323974609375 0.31404921412468
v 103.69490051269531 110.73760223388672 0.19440598785877
v 102.31543731689453 110.8323974609375 0.31404921412468
v 96.7637939453125 112.27757263183594 -0.3027349114418
v 96.7637939453125 112.20356750488281 -0.36107677221298
v 96.78215789794922 110.57344818115234 0.16205886006355
v 96.76650238037109 110.27164459228516 0.33170673251152
v 96.7637939453125 109.46173858642578 0.3027349114418
v 96.7637939453125 109.53574371337891 0.36107677221298
v 105.09342956542969 112.27757263183594 -0.3027349114418
v 105.01235198974609 110.62570190429688 0.13268882036209
v 105.03343200683594 110.21939086914062 0.36107677221298
v 105.07505798339844 110.57344818115234 0.16205886006355
v 105.09072113037109 110.27164459228516 0.33170673251152
v 105.09342956542969 109.46173858642578 -0.3027349114418
v 96.82379150390625 110.21939086914062 0.36107677221298
v 96.7637939453125 110.15965270996094 0.36107677221298
v 105.03343200683594 109.47574615478516 0.36107677221298
v 105.09342956542969 109.46173858642578 0.3027349114418
v 105.03343200683594 111.51992034912109 0.36107677221298
v 105.03343200683594 110.86965942382812 0.36107677221298
v 105.09342956542969 111.45992279052734 0.36107677221298
v 105.09342956542969 110.92965698242188 0.36107677221298
v 105.09342956542969 110.27939605712891 -0.36107677221298
v 105.09342956542969 110.80965423583984 -0.36107677221298
v 105.09342956542969 111.57991790771484 -0.36107677221298
v 105.09342956542969 109.78756713867188 -0.36107677221298
v 105.09342956542969 109.53574371337891 -0.36107677221298
v 105.09342956542969 111.95174407958984 0.36107677221298
v 105.09342956542969 112.20356750488281 0.36107677221298
v 105.09342956542969 110.15939331054688 0.36107677221298
v 105.03343200683594 110.21939086914062 -0.36107677221298
v 105.03343200683594 110.86965942382812 -0.36107677221298
v 105.01234436035156 111.11289215087891 -0.13265818357468
v 105.03343200683594 111.51992034912109 -0.36107677221298
v 105.07505798339844 111.1651611328125 -0.16199155151844
v 105.09072113037109 111.4676513671875 -0.33174341917038
v 96.82379150390625 111.51992034912109 -0.36107677221298
v 96.7637939453125 111.57963562011719 -0.36107677221298
v 105.03343200683594 112.26356506347656 -0.36107677221298
v 96.82379150390625 109.84757232666016 -0.36107677221298
v 96.82379150390625 109.47574615478516 -0.36107677221298
v 96.7637939453125 109.53574371337891 -0.36107677221298
v 96.7637939453125 109.78756713867188 -0.36107677221298
v 105.03343200683594 109.47574615478516 -0.36107677221298
v 96.82379150390625 111.89174652099609 0.36107677221298
v 96.82379150390625 112.26356506347656 0.36107677221298
v 96.7637939453125 112.20356750488281 0.36107677221298
v 96.7637939453125 111.95174407958984 0.36107677221298
v 105.03343200683594 112.26356506347656 0.36107677221298
v 105.09342956542969 112.27757263183594 0.3027349114418
v 96.82379150390625 109.47574615478516 0.36107677221298
v 105.09342956542969 112.19084930419922 -0.36107677221298
v 105.09342956542969 109.5484619140625 0.36107677221298
v 96.82379150390625 112.26356506347656 -0.36107677221298
v 96.76638031005859 111.48548126220703 -0.27295050024986
v 96.7637939453125 110.03833770751953 -0.18555635213852
v 96.7637939453125 109.88591766357422 -0.32579246163368
v 96.82379150390625 111.65706634521484 0.14494858682156
v 96.7637939453125 111.70120239257812 0.18559476733208
v 96.7637939453125 111.85074615478516 0.32331669330597
v 105.09342956542969 112.19013977050781 0.42107677459717
v 105.09342956542969 112.33296966552734 0.29729002714157
v 96.7637939453125 111.45992279052734 0.36107677221298
v 96.7637939453125 110.92965698242188 0.36107677221298
v 105.03343200683594 111.89174652099609 0.36107677221298
v 96.76598358154297 110.23731231689453 -0.20850943028927
v 105.07804870605469 111.00122833251953 -0.19440597295761
v 105.08909606933594 110.90673828125 -0.3141051530838
v 105.07302856445312 111.07559967041016 -0.14004626870155
v 96.76815795898438 110.906982421875 -0.31379568576813
v 105.09342956542969 110.03833770751953 -0.18555635213852
v 105.09342956542969 109.8917236328125 -0.32045155763626
v 96.77928161621094 110.955322265625 -0.15556195378304
v 105.09342956542969 110.07936096191406 -0.1442207545042
v 105.09342956542969 110.16017913818359 -0.21319414675236
v 105.09342956542969 110.19709014892578 -0.30537638068199
v 105.03343200683594 110.13787078857422 -0.15749375522137
v 96.7637939453125 110.16017913818359 -0.21319414675236
v 96.7637939453125 110.19709014892578 -0.30537638068199
v 105.09342956542969 111.70120239257812 0.18559476733208
v 105.09342956542969 111.64025115966797 0.19937621057034
v 105.09342956542969 111.62936401367188 0.15121288597584
v 105.03343200683594 111.62936401367188 0.15121288597584
v 103.70515441894531 111.62936401367188 0.15121288597584
v 102.31688690185547 111.62936401367188 0.15121288597584
v 100.92861175537109 111.62936401367188 0.15121288597584
v 99.54033660888672 111.62936401367188 0.15121288597584
v 98.15206909179688 111.62936401367188 0.15121288597584
v 96.82379150390625 111.62936401367188 0.15121288597584
v 96.7637939453125 111.62936401367188 0.15121288597584
v 105.09342956542969 111.86195373535156 0.40950372815132
v 105.09342956542969 111.75824737548828 0.57807087898254
v 105.09342956542969 109.88448333740234 -0.42107677459717
v 105.09342956542969 110.17012786865234 -0.40593108534813
v 105.09342956542969 110.00570678710938 -0.58730614185333
# 1475 vertices

vn 0 -0.92387914657593 -0.38268437981606
vn 0 -0.92387914657593 -0.38268435001373
vn 0 -0.70710706710815 -0.70710647106171
vn 0 -0.38268366456032 -0.92387944459915
vn 0 -0.382683634758 -0.92387944459915
vn 0 -0.00000038742385 -1
vn 0 0.38268333673477 -0.92387956380844
vn 0 0.70710706710815 -0.70710647106171
vn 0 0.92387986183166 -0.38268259167671
vn 0 0.92387986183166 -0.38268256187439
vn 0 0.92387986183166 0.38268259167671
vn 0 0.92387986183166 0.38268256187439
vn -0.00141445675399 0.70622104406357 0.70798999071121
vn -0.00141191424336 0.70583093166351 0.70837891101837
vn 0.9997530579567 -0.02178708463907 0.00437920028344
vn 0.99934476613998 -0.03002670221031 -0.02020978182554
vn 0.99949443340302 -0.02740330994129 -0.01612281426787
vn 0.99980479478836 -0.01945153437555 0.00347243249416
vn -0.0028221574612 0.38268145918846 0.9238760471344
vn -0.002825564472 0.38268142938614 0.9238760471344
vn -0.00141321448609 0.00125044654123 0.99999821186066
vn -0.00141326780431 0.00180136272684 0.99999737739563
vn 0 -0.38268366456032 0.92387944459915
vn 0 -0.382683634758 0.92387944459915
vn 0 -0.70710706710815 0.70710647106171
vn 0 -0.92387914657593 0.38268437981606
vn 1 -0.00008289673133 -0.00000887895294
vn 0 -0.382683634758 -0.92387944459915
vn 0 -0.00000037982727 -1
vn 0 -0.0000003798273 -1
vn 0 0.38268336653709 -0.92387956380844
vn 0 0.92387986183166 0.38268259167671
vn 0 0.70710706710815 0.70710647106171
vn 0 0.38268333673477 0.92387956380844
vn 0 -0.0000003798273 1
vn 0 -0.382683634758 0.92387944459915
vn 0 -0.92387914657593 0.38268435001373
vn 0 -0.92387944459915 -0.38268369436264
vn 0 -0.70710754394531 -0.70710605382919
vn 0 -0.38268348574638 -0.9238795042038
vn 0 0.38268348574638 -0.9238795042038
vn 0 0.70710617303848 -0.70710742473602
vn 0 0.92387956380844 -0.38268333673477
vn 0 0.92387956380844 0.38268333673477
vn 0 0.70710617303848 0.70710742473602
vn 0 0.38268348574638 0.9238795042038
vn 0 -0.38268348574638 0.9238795042038
vn 0 -0.70710754394531 0.70710605382919
vn 0 -0.92387944459915 0.38268369436264
vn 0 -1 0.00000000379827
vn 0 -1 0
vn 0 -0.92387920618057 -0.38268423080444
vn 0 -0.92387920618057 -0.38268426060677
vn 0 -0.70710706710815 -0.70710647106171
vn 0 -0.70710706710815 -0.70710653066635
vn 0 -0.38268411159515 -0.92387926578522
vn 0 -0.38268408179283 -0.92387926578522
vn 0 0.382682710886 -0.92387980222702
vn 0 0.70710599422455 -0.70710754394531
vn 0 0.70710599422455 -0.70710760354996
vn 0 0.92388015985489 -0.38268184661865
vn 0 0.92388015985489 -0.38268187642097
vn 0 0.92388015985489 0.38268187642097
vn 0 0.92388015985489 0.38268184661865
vn 0 0.70710605382919 0.70710754394531
vn 0 0.70710599422455 0.70710760354996
vn 0 0.382682710886 0.92387980222702
vn 0 0.382682710886 0.92387986183166
vn 0 -0.38268408179283 0.92387926578522
vn 0 -0.70710706710815 0.70710653066635
vn 0 -0.92387914657593 0.38268429040909
vn 0 -0.92387920618057 0.38268423080444
vn 0 0 0
vn 0 -0.49000531435013 -0.87171941995621
vn 0 0.97236627340317 -0.23346062004566
vn -0 1 0
vn -0 1 0
vn 0 0.92387992143631 -0.38268256187439
vn 0 0.00000111669226 1
vn 0 -0.38268476724625 0.92387896776199
vn 0 0.38268285989761 0.92387980222702
vn 0 -0.38268476724625 -0.92387896776199
vn 0 0.00000111669226 -1
vn 0 -0.92387807369232 -0.38268700242043
vn 0 0.38268285989761 -0.92387980222702
vn 0 0.92387992143631 0.38268256187439
vn 0 -0.92387807369232 0.38268700242043
vn 0 0.70710837841034 0.70710521936417
vn 0 -0.70710724592209 0.70710629224777
vn 0 0.70710837841034 -0.70710521936417
vn 0 -0.70710724592209 -0.70710629224777
vn 0 0.48938766121864 0.8720663189888
vn 0 -0.97236067056656 0.23348377645016
vn 0 -1 0
vn 0 -1 0
vn -0 0.97236627340317 0.23346062004566
vn -0 0.97236627340317 0.23346062004566
vn 0 -0.97236067056656 -0.23348377645016
vn 0 -0.97236067056656 -0.23348377645016
vn 0 -0.67708444595337 0.73590534925461
vn 0 -0.67708438634872 0.73590534925461
vn 0 0.67743849754334 -0.73557943105698
vn 0.99981462955475 0.0188050866127 -0.00413340004161
vn 0.99921518564224 0.03908912837505 -0.00640537030995
vn 0.99938422441483 0.03494196012616 -0.00319918105379
vn 0.99986410140991 0.01620653830469 -0.00302652805112
vn 0.99975740909576 0.0071592470631 0.02082857303321
vn 0.99968820810318 0.00842299684882 0.02350518479943
vn 0.99925345182419 0.01202550996095 0.03671374171972
vn 0.99909484386444 0.01256294269115 0.04064135625958
vn 0.99999976158142 -0.00004214677392 0.00071993417805
vn 0.99869859218597 -0.02318553254008 -0.04542657360435
vn 0.99944418668747 -0.01366590429097 -0.03040612488985
vn 0.99990522861481 0.00996880233288 0.00949762575328
vn 0.99995702505112 -0.00131467962638 0.00917666871101
vn 0 0.92834424972534 0.37172156572342
vn 0 0.92834424972534 0.37172159552574
vn 0.99906015396118 -0.01535212993622 -0.04053481668234
vn 0.99826270341873 -0.0303431879729 -0.05050626769662
vn 0.99918514490128 -0.01430338993669 -0.03774168342352
vn 0 -0.927998483181 -0.37258404493332
vn 0.99958783388138 -0.02612996846437 -0.01189070474356
vn 0.99985021352768 -0.01711610518396 0.00256573734805
vn 0.99895036220551 -0.00025336269755 -0.04580566287041
vn 0.99897652864456 -0.00104219233617 -0.04521926119924
vn 0.99912428855896 0.0016270566266 -0.0418098680675
vn 0.99988627433777 -0.0003474765108 -0.01507651712745
vn 0 -0.78492534160614 0.61959040164948
vn 0.99974220991135 -0.00404062308371 -0.02234177105129
vn 0.99960786104202 -0.01123963762075 -0.02564788237214
vn 0 0.78379809856415 -0.62101572751999
vn 0.99941217899323 0.01562563702464 0.03051480464637
vn 0.99943900108337 0.03055101260543 0.0137214269489
vn 0.99926233291626 0.03670030459762 0.01130993291736
vn 0.99897634983063 0.01534870173782 0.04255226999521
vn 0 0.19310586154461 -0.98117792606354
vn 0 0.19310584664345 -0.98117792606354
vn 0 0.2212298065424 0.97522169351578
vn 0 0.22122982144356 0.97522169351578
vn 0 -0.69904375076294 0.71507889032364
vn 0 -0.70978337526321 0.70442003011703
vn 0 -0.22056016325951 -0.97537338733673
vn 0 -0.22056014835835 -0.97537338733673
vn 0.99974578619003 0.01385213248432 0.01779100485146
vn 0.9993684887886 0.00352488434874 0.03535793349147
vn 0.99969893693924 -0.01791361346841 -0.016765832901
vn 0.99891006946564 0.01999234780669 0.04217838868499
vn 1 -0.00020724182832 -0.00002219738235
vn 0.99891543388367 0.04526568949223 -0.01090523507446
vn 0.99918055534363 0.03999353572726 0.00621964596212
vn 0.99825513362885 0.02830374985933 0.05182315036654
vn 0 -0.92388027906418 -0.38268160820007
vn 0 0.92387819290161 0.3826867043972
vn 0 0.92387819290161 -0.3826867043972
vn 0 -0.70710617303848 -0.70710742473602
vn 0 0.38268420100212 0.92387920618057
vn 0 -0.38268235325813 -0.92387998104095
vn 0 -0.00000108630604 1
vn 0 -0.00000108630604 -1
vn 0 -0.38268235325813 0.92387998104095
vn 0 0.38268420100212 -0.92387920618057
vn 0 -0.70710617303848 0.70710742473602
vn 0 -0.92388027906418 0.38268160820007
vn 0 -0.49000531435013 -0.87171947956085
vn -0 1 0
vn -0 1 0
vn -0 1 0
vn -0 1 0
vn 0 0.48938766121864 0.87206637859344
vn 0 0.48938763141632 0.87206637859344
vn 0 -1 0
vn 0 -1 0
vn 0 -1 0
vn 0 -1 -0.00000000383118
vn 0 -0.97236067056656 0.23348377645016
vn 0 -1 0
vn -0 0.97236627340317 0.23346062004566
vn -0 0.97236627340317 0.23346062004566
vn -0 0.97236627340317 0.23346062004566
vn -0 0.97236627340317 0.23346062004566
vn 0 -0.97236067056656 -0.23348377645016
vn 0 -0.97236067056656 -0.23348377645016
vn 0 -0.97236067056656 -0.23348377645016
vn 0 -0.97236067056656 -0.23348377645016
vn 0 -0.97236067056656 -0.23348377645016
vn 0 -0.78492534160614 0.61959034204483
vn 0 0.78379809856415 -0.62101572751999
vn 0 -0.19433495402336 0.98093521595001
vn 0 -0.19433496892452 0.98093521595001
vn 0 -0.19433498382568 0.98093521595001
vn 0 -0.69361251592636 0.72034829854965
vn -0.0037770611234 -0.69628900289536 0.71775156259537
vn -0.00566769205034 -0.70570623874664 0.7084818482399
vn 0 -0.00000038362558 -1
vn 0 0.38268330693245 -0.92387956380844
vn 0 0.38268330693245 0.92387956380844
vn 0 -0.00000038742385 1
vn 0 -0.00000038362555 1
vn 0 -0.92387914657593 -0.38268440961838
vn 0 -0.38268372416496 -0.92387944459915
vn 0 0.92387986183166 -0.38268259167671
vn 0 -0.38268372416496 0.92387944459915
vn 0 -0.92387914657593 0.38268440961838
vn -0.00141825759783 0.7070010304451 0.70721113681793
vn -0.00141425954644 0.00014846384875 0.99999898672104
vn -0.00283226184547 0.38268166780472 0.92387592792511
vn -0.00140937091783 0.70544058084488 0.70876771211624
vn -0.00281875184737 0.38268151879311 0.9238760471344
vn -0.00141332100611 0.00235240021721 0.99999624490738
vn 0 0.92388021945953 0.38268181681633
vn 0 0.70710599422455 0.70710754394531
vn 0 0.382682710886 -0.92387986183166
vn 0 0.92388021945953 -0.38268181681633
vn 0 -0.92387920618057 0.38268426060677
vn 0.99972897768021 0.00115177384578 0.02325202710927
vn 0.99853837490082 0.00157924718224 0.05402373895049
vn 0.99756073951721 0.00345344794914 0.06971825659275
vn 0.99890458583832 -0.00158852338791 0.04676708579063
vn 0 0.0000011242887 1
vn 0 0.0000011242887 -1
vn 0 -0.97236353158951 0.23347188532352
vn 0 -1 0
vn 0 -0.97236448526382 0.23346790671349
vn 0.99928605556488 -0.03052613697946 0.02225936762989
vn 0.99924576282501 -0.03840179368854 -0.00576618686318
vn 0.99968272447586 -0.02035261131823 0.01484092976898
vn -0.00000005750435 -0.48998951911926 -0.87172830104828
vn -0.00000000900154 -0.48998951911926 -0.87172830104828
vn -0.00000000600103 -0.48998427391052 -0.87173128128052
vn -0.00000003833624 -0.48998427391052 -0.87173128128052
vn 0 0.97236633300781 -0.23346030712128
vn -0 1 0
vn 0 0.97236633300781 -0.23346020281315
vn 0 -0.92387944459915 -0.38268366456032
vn 0 0.92387956380844 -0.38268339633942
vn 0 0.92387956380844 0.38268339633942
vn 0 -0.92387944459915 0.38268366456032
vn 0 -0.70710706710815 -0.70710653066635
vn 0 0.70710706710815 -0.70710653066635
vn 0 0.70710706710815 0.70710653066635
vn -0.00141274754424 0.70707648992538 0.707135617733
vn -0.00282561196946 0.38268181681633 0.92387586832047
vn -0.00141293916386 0.00004186495426 0.99999898672104
vn 0 -0.70710706710815 0.70710653066635
vn 0 -0.00000037982727 1
vn -0 -1 0
vn -0 -0.97236353158951 0.23347188532352
vn -0 -0.97236448526382 0.23346789181232
vn 0 -0.92387807369232 -0.38268700242043
vn 0.00000002425183 -0.48997369408607 -0.87173718214035
vn 0 -0.48997369408607 -0.87173718214035
vn -0.00000000599969 -0.4899842441082 -0.87173128128052
vn 0.99596756696701 0.00090393330902 -0.08970971405506
vn 0.99576556682587 0.00001291517037 -0.09192925691605
vn 0.99576181173325 -0.00004135478957 -0.09196935594082
vn 0.99616259336472 0.00175963970833 -0.08750452846289
vn -0.00000001253407 -0.25324180722237 -0.96740299463272
vn 0 -0.25324177742004 -0.96740299463272
vn -0.00000003833491 -0.48998427391052 -0.87173128128052
vn -0.00000005750235 -0.48998948931694 -0.87172836065292
vn -0.00000000899954 -0.48998948931694 -0.87172836065292
vn 0.99813133478165 0.00377471046522 -0.06098847836256
vn 0 0.97236633300781 0.23346030712128
vn 0 1 0
vn 0 0.97236633300781 0.23346020281315
vn 0.00000001253407 -0.25324180722237 -0.96740299463272
vn 0.99981814622879 -0.00748551264405 0.01754039339721
vn 0 0.97236639261246 -0.23345996439457
vn 0 0.97236639261246 -0.23346017301083
vn 0 0.97236633300781 -0.23346030712128
vn 0 -0.92800509929657 -0.37256756424904
vn 0 -0.92800283432007 -0.37257307767868
vn -0.0000068066156 0.78379225730896 -0.62102311849594
vn 0 0.78378772735596 -0.62102884054184
vn -0.00000455364534 0.78379201889038 -0.62102341651916
vn -0.01122501399368 0.93237072229385 0.36132919788361
vn -0.00561268161982 0.93038660287857 0.36653682589531
vn -0.00357273197733 0.93107479810715 0.36481082439423
vn -0.00535903777927 0.93241637945175 0.3613460958004
vn 0.99946117401123 -0.00915459170938 0.03152066841722
vn 0.99909728765488 0.01096125133336 0.04104165732861
vn 0.00001353412881 0.78379559516907 -0.62101888656616
vn 0.000006743212 0.78379356861114 -0.62102150917053
vn 0.00000449547451 0.78379166126251 -0.62102383375168
vn 0.00000676706441 0.78379172086716 -0.62102377414703
vn 0 -0.92387807369232 0.38268700242043
vn 0.99993395805359 0 -0.01149397250265
vn 0.99995219707489 0.00099688884802 -0.00972876790911
vn 0 0.9283584356308 0.3716861307621
vn 0 0.9283584356308 0.3716861307621
vn 0 0.92835372686386 0.37169793248177
vn -0.0000065964191 -0.78490328788757 0.61961829662323
vn 0 -0.78489887714386 0.61962389945984
vn -0.00000439392352 -0.78490847349167 0.6196117401123
vn 0.00000023445257 0.48939937353134 0.87205976247787
vn 0 0.48939916491508 0.87205988168716
vn 0.00000018721623 0.48939543962479 0.87206196784973
vn -0.00000009191571 0.25292313098907 0.96748638153076
vn 0 0.25292304158211 0.96748638153076
vn -0.00000008765508 0.48939540982246 0.87206202745438
vn 0 0.48939919471741 0.87205988168716
vn -0.00000013148262 0.48939350247383 0.87206304073334
vn 0.00000028082434 0.48939353227615 0.87206304073334
vn 0.99627315998077 -0.00230082916096 0.08622366189957
vn 0.99826699495316 -0.0049033598043 0.05864224582911
vn 0.99602603912354 -0.0011242775945 0.08905544131994
vn 0.00000009192739 0.25292313098907 0.96748638153076
vn 0.00000008364557 0.48939543962479 0.87206196784973
vn 0.99973183870316 0.02239055745304 -0.00590894417837
vn 0 -0.97236639261246 0.23345996439457
vn 0 -0.677110850811 0.73588103055954
vn 0.00000486861609 -0.67711436748505 0.73587775230408
vn 0.00000527798829 -0.67710393667221 0.73588734865189
vn 0 0.97236639261246 0.23345996439457
vn -0 0.97236639261246 0.23346017301083
vn 0 0.67742651700974 -0.73559039831162
vn 0.00000545661987 0.67743057012558 -0.73558676242828
vn 0.00000720734852 0.67743235826492 -0.73558503389359
vn 0 -0.97236639261246 -0.23345996439457
vn 0 -0.97236448526382 -0.23346789181232
vn 0 -0.97236448526382 -0.23346790671349
vn 0 -0.97236353158951 -0.23347188532352
vn 0.00000791698312 -0.67710053920746 0.73589050769806
vn -0.0056653637439 -0.68944317102432 0.72431766986847
vn 0.99999988079071 0.00014700298198 -0.00048347955453
vn 0.9998751282692 -0.00914542283863 -0.01288928277791
vn 0 0.67742669582367 -0.73559033870697
vn 0.00000356960254 0.6774297952652 -0.73558741807938
vn 0.00001081102346 0.67743533849716 -0.73558235168457
vn 0.00000535440404 0.67743140459061 -0.73558592796326
vn 0.99982249736786 0.01591051369905 0.01009251270443
vn 0.99959510564804 0.02314970456064 0.01654524169862
vn 0.99892753362656 0.00842571258545 0.04552830755711
vn 0.99972194433212 0.00463347043842 0.02312102541327
vn 0.99976122379303 0.0103213749826 0.01925894059241
vn 0.99858152866364 0.01929457858205 0.04962476342916
vn 0.9994934797287 0.02681296318769 0.01714257895947
vn 0.99972665309906 -0.01130404602736 -0.0204642675817
vn 0 0.19310587644577 -0.98117792606354
vn 0.9973207116127 0.00143020134419 0.07313897460699
vn 0.99576950073242 0.00005226259236 0.09188633412123
vn 0.00000660195337 -0.78491270542145 0.61960637569427
vn -0.00000659088482 -0.7849133014679 0.61960566043854
vn 0.00000440130179 -0.7849081158638 0.61961215734482
vn 0.0000131928382 -0.78490650653839 0.61961424350739
vn 0.0000065964191 -0.78490269184113 0.61961901187897
vn 0.99576914310455 0.00007684122102 0.09188996255398
vn 0.99576914310455 0.00001079006324 0.09188991039991
vn 0 -0.67709761857986 0.73589324951172
vn 0 -0.67710202932358 0.73588919639587
vn 0 0.92835134267807 0.3717038333416
vn 0 0.92832940816879 0.37175861001015
vn 0 0.92832446098328 0.37177097797394
vn 0 0.92831456661224 0.3717956840992
vn 0 0.92831456661224 0.37179571390152
vn 0.99953460693359 -0.02677826397121 -0.01461335364729
vn 0.9994837641716 -0.02483203262091 -0.0203860681504
vn 0 0.6774325966835 -0.73558485507965
vn 0 0.67743253707886 -0.7355849146843
vn 0 0.67743051052094 -0.73558676242828
vn 0 0.67743057012558 -0.73558670282364
vn 0 -0.92800176143646 -0.37257578969002
vn 0 -0.92800176143646 -0.37257581949234
vn 0 -0.92800283432007 -0.372573107481
vn 0 0.67742669582367 -0.73559027910233
vn 0 -0.92800503969192 -0.37256765365601
vn 0 -0.92800503969192 -0.37256762385368
vn 0.00001374592102 -0.22121641039848 -0.97522473335266
vn 0.99761861562729 0.00001464319303 -0.06897146999836
vn 0.9957669377327 0.00004823187192 -0.09191434830427
vn -0.00000683046801 0.78379416465759 -0.62102073431015
vn -0.00001017739123 -0.78490477800369 0.6196163892746
vn -0.0000088427596 -0.78490871191025 0.61961138248444
vn 0 -0.19433496892452 0.98093521595001
vn 0.00000037000012 -0.19433553516865 0.98093509674072
vn 0.00000031790401 -0.19433502852917 0.98093521595001
vn 0.00000708442712 -0.7849035859108 0.61961787939072
vn 0.0000026651187 -0.78490793704987 0.6196123957634
vn 0.00000399767805 -0.78491252660751 0.61960661411285
vn -0.00001326413985 -0.78491365909576 0.61960518360138
vn 0.99748748540878 -0.04327674210072 -0.05608730390668
vn 0.99934351444244 -0.02576819248497 -0.02546747401357
vn 0.99894148111343 -0.00849544908851 -0.04520759359002
vn 0.99973601102829 -0.00468549411744 -0.02249422296882
vn 0.99975508451462 -0.01061635091901 -0.01941828988492
vn 0.9985898733139 -0.01935048773885 -0.04943479970098
vn -0.00001034850266 0.78379380702972 -0.62102115154266
vn 0 0.78378784656525 -0.62102866172791
vn -0.00001269823952 0.78379303216934 -0.62102210521698
vn 0.00000163880691 0.78378880023956 -0.62102746963501
vn -0.00000470670011 0.78378969430923 -0.62102633714676
vn -0.00000706005085 0.7837907075882 -0.62102508544922
vn -0.00001904736018 0.78379559516907 -0.62101888656616
vn 0.99749368429184 0.04324238747358 0.05600371211767
vn -0 0.97236633300781 0.23346030712128
vn 0.99962115287781 0.02452042140067 0.01250217482448
vn 0.0000002658079 -0.19433456659317 0.9809353351593
vn 0 -0.19433495402336 0.98093521595001
vn -0.00000023445256 0.48939934372902 0.87205976247787
vn -0.0000001912408 0.48939543962479 0.87206196784973
vn 0.99955534934998 0.02769729681313 0.01104240398854
vn 0.99787777662277 -0.02852731011808 -0.05853325128555
vn 0.99811851978302 -0.01600019074976 -0.0591892786324
vn 0.99901866912842 0.04323519021273 -0.00961136166006
vn -0.00000028686122 0.4893935918808 0.87206304073334
vn 0.00000012546836 0.48939353227615 0.87206304073334
vn 0 -0.97236353158951 -0.23347188532352
vn 0 -0.92388027906418 -0.38268166780472
vn 0 0.92387819290161 0.38268673419952
vn 0 0.92387819290161 -0.38268673419952
vn 0 0.70710831880569 0.70710521936417
vn 0 -0.0000010939026 1
vn 0 -0.0000010939026 -1
vn 0 0.70710831880569 -0.70710521936417
vn 0 -0.92388027906418 0.38268166780472
vn -0.00000002425183 -0.4899737238884 -0.87173718214035
vn 0.99986153841019 0.00837913248688 0.01437783706933
vn 0.99980300664902 0.015037516132 0.01295541226864
vn 0 0.97236639261246 -0.23345994949341
vn 0 0.78378772735596 -0.62102878093719
vn 0 0.78378766775131 -0.62102884054184
vn 0 -0.97236639261246 0.23345994949341
vn 0 -0.67711079120636 0.73588109016418
vn 0 0.97236639261246 0.23345994949341
vn 0 -0.97236639261246 -0.23345994949341
vn 0.99978959560394 -0.0154294418171 -0.01351835113019
vn 0.99975717067718 0.02140375971794 -0.00524035748094
vn 0.99987000226974 -0.00838200561702 -0.01377193257213
vn 0.00000024453848 0.22122469544411 0.97522288560867
vn 0.00025356563856 0.93038690090179 0.36657893657684
vn 0.00000048907697 0.22121953964233 0.97522401809692
vn 0 0.92831456661224 0.3717956840992
vn 0.99973571300507 0 -0.02298946306109
vn -0.00002069700531 0.7837997674942 -0.62101364135742
vn 0 -0.92800503969192 -0.37256768345833
vn 0.99990731477737 0.00070824945578 0.01359608769417
vn 0 0.78378784656525 -0.62102872133255
vn 0.99788099527359 0.02849415503442 0.05849459394813
vn 0.99811947345734 0.01596198044717 0.05918338522315
vn 0.00000327761359 0.78378993272781 -0.62102609872818
vn -0.00141481857281 0.70536506175995 0.70884281396866
vn -0.00141494802665 0.00245906016789 0.99999594688416
vn -0.00282563921064 0.3826816380024 0.92387592792511
vn 0 0.97236639261246 -0.23345997929573
vn 0 -0.97236639261246 0.23345997929573
vn 0 0.97236639261246 0.23345997929573
vn -0.00000002506813 -0.25324180722237 -0.96740299463272
vn 0.99980866909027 0.00199387292378 -0.01945846527815
vn -0.00001361323029 0.78379678726196 -0.6210173368454
vn -0.00002035478246 -0.78491061925888 0.61960899829864
vn 0.99927258491516 -0.01496830116957 0.03507440537214
vn 0.99997925758362 0.00643316842616 0.00028292025672
vn 0.00000002506813 -0.25324180722237 -0.96740299463272
vn 0.00000004850366 -0.4899737238884 -0.87173718214035
vn -0.00000004850365 -0.48997375369072 -0.87173718214035
vn -0.00000046890511 0.48939955234528 0.87205964326859
vn 0.0000005316158 -0.19433416426182 0.98093539476395
vn 0.00000063580808 -0.1943351328373 0.98093521595001
vn 0.99962913990021 0.00141663034447 0.02719469740987
vn -0.0000131928382 -0.78490769863129 0.61961269378662
vn 0.0000007400003 -0.19433611631393 0.98093497753143
vn 0.00000973723218 -0.67711794376373 0.73587447404861
vn 0.00000046890514 0.4893995821476 0.87205964326859
vn 0.9957692027092 -0.00005526109453 0.09188985824585
vn -0.00000018383142 0.25292319059372 0.96748638153076
vn 0.99982810020447 -0.00262947264127 0.01835412718356
vn 0.00000018385478 0.25292322039604 0.96748632192612
vn 0 0.67742657661438 -0.73559039831162
vn 0 -0.97236639261246 -0.23345997929573
vn -0.01133501436561 -0.70158308744431 0.71249747276306
vn 0.00001416885425 -0.78490829467773 0.61961191892624
vn 0.00001091323975 0.67743456363678 -0.73558300733566
# 472 normals

vt 0.15711915493011 0.31506776809692 0
vt 0.13512827455997 0.31671690940857 0
vt 0.13607913255692 0.33713102340698 0
vt 0.15711623430252 0.33695530891418 0
vt 0.00409194175154 0.04175078868866 0
vt 0.00400482304394 0.08645069599152 0
vt 0.06373409926891 0.08656787872314 0
vt 0.06382167339325 0.04186737537384 0
vt 0.12399891018867 0.65778458118439 0
vt 0.14046868681908 0.65778458118439 0
vt 0.12900832295418 0.64137434959412 0
vt 0.12182739377022 0.64290750026703 0
vt 0.13590317964554 0.35817098617554 0
vt 0.15711413323879 0.35816931724548 0
vt 0.1234649643302 0.0866858959198 0
vt 0.12355299293995 0.0419842004776 0
vt 0.45005601644516 0.75838041305542 0
vt 0.44374442100525 0.76387870311737 0
vt 0.47235184907913 0.76949238777161 0
vt 0.47233474254608 0.76275181770325 0
vt 0.19855365157127 0.38015568256378 0
vt 0.20020622014999 0.3581645488739 0
vt 0.17832389473915 0.35816717147827 0
vt 0.17814680933952 0.37920641899109 0
vt 0.18319766223431 0.08680438995361 0
vt 0.1832859069109 0.04210102558136 0
vt 0.12399891018867 0.69761753082275 0
vt 0.11835804581642 0.71175384521484 0
vt 0.12900832295418 0.71402764320374 0
vt 0.14046868681908 0.69761753082275 0
vt 0.15711279213428 0.37938356399536 0
vt 0.15711279213428 0.40127241611481 0
vt 0.17909902334213 0.39962124824524 0
vt 0.24293285608292 0.08692336082458 0
vt 0.24302114546299 0.0422180891037 0
vt 0.47241759300232 0.64607042074203 0
vt 0.47241598367691 0.61974662542343 0
vt 0.44375312328339 0.62545675039291 0
vt 0.45009869337082 0.6505246758461 0
vt 0.30267125368118 0.08704233169556 0
vt 0.30275928974152 0.04233479499817 0
vt 0.0483874976635 0.65778458118439 0
vt 0.0442576110363 0.67770087718964 0
vt 0.06287637352943 0.67770087718964 0
vt 0.06485721468925 0.65778458118439 0
vt 0.17910924553871 0.31671476364136 0
vt 0.17815299332142 0.33712828159332 0
vt 0.36241260170937 0.08716154098511 0
vt 0.36250087618828 0.04245126247406 0
vt 0.0483874976635 0.69761753082275 0
vt 0.06485721468925 0.69761753082275 0
vt 0.15711508691311 0.42679357528687 0
vt 0.13512462377548 0.39962613582611 0
vt 0.1289499849081 0.42233276367188 0
vt 0.4221578836441 0.08728039264679 0
vt 0.42224588990211 0.04256749153137 0
vt 0.12597981095314 0.67770087718964 0
vt 0.14459851384163 0.67770087718964 0
vt 0.20790846645832 0.40897583961487 0
vt 0.19514451920986 0.39620840549469 0
vt 0.18527632951736 0.42232692241669 0
vt 0.48190653324127 0.08739900588989 0
vt 0.4819943010807 0.04268383979797 0
vt 0.13607701659203 0.37921094894409 0
vt 0.16827756166458 0.70631909370422 0
vt 0.16886287927628 0.71721565723419 0
vt 0.17808622121811 0.7150012254715 0
vt 0.17808622121811 0.70505964756012 0
vt 0.54165834188461 0.087517619133 0
vt 0.54174613952637 0.04279983043671 0
vt 0.60141342878342 0.08763611316681 0
vt 0.60150116682053 0.04291594028473 0
vt 0.4311603307724 0.74575972557068 0
vt 0.41947269439697 0.74766796827316 0
vt 0.22124388813972 0.38632619380951 0
vt 0.15963166952133 0.65333294868469 0
vt 0.16588199138641 0.66445291042328 0
vt 0.16924285888672 0.65880298614502 0
vt 0.16555219888687 0.65173125267029 0
vt 0.418532371521 0.72683167457581 0
vt 0.40325003862381 0.72337275743484 0
vt 0.22571821510792 0.35816097259521 0
vt 0.66120588779449 0.04303181171417 0
vt 0.66116684675217 0.08775544166565 0
vt 0.72092372179031 0.08774280548096 0
vt 0.72091400623322 0.04301750659943 0
vt 0.41409730911255 0.70449203252792 0
vt 0.39754551649094 0.69470554590225 0
vt 0.22126859426498 0.32999646663666 0
vt 0.1985644698143 0.33617401123047 0
vt 0.78068900108337 0.08773040771484 0
vt 0.78067898750305 0.04300320148468 0
vt 0.41853564977646 0.68214505910873 0
vt 0.40323477983475 0.66603010892868 0
vt 0.20793102681637 0.30735421180725 0
vt 0.1951590180397 0.32012355327606 0
vt 0.84045660495758 0.08771729469299 0
vt 0.8404461145401 0.04298889636993 0
vt 0.43117672204971 0.66319352388382 0
vt 0.41945910453796 0.6417116522789 0
vt 0.18528963625431 0.29401040077209 0
vt 0.90022575855255 0.08770370483398 0
vt 0.90021485090256 0.04297435283661 0
vt 0.15712223947048 0.2895485162735 0
vt 0.95999538898468 0.08768892288208 0
vt 0.95998400449753 0.04295933246613 0
vt 0.16886287927628 0.64243757724762 0
vt 0.16886287927628 0.63028144836426 0
vt 0.15963965654373 0.63249599933624 0
vt 0.15963965654373 0.64243757724762 0
vt 0.00441295141354 0.83815920352936 0
vt 0.00427773362026 0.88846135139465 0
vt 0.06402821838856 0.88862103223801 0
vt 0.0641622915864 0.83831936120987 0
vt 0.12377847731113 0.88877928256989 0
vt 0.12391117960215 0.83847784996033 0
vt 0.18352873623371 0.888935983181 0
vt 0.18365983664989 0.83863478899002 0
vt 0.24327853322029 0.88909107446671 0
vt 0.24340851604939 0.83879005908966 0
vt 0.30302810668945 0.88924413919449 0
vt 0.3031564950943 0.8389436006546 0
vt 0.36277744174004 0.8893957734108 0
vt 0.3629042506218 0.83909547328949 0
vt 0.42252632975578 0.88954538106918 0
vt 0.42265176773071 0.83924531936646 0
vt 0.48227500915527 0.88969296216965 0
vt 0.48239856958389 0.83939307928085 0
vt 0.54202365875244 0.88983869552612 0
vt 0.54214519262314 0.83953881263733 0
vt 0.60177206993103 0.88998210430145 0
vt 0.60189199447632 0.83968222141266 0
vt 0.66152054071426 0.89012348651886 0
vt 0.66163885593414 0.83982366323471 0
vt 0.72126895189285 0.89026308059692 0
vt 0.72138565778732 0.83996319770813 0
vt 0.78101760149002 0.89040100574493 0
vt 0.78113323450088 0.84010076522827 0
vt 0.84076672792435 0.89053761959076 0
vt 0.84088093042374 0.84023684263229 0
vt 0.90051609277725 0.89067280292511 0
vt 0.9006295800209 0.84037178754807 0
vt 0.96026539802551 0.89080733060837 0
vt 0.96037840843201 0.84050637483597 0
vt 0.05526123940945 0.02728998661041 0
vt 0.05524599179626 0.00645303726196 0
vt 0.00399798108265 0.00648975372314 0
vt 0.00401303172112 0.02732717990875 0
vt 0.10650808364153 0.02725207805634 0
vt 0.10649263858795 0.00641596317291 0
vt 0.15775255858898 0.0272136926651 0
vt 0.15773692727089 0.00637853145599 0
vt 0.20899511873722 0.02717459201813 0
vt 0.20897909998894 0.00634014606476 0
vt 0.26023548841476 0.02713441848755 0
vt 0.26021906733513 0.00630116462708 0
vt 0.31147220730782 0.02709329128265 0
vt 0.31145575642586 0.00626158714294 0
vt 0.36270472407341 0.02705097198486 0
vt 0.36268776655197 0.00622117519379 0
vt 0.41393202543259 0.02700746059418 0
vt 0.41391482949257 0.0061799287796 0
vt 0.46515387296677 0.02696323394775 0
vt 0.46513628959656 0.00613808631897 0
vt 0.5163694024086 0.02691841125488 0
vt 0.51635146141052 0.00609564781189 0
vt 0.56757843494415 0.02687287330627 0
vt 0.56756037473679 0.00605273246765 0
vt 0.61878114938736 0.02682721614838 0
vt 0.61876320838928 0.00600934028625 0
vt 0.66997897624969 0.02678167819977 0
vt 0.66996079683304 0.00596582889557 0
vt 0.72117203474045 0.02673625946045 0
vt 0.72115385532379 0.00592184066772 0
vt 0.77236264944077 0.02669095993042 0
vt 0.77234441041946 0.00587725639343 0
vt 0.82355207204819 0.02664625644684 0
vt 0.82353413105011 0.00583302974701 0
vt 0.21501585841179 0.53269064426422 0
vt 0.20808488130569 0.54942351579666 0
vt 0.15713077783585 0.53928822278976 0
vt 0.15713077783585 0.52117663621902 0
vt 0.47139248251915 0.52117657661438 0
vt 0.47139248251915 0.53928828239441 0
vt 0.52234661579132 0.54942363500595 0
vt 0.52927756309509 0.53269070386887 0
vt 0.26408848166466 0.56547999382019 0
vt 0.25128170847893 0.57828670740128 0
vt 0.56554317474365 0.57828676700592 0
vt 0.57834994792938 0.56547993421555 0
vt 0.29687759280205 0.61455243825912 0
vt 0.28014466166496 0.6214833855629 0
vt 0.59440636634827 0.6214833855629 0
vt 0.61113929748535 0.61455243825912 0
vt 0.30839169025421 0.67243748903275 0
vt 0.29028019309044 0.67243748903275 0
vt 0.60454171895981 0.67243736982346 0
vt 0.62265342473984 0.67243736982346 0
vt 0.29687759280205 0.73032253980637 0
vt 0.28014466166496 0.7233914732933 0
vt 0.59440636634827 0.7233914732933 0
vt 0.61113929748535 0.73032242059708 0
vt 0.26408848166466 0.7793949842453 0
vt 0.25128170847893 0.76658821105957 0
vt 0.56554317474365 0.76658809185028 0
vt 0.57834994792938 0.77939486503601 0
vt 0.21501585841179 0.81218427419662 0
vt 0.20808488130569 0.7954512834549 0
vt 0.52234661579132 0.79545116424561 0
vt 0.52927756309509 0.81218427419662 0
vt 0.15713077783585 0.82369828224182 0
vt 0.15713077783585 0.80558669567108 0
vt 0.47139248251915 0.80558657646179 0
vt 0.47139248251915 0.82369816303253 0
vt 0.099245890975 0.81218427419662 0
vt 0.10617688298225 0.7954512834549 0
vt 0.4204386472702 0.79545116424561 0
vt 0.41350746154785 0.81218427419662 0
vt 0.05017326027155 0.7793949842453 0
vt 0.0629800632596 0.76658821105957 0
vt 0.37724182009697 0.76658809185028 0
vt 0.36443501710892 0.77939486503601 0
vt 0.0173839405179 0.73032253980637 0
vt 0.03411690145731 0.7233914732933 0
vt 0.34837862849236 0.7233914732933 0
vt 0.33164569735527 0.73032242059708 0
vt 0.00586988870054 0.67243748903275 0
vt 0.0239815544337 0.67243748903275 0
vt 0.33824330568314 0.67243736982346 0
vt 0.32013165950775 0.67243736982346 0
vt 0.0173839405179 0.61455243825912 0
vt 0.03411690145731 0.6214833855629 0
vt 0.34837862849236 0.6214833855629 0
vt 0.33164569735527 0.61455243825912 0
vt 0.05017326027155 0.56547999382019 0
vt 0.0629800632596 0.57828670740128 0
vt 0.37724182009697 0.57828676700592 0
vt 0.36443501710892 0.56547993421555 0
vt 0.099245890975 0.53269064426422 0
vt 0.10617688298225 0.54942351579666 0
vt 0.4204386472702 0.54942363500595 0
vt 0.41350746154785 0.53269070386887 0
vt 0.47139251232147 0.20691514015198 0
vt 0.47139251232147 0.24376285076141 0
vt 0.51517653465271 0.2524721622467 0
vt 0.52927756309509 0.21842932701111 0
vt 0.55229473114014 0.27727377414703 0
vt 0.57835006713867 0.2512184381485 0
vt 0.57709640264511 0.31439197063446 0
vt 0.61113923788071 0.30029106140137 0
vt 0.58580559492111 0.3581759929657 0
vt 0.62265330553055 0.3581759929657 0
vt 0.57709640264511 0.40196001529694 0
vt 0.61113923788071 0.41606092453003 0
vt 0.55229473114014 0.43907809257507 0
vt 0.57835006713867 0.46513342857361 0
vt 0.51517653465271 0.46387982368469 0
vt 0.52927756309509 0.49792277812958 0
vt 0.47139251232147 0.4725888967514 0
vt 0.47139251232147 0.50943666696548 0
vt 0.4276085793972 0.46387982368469 0
vt 0.41350758075714 0.49792277812958 0
vt 0.39049029350281 0.43907809257507 0
vt 0.36443498730659 0.46513342857361 0
vt 0.36568868160248 0.40196001529694 0
vt 0.33164578676224 0.41606092453003 0
vt 0.35697945952415 0.3581759929657 0
vt 0.32013174891472 0.3581759929657 0
vt 0.36568868160248 0.31439197063446 0
vt 0.33164578676224 0.30029106140137 0
vt 0.39049029350281 0.27727377414703 0
vt 0.36443498730659 0.2512184381485 0
vt 0.4276085793972 0.2524721622467 0
vt 0.41350758075714 0.21842932701111 0
vt 0.00400651246309 0.10655951499939 0
vt 0.00409778952599 0.14950704574585 0
vt 0.0480147190392 0.14941346645355 0
vt 0.0479234457016 0.10646665096283 0
vt 0.09193131327629 0.14931952953339 0
vt 0.09183970838785 0.10637331008911 0
vt 0.13584756851196 0.14922499656677 0
vt 0.13575494289398 0.10627949237823 0
vt 0.17976316809654 0.14912962913513 0
vt 0.17966920137405 0.10618460178375 0
vt 0.22367824614048 0.14903247356415 0
vt 0.22358295321465 0.10608816146851 0
vt 0.26759266853333 0.14893400669098 0
vt 0.26749584078789 0.10599029064178 0
vt 0.31150621175766 0.14883363246918 0
vt 0.31140777468681 0.1058908700943 0
vt 0.35541895031929 0.14873147010803 0
vt 0.35531878471375 0.10578989982605 0
vt 0.39933037757874 0.14862751960754 0
vt 0.39922851324081 0.10568714141846 0
vt 0.44324058294296 0.14852178096771 0
vt 0.44313704967499 0.10558271408081 0
vt 0.48714897036552 0.14841449260712 0
vt 0.4870443046093 0.10547709465027 0
vt 0.5310560464859 0.1483062505722 0
vt 0.53095012903214 0.10537004470825 0
vt 0.57496100664139 0.14819669723511 0
vt 0.57485461235046 0.10526204109192 0
vt 0.6188645362854 0.14808702468872 0
vt 0.61875760555267 0.10515367984772 0
vt 0.66276633739471 0.14797711372375 0
vt 0.66265946626663 0.10504484176636 0
vt 0.70666718482971 0.14786767959595 0
vt 0.70656043291092 0.10493588447571 0
vt 0.49472868442535 0.65051025152206 0
vt 0.50107419490814 0.62545555830002 0
vt 0.5136256814003 0.66316598653793 0
vt 0.52534711360931 0.64171415567398 0
vt 0.52622616291046 0.68209952116013 0
vt 0.54152941703796 0.66602772474289 0
vt 0.53061491250992 0.7044170498848 0
vt 0.54716277122498 0.69467705488205 0
vt 0.52613514661789 0.72671788930893 0
vt 0.54140710830688 0.72329372167587 0
vt 0.51348406076431 0.7456179857254 0
vt 0.5251629948616 0.74753242731094 0
vt 0.49459648132324 0.75826418399811 0
vt 0.500921189785 0.76374161243439 0
vt 0.10991582274437 0.72308886051178 0
vt 0.11231860518456 0.72455084323883 0
vt 0.10261008143425 0.72297489643097 0
vt 0.09442803263664 0.72493922710419 0
vt 0.09442803263664 0.72639727592468 0
vt -0.07407210767269 0.84429329633713 0
vt 0.07800868153572 0.63290548324585 0
vt 0.08114179968834 0.63365280628204 0
vt 0.08135268092155 0.63148105144501 0
vt 0.07653763890266 0.63085126876831 0
vt 0.79897671937942 0.57258373498917 0
vt 0.79906386137009 0.61349183320999 0
vt 0.7884224653244 0.6131808757782 0
vt 0.7883380651474 0.57238835096359 0
vt 0.11169525980949 0.63274478912354 0
vt 0.11280253529549 0.63115644454956 0
vt 0.10731866955757 0.63145244121552 0
vt 0.10879072546959 0.63299787044525 0
vt 0.77421379089355 0.82374256849289 0
vt 0.77468317747116 0.78317165374756 0
vt 0.78424048423767 0.78322911262512 0
vt 0.78381383419037 0.82377743721008 0
vt 0.76178830862045 0.57246899604797 0
vt 0.76188373565674 0.61315965652466 0
vt 0.75233519077301 0.61317020654678 0
vt 0.7522320151329 0.57247251272202 0
vt 0.82966727018356 0.57246285676956 0
vt 0.82967573404312 0.61317360401154 0
vt 0.81341278553009 0.61316871643066 0
vt 0.81335657835007 0.57244771718979 0
vt 0.88539886474609 0.649065554142 0
vt 0.88539886474609 0.66883486509323 0
vt 0.89003038406372 0.66883486509323 0
vt 0.89003038406372 0.649065554142 0
vt 0.88539886474609 0.74805480241776 0
vt 0.88539886474609 0.76791161298752 0
vt 0.89003038406372 0.76791161298752 0
vt 0.89003038406372 0.74805480241776 0
vt 0.88539886474609 0.72821742296219 0
vt 0.89003038406372 0.72821742296219 0
vt 0.88539886474609 0.56989604234695 0
vt 0.88539886474609 0.58970910310745 0
vt 0.89003038406372 0.58970910310745 0
vt 0.89003038406372 0.56989604234695 0
vt 0.88539886474609 0.5101974606514 0
vt 0.88539886474609 0.53018921613693 0
vt 0.89003038406372 0.53018921613693 0
vt 0.89003038406372 0.5101974606514 0
vt 0.88539886474609 0.60950654745102 0
vt 0.89003038406372 0.60950654745102 0
vt 0.88539886474609 0.68861025571823 0
vt 0.89003038406372 0.68861025571823 0
vt 0.89003038406372 0.82767230272293 0
vt 0.89003038406372 0.80767601728439 0
vt 0.88539886474609 0.80767601728439 0
vt 0.88539886474609 0.82767230272293 0
vt 0.88539886474609 0.70840281248093 0
vt 0.89003038406372 0.70840281248093 0
vt 0.88539886474609 0.7877841591835 0
vt 0.89003038406372 0.7877841591835 0
vt 0.88539886474609 0.62929159402847 0
vt 0.89003038406372 0.62929159402847 0
vt 0.88539886474609 0.55005675554276 0
vt 0.89003038406372 0.55005675554276 0
vt 0.10732486844063 0.65778458118439 0
vt 0.10732486844063 0.67770087718964 0
vt 0.11615708470345 0.68752384185791 0
vt -0.06645042449236 0.8102405667305 0
vt 0.10732486844063 0.69761753082275 0
vt 0.10732486844063 0.70939815044403 0
vt 0.09442803263664 0.72787141799927 0
vt 0.11031165719032 0.63420844078064 0
vt 0.10732486844063 0.63388979434967 0
vt 0.10732486844063 0.6363924741745 0
vt 0.09442803263664 0.62753057479858 0
vt 0.09442803263664 0.62868928909302 0
vt 0.08153131604195 0.70939815044403 0
vt 0.07049813866615 0.71175384521484 0
vt 0.08153131604195 0.71814501285553 0
vt -0.08511147648096 0.76399177312851 0
vt 0.07894030213356 0.72308886051178 0
vt 0.07653763890266 0.72455084323883 0
vt 0.07307067513466 0.66960835456848 0
vt 0.07338437438011 0.65694618225098 0
vt 0.07615396380424 0.64485585689545 0
vt 0.07049813866615 0.6436482667923 0
vt 0.07867023348808 0.63546407222748 0
vt 0.08123001456261 0.63645303249359 0
vt 0.08153131604195 0.69761753082275 0
vt 0.08153131604195 0.67770087718964 0
vt 0.70925682783127 0.5724503993988 0
vt 0.70941561460495 0.61313760280609 0
vt 0.69316893815994 0.61317378282547 0
vt 0.69297325611114 0.57245802879334 0
vt 0.67860567569733 0.57268118858337 0
vt 0.67894333600998 0.61346691846848 0
vt 0.66830867528915 0.61318719387054 0
vt 0.6679915189743 0.57242786884308 0
vt 0.6559202671051 0.82375627756119 0
vt 0.65547448396683 0.78342372179031 0
vt 0.66503113508224 0.78335678577423 0
vt 0.66550862789154 0.82374566793442 0
vt 0.6416694521904 0.57246327400208 0
vt 0.64201158285141 0.61318504810333 0
vt 0.63251960277557 0.61321115493774 0
vt 0.63251960277557 0.57249855995178 0
vt 0.73029911518097 0.82371199131012 0
vt 0.73114395141602 0.7830286026001 0
vt 0.73880910873413 0.78308033943176 0
vt 0.73803859949112 0.82374680042267 0
vt 0.74278992414474 0.61318069696426 0
vt 0.74267363548279 0.57247889041901 0
vt 0.85128825902939 0.82372331619263 0
vt 0.85156178474426 0.78347110748291 0
vt 0.85929048061371 0.78352558612823 0
vt 0.85905307531357 0.82375109195709 0
vt 0.87262630462646 0.57249855995178 0
vt 0.87262630462646 0.61321115493774 0
vt 0.8630758523941 0.61320686340332 0
vt 0.86310964822769 0.57248133420944 0
vt 0.05984780192375 0.71402764320374 0
vt 0.08532264828682 0.72251963615417 0
vt -0.11348987370729 0.85562831163406 0
vt 0.05984780192375 0.64137434959412 0
vt 0.08408513665199 0.63294613361359 0
vt -0.11442145705223 0.76544493436813 0
vt 0.76461160182953 0.8237087726593 0
vt 0.76513636112213 0.78311651945114 0
vt 0.10758385062218 0.7176102399826 0
vt 0.1124162375927 0.65123975276947 0
vt 0.10678854584694 0.65211892127991 0
vt 0.10548719763756 0.6558051109314 0
vt 0.10686102509499 0.65627574920654 0
vt 0.07672277092934 0.70491707324982 0
vt -0.08556912094355 0.78881525993347 0
vt 0.64633321762085 0.82377064228058 0
vt 0.64590287208557 0.78350818157196 0
vt 0.720523416996 0.82398355007172 0
vt 0.7215273976326 0.78303170204163 0
vt 0.72756725549698 0.78307139873505 0
vt 0.72658425569534 0.82383304834366 0
vt 0.84139913320541 0.82371342182159 0
vt 0.84168487787247 0.78338778018951 0
vt 0.84780019521713 0.78342533111572 0
vt 0.84752553701401 0.82372629642487 0
vt 0.16073387861252 0.70396828651428 0
vt 0.15963965654373 0.70528483390808 0
vt 0.15963965654373 0.70676600933075 0
vt 0.171342253685 0.69599485397339 0
vt 0.17082798480988 0.69299781322479 0
vt 0.16672986745834 0.69579684734344 0
vt 0.1670897603035 0.69714748859406 0
vt 0.15930795669556 0.69229340553284 0
vt 0.16178369522095 0.68836951255798 0
vt 0.16241502761841 0.67754054069519 0
vt 0.15963804721832 0.67465341091156 0
vt 0.1688637137413 0.67373836040497 0
vt 0.1702595949173 0.67117941379547 0
vt 0.16650432348251 0.66711807250977 0
vt 0.16555768251419 0.66994833946228 0
vt 0.10673132538795 0.69640827178955 0
vt 0.10548719763756 0.6491105556488 0
vt 0.10424289107323 0.64774870872498 0
vt 0.10011133551598 0.65223908424377 0
vt 0.10083058476448 0.65394043922424 0
vt 0.7159868478775 0.57247161865234 0
vt 0.71613520383835 0.61315411329269 0
vt 0.71309232711792 0.61315125226974 0
vt 0.71294033527374 0.57247072458267 0
vt 0.17414718866348 0.66484177112579 0
vt 0.17362838983536 0.67637288570404 0
vt 0.17808777093887 0.6728413105011 0
vt 0.08336898684502 0.69959771633148 0
vt 0.0832562148571 0.70642983913422 0
vt 0.08832159638405 0.7013031244278 0
vt -0.09159957617521 0.78647994995117 0
vt 0.83642846345901 0.57247823476791 0
vt 0.83641940355301 0.61318302154541 0
vt 0.83336627483368 0.61317980289459 0
vt 0.83337098360062 0.57247692346573 0
vt 0.17232358455658 0.65362393856049 0
vt 0.17088717222214 0.64998507499695 0
vt 0.08336898684502 0.67536020278931 0
vt 0.08889207243919 0.67124462127686 0
vt 0.08303824067116 0.66101169586182 0
vt 0.08088770508766 0.66834235191345 0
vt 0.68585020303726 0.82367265224457 0
vt 0.68532538414001 0.78296542167664 0
vt 0.68997526168823 0.78315770626068 0
vt 0.69052571058273 0.8237881064415 0
vt 0.17833131551743 0.65516984462738 0
vt 0.17525047063828 0.65437722206116 0
vt 0.80422908067703 0.82364892959595 0
vt 0.80463778972626 0.78293395042419 0
vt 0.80932921171188 0.7831666469574 0
vt 0.80894291400909 0.82377862930298 0
vt 0.16466015577316 0.68740606307983 0
vt 0.16933512687683 0.6899219751358 0
vt 0.17203485965729 0.68336594104767 0
vt 0.17169934511185 0.68212676048279 0
vt 0.75849848985672 0.29238212108612 0
vt 0.17808622121811 0.64243757724762 0
vt 0.17808622121811 0.63249599933624 0
vt 0.80311185121536 0.57256704568863 0
vt 0.80321896076202 0.61353254318237 0
vt 0.80089348554611 0.61355358362198 0
vt 0.80080783367157 0.57258886098862 0
vt 0.71782821416855 0.57063323259354 0
vt 0.7196683883667 0.57063323259354 0
vt 0.71966952085495 0.57247531414032 0
vt 0.71782779693604 0.57247364521027 0
vt 0.72145849466324 0.57247716188431 0
vt 0.72159850597382 0.6131734251976 0
vt 0.71981316804886 0.61316680908203 0
vt 0.8400177359581 0.61319088935852 0
vt 0.83914113044739 0.61318826675415 0
vt 0.83915150165558 0.57247936725616 0
vt 0.84002763032913 0.57247877120972 0
vt 0.16291016340256 0.69352412223816 0
vt 0.17122066020966 0.68035936355591 0
vt 0.17216974496841 0.67752814292908 0
vt 0.1653641462326 0.67747414112091 0
vt 0.17300671339035 0.64750921726227 0
vt 0.75566285848618 0.2839937210083 0
vt 0.17809349298477 0.69590544700623 0
vt 0.17024850845337 0.6992073059082 0
vt 0.17902565002441 0.69206762313843 0
vt 0.1738253235817 0.68280112743378 0
vt 0.17722451686859 0.69261395931244 0
vt 0.16374164819717 0.67139160633087 0
vt 0.16584324836731 0.69887220859528 0
vt 0.16317731142044 0.6992222070694 0
vt 0.1589583158493 0.70380342006683 0
vt 0.4723174571991 0.75630080699921 0
vt 0.47231650352478 0.75592648983002 0
vt 0.45266038179398 0.75207018852234 0
vt 0.45251774787903 0.75241613388062 0
vt 0.89381492137909 0.68861025571823 0
vt 0.89381492137909 0.66883486509323 0
vt 0.8918182849884 0.66883486509323 0
vt 0.8918182849884 0.68861025571823 0
vt 0.47242003679276 0.65253454446793 0
vt 0.47242003679276 0.65290957689285 0
vt 0.49210870265961 0.65682512521744 0
vt 0.49225246906281 0.65647882223129 0
vt 0.89381492137909 0.82767230272293 0
vt 0.89381492137909 0.80767601728439 0
vt 0.8918182849884 0.80767601728439 0
vt 0.8918182849884 0.82767230272293 0
vt 0.45257931947708 0.65649801492691 0
vt 0.45272320508957 0.65684479475021 0
vt 0.89381492137909 0.70840281248093 0
vt 0.8918182849884 0.70840281248093 0
vt 0.50878471136093 0.66799288988113 0
vt 0.50905007123947 0.66772824525833 0
vt 0.89381492137909 0.72821742296219 0
vt 0.8918182849884 0.72821742296219 0
vt 0.43599545955658 0.74092960357666 0
vt 0.43573004007339 0.74119448661804 0
vt 0.89381492137909 0.74805480241776 0
vt 0.8918182849884 0.74805480241776 0
vt 0.51990431547165 0.68470293283463 0
vt 0.52025103569031 0.68456035852432 0
vt 0.89381492137909 0.76791161298752 0
vt 0.8918182849884 0.76791161298752 0
vt 0.42485731840134 0.7242174744606 0
vt 0.42451018095016 0.72436076402664 0
vt 0.89381492137909 0.7877841591835 0
vt 0.8918182849884 0.7877841591835 0
vt 0.52377659082413 0.70440286397934 0
vt 0.5241516828537 0.70440369844437 0
vt 0.42094624042511 0.70449286699295 0
vt 0.42057055234909 0.70449286699295 0
vt 0.89381492137909 0.53018921613693 0
vt 0.89381492137909 0.5101974606514 0
vt 0.8918182849884 0.5101974606514 0
vt 0.8918182849884 0.53018921613693 0
vt 0.51982033252716 0.72409218549728 0
vt 0.52016687393188 0.72423642873764 0
vt 0.89381492137909 0.55005675554276 0
vt 0.8918182849884 0.55005675554276 0
vt 0.42486500740051 0.6847625374794 0
vt 0.42451775074005 0.68461889028549 0
vt 0.89381492137909 0.56989604234695 0
vt 0.8918182849884 0.56989604234695 0
vt 0.50864893198013 0.74078410863876 0
vt 0.50891411304474 0.74104934930801 0
vt 0.89381492137909 0.58970910310745 0
vt 0.8918182849884 0.58970910310745 0
vt 0.43602305650711 0.66803044080734 0
vt 0.43575727939606 0.66776520013809 0
vt 0.89381492137909 0.60950654745102 0
vt 0.8918182849884 0.60950654745102 0
vt 0.49197024106979 0.75195777416229 0
vt 0.49211436510086 0.75230383872986 0
vt 0.89381492137909 0.62929159402847 0
vt 0.8918182849884 0.62929159402847 0
vt 0.89381492137909 0.649065554142 0
vt 0.8918182849884 0.649065554142 0
vt 0.1003215610981 0.22102570533752 0
vt 0.1078055202961 0.23966574668884 0
vt 0.15712860226631 0.2300306558609 0
vt 0.15713113546371 0.20972561836243 0
vt 0.05216080322862 0.25320565700531 0
vt 0.06619334220886 0.2672393321991 0
vt 0.01998090930283 0.30136656761169 0
vt 0.03862005844712 0.30885183811188 0
vt 0.00868073292077 0.3581759929657 0
vt 0.02898496575654 0.35817539691925 0
vt 0.01998090930283 0.4149854183197 0
vt 0.03861964121461 0.40749895572662 0
vt 0.05216080322862 0.4631462097168 0
vt 0.06619262695312 0.44911122322083 0
vt 0.1003215610981 0.49532616138458 0
vt 0.10780416429043 0.47668421268463 0
vt 0.15713113546371 0.50662630796432 0
vt 0.15712590515614 0.48631834983826 0
vt 0.26209136843681 0.46315276622772 0
vt 0.24804475903511 0.44910287857056 0
vt 0.20644514262676 0.47668147087097 0
vt 0.21394051611423 0.49532616138458 0
vt 0.29400414228439 0.41487073898315 0
vt 0.27545368671417 0.40742230415344 0
vt 0.30557903647423 0.35816431045532 0
vt 0.28525331616402 0.35816693305969 0
vt 0.29428133368492 0.30136656761169 0
vt 0.27563115954399 0.30884861946106 0
vt 0.26210123300552 0.25320565700531 0
vt 0.24806217849255 0.26723790168762 0
vt 0.21394051611423 0.22102570533752 0
vt 0.20645150542259 0.23966526985168 0
vt 0.11708189547062 0.26263332366943 0
vt 0.12895402312279 0.29401206970215 0
vt 0.15712630748749 0.2550196647644 0
vt 0.08353781700134 0.28458487987518 0
vt 0.10630938410759 0.30735814571381 0
vt 0.06158650293946 0.31812942028046 0
vt 0.09296371042728 0.33000373840332 0
vt 0.05397314205766 0.35817468166351 0
vt 0.08850038051605 0.35817348957062 0
vt 0.06158596649766 0.39821982383728 0
vt 0.09296275675297 0.38634312152863 0
vt 0.08353644609451 0.43176400661469 0
vt 0.10630723834038 0.40898823738098 0
vt 0.1170794069767 0.45371472835541 0
vt 0.15712086856365 0.46132624149323 0
vt 0.23067617416382 0.43174743652344 0
vt 0.19715735316277 0.45370948314667 0
vt 0.25257992744446 0.39818322658539 0
vt 0.26024121046066 0.3581577539444 0
vt 0.2526538670063 0.31812310218811 0
vt 0.23071113228798 0.28458213806152 0
vt 0.19716988503933 0.26263225078583 0
vt 0.11907735466957 0.32012724876404 0
vt 0.11566673219204 0.3361793756485 0
vt 0.11401775479317 0.35817229747772 0
vt 0.11566536128521 0.38016498088837 0
vt 0.11907485127449 0.39621722698212 0
vt 0.79882901906967 0.74060028791428 0
vt 0.79859894514084 0.78290569782257 0
vt 0.78796893358231 0.78316307067871 0
vt 0.78822296857834 0.74072355031967 0
vt 0.79820424318314 0.82363319396973 0
vt 0.78754556179047 0.82380020618439 0
vt 0.79902386665344 0.65591371059418 0
vt 0.78840857744217 0.65574413537979 0
vt 0.79896265268326 0.69827497005463 0
vt 0.78835546970367 0.69825476408005 0
vt 0.77516275644302 0.65571039915085 0
vt 0.77514743804932 0.61315143108368 0
vt 0.78471809625626 0.61313879489899 0
vt 0.78472352027893 0.65571469068527 0
vt 0.77506422996521 0.57246422767639 0
vt 0.78465312719345 0.57244193553925 0
vt 0.77498078346252 0.74072468280792 0
vt 0.78453052043915 0.74075847864151 0
vt 0.77511715888977 0.69823849201202 0
vt 0.78467071056366 0.69825476408005 0
vt 0.76176512241364 0.74070817232132 0
vt 0.76144969463348 0.78315657377243 0
vt 0.75192999839783 0.78309708833694 0
vt 0.75224506855011 0.74067759513855 0
vt 0.76088052988052 0.82375407218933 0
vt 0.75133001804352 0.82373106479645 0
vt 0.76192271709442 0.655706346035 0
vt 0.7523826956749 0.65570688247681 0
vt 0.76189184188843 0.69822800159454 0
vt 0.75236123800278 0.6982170343399 0
vt 0.82950037717819 0.7408646941185 0
vt 0.82928037643433 0.78330051898956 0
vt 0.81304866075516 0.78322422504425 0
vt 0.81325483322144 0.74080437421799 0
vt 0.82905983924866 0.82376551628113 0
vt 0.81273585557938 0.82374340295792 0
vt 0.82967245578766 0.65575009584427 0
vt 0.81340909004211 0.65573841333389 0
vt 0.8296223282814 0.69832450151443 0
vt 0.81336349248886 0.69829285144806 0
vt 0.70959693193436 0.74071401357651 0
vt 0.70979195833206 0.78308725357056 0
vt 0.69362306594849 0.78323101997375 0
vt 0.69339537620544 0.74076765775681 0
vt 0.71047347784042 0.8236973285675 0
vt 0.69422519207001 0.82380759716034 0
vt 0.70953285694122 0.65570414066315 0
vt 0.69329166412354 0.65573012828827 0
vt 0.70956838130951 0.69824469089508 0
vt 0.69334048032761 0.69826591014862 0
vt 0.67912870645523 0.74064213037491 0
vt 0.67938679456711 0.78291094303131 0
vt 0.66876351833344 0.78330320119858 0
vt 0.66851902008057 0.74084538221359 0
vt 0.67985302209854 0.8235924243927 0
vt 0.66922438144684 0.82383918762207 0
vt 0.67904162406921 0.65591669082642 0
vt 0.66841971874237 0.65577119588852 0
vt 0.67907273769379 0.69830769300461 0
vt 0.66845673322678 0.69832468032837 0
vt 0.65522837638855 0.65575873851776 0
vt 0.65512502193451 0.61316603422165 0
vt 0.66466319561005 0.61312836408615 0
vt 0.66477555036545 0.65574485063553 0
vt 0.65476197004318 0.57246160507202 0
vt 0.66432708501816 0.5724310874939 0
vt 0.65530037879944 0.7409371137619 0
vt 0.66484951972961 0.74089992046356 0
vt 0.65525561571121 0.69835549592972 0
vt 0.66480475664139 0.69833987951279 0
vt 0.64206969738007 0.7410295009613 0
vt 0.6420990228653 0.78359043598175 0
vt 0.63251960277557 0.7836834192276 0
vt 0.63251960277557 0.74106156826019 0
vt 0.64246416091919 0.82387584447861 0
vt 0.63251960277557 0.82424855232239 0
vt 0.64204901456833 0.65577954053879 0
vt 0.63251960277557 0.65578693151474 0
vt 0.6420590877533 0.69839215278625 0
vt 0.63251960277557 0.6984041929245 0
vt 0.73145896196365 0.65570968389511 0
vt 0.731385409832 0.61317920684814 0
vt 0.7391043305397 0.61317092180252 0
vt 0.73917061090469 0.655706346035 0
vt 0.73125600814819 0.5724778175354 0
vt 0.73898255825043 0.57247126102448 0
vt 0.73139750957489 0.74065256118774 0
vt 0.73908293247223 0.74066710472107 0
vt 0.73146456480026 0.69821232557297 0
vt 0.73916697502136 0.69821435213089 0
vt 0.74242681264877 0.78303498029709 0
vt 0.74273520708084 0.74064898490906 0
vt 0.74176269769669 0.82369554042816 0
vt 0.7428463101387 0.65570890903473 0
vt 0.74283570051193 0.6982085108757 0
vt 0.85165137052536 0.65577703714371 0
vt 0.85166126489639 0.61320078372955 0
vt 0.85938823223114 0.61320519447327 0
vt 0.85938084125519 0.65578091144562 0
vt 0.85168945789337 0.57247585058212 0
vt 0.85942685604095 0.57247704267502 0
vt 0.85160791873932 0.74098563194275 0
vt 0.85934555530548 0.74100697040558 0
vt 0.85163342952728 0.69837838411331 0
vt 0.85936832427979 0.69838690757751 0
vt 0.87262630462646 0.74106156826019 0
vt 0.87262630462646 0.7836834192276 0
vt 0.86306637525558 0.78360897302628 0
vt 0.86305695772171 0.74104166030884 0
vt 0.87262630462646 0.82424855232239 0
vt 0.86287373304367 0.82387924194336 0
vt 0.87262630462646 0.65578693151474 0
vt 0.86306983232498 0.65578460693359 0
vt 0.87262630462646 0.6984041929245 0
vt 0.86306172609329 0.69839799404144 0
vt 0.76560497283936 0.65570777654648 0
vt 0.76558083295822 0.6131619811058 0
vt 0.76548439264297 0.57247537374496 0
vt 0.76543945074081 0.74069285392761 0
vt 0.76556843519211 0.69822424650192 0
vt 0.64568501710892 0.65577256679535 0
vt 0.64560145139694 0.613201379776 0
vt 0.64520913362503 0.57247269153595 0
vt 0.64574456214905 0.74097907543182 0
vt 0.64570569992065 0.69837176799774 0
vt 0.7216871380806 0.65571051836014 0
vt 0.72770416736603 0.61316812038422 0
vt 0.72778707742691 0.65570688247681 0
vt 0.72756975889206 0.57247161865234 0
vt 0.72167617082596 0.74066704511642 0
vt 0.72775185108185 0.74066960811615 0
vt 0.72170668840408 0.69822114706039 0
vt 0.72779893875122 0.69821882247925 0
vt 0.84185290336609 0.6557679772377 0
vt 0.84186297655106 0.61319345235825 0
vt 0.84797132015228 0.61319714784622 0
vt 0.84796220064163 0.65577226877213 0
vt 0.84187495708466 0.57247716188431 0
vt 0.84799182415009 0.5724778175354 0
vt 0.84177565574646 0.74093872308731 0
vt 0.84789252281189 0.74095803499222 0
vt 0.84182506799698 0.69835865497589 0
vt 0.84793829917908 0.69836753606796 0
vt 0.71626406908035 0.7406901717186 0
vt 0.71629923582077 0.78306102752686 0
vt 0.71333086490631 0.78308010101318 0
vt 0.71324145793915 0.74069881439209 0
vt 0.71720802783966 0.82401788234711 0
vt 0.71424722671509 0.82384014129639 0
vt 0.71623802185059 0.65570616722107 0
vt 0.71319973468781 0.65570670366287 0
vt 0.71626543998718 0.69823211431503 0
vt 0.71323090791702 0.69823652505875 0
vt 0.83627879619598 0.74089932441711 0
vt 0.8361074924469 0.78334128856659 0
vt 0.83303081989288 0.78332310914993 0
vt 0.83321505784988 0.74088478088379 0
vt 0.83588093519211 0.82371890544891 0
vt 0.83280652761459 0.82372093200684 0
vt 0.83641338348389 0.65575855970383 0
vt 0.83336091041565 0.65575528144836 0
vt 0.83637231588364 0.69834101200104 0
vt 0.83331704139709 0.6983340382576 0
vt 0.68498921394348 0.65589040517807 0
vt 0.68486022949219 0.61345636844635 0
vt 0.68951630592346 0.61323142051697 0
vt 0.68964070081711 0.65577268600464 0
vt 0.6846130490303 0.5725930929184 0
vt 0.6892654299736 0.57242876291275 0
vt 0.68509477376938 0.74064415693283 0
vt 0.6897434592247 0.74073892831802 0
vt 0.68503445386887 0.69828569889069 0
vt 0.68968576192856 0.69827663898468 0
vt 0.80504149198532 0.65588766336441 0
vt 0.8050491809845 0.61345165967941 0
vt 0.80973368883133 0.61323237419128 0
vt 0.80972456932068 0.65577864646912 0
vt 0.80493700504303 0.57254165410995 0
vt 0.80962836742401 0.5724173784256 0
vt 0.80486798286438 0.74063271284103 0
vt 0.80955290794373 0.74075764417648 0
vt 0.80498880147934 0.69828051328659 0
vt 0.80967247486114 0.69828826189041 0
vt 0.80301880836487 0.74058848619461 0
vt 0.80278939008713 0.78285825252533 0
vt 0.80044722557068 0.78283894062042 0
vt 0.80067801475525 0.74057245254517 0
vt 0.80238026380539 0.82362699508667 0
vt 0.8000540137291 0.82361161708832 0
vt 0.80319982767105 0.65593057870865 0
vt 0.80086535215378 0.65594273805618 0
vt 0.8031439781189 0.69827902317047 0
vt 0.80080729722977 0.6982764005661 0
vt 0.0988452732563 0.65349578857422 0
vt -0.11154239624739 0.80088198184967 0
vt 0.6827979683876 0.57063323259354 0
vt 0.68279081583023 0.57270139455795 0
vt 0.68163293600082 0.57281017303467 0
vt 0.68163257837296 0.57117289304733 0
vt 0.09925177693367 0.65528798103333 0
vt 0.10095778107643 0.65597081184387 0
vt 0.72145479917526 0.57063323259354 0
vt 0.83889621496201 0.78336405754089 0
vt 0.83798336982727 0.7833548784256 0
vt 0.8381364941597 0.74091058969498 0
vt 0.83902716636658 0.74091917276382 0
vt 0.71982049942017 0.78304368257523 0
vt 0.71990787982941 0.74067461490631 0
vt 0.71907168626785 0.8242712020874 0
vt 0.71990668773651 0.65570890903473 0
vt 0.71992880105972 0.69822466373444 0
vt 0.8398090004921 0.78337347507477 0
vt 0.83991760015488 0.74092793464661 0
vt 0.83952987194061 0.82370674610138 0
vt 0.83863562345505 0.82370787858963 0
vt 0.84000825881958 0.65576541423798 0
vt 0.83913314342499 0.65576326847076 0
vt 0.83997720479965 0.69835382699966 0
vt 0.83909863233566 0.69834989309311 0
vt 0.06375344842672 0.99198359251022 0
vt 0.06376075744629 0.98922711610794 0
vt 0.00400866847485 0.98906767368317 0
vt 0.00400135898963 0.99182438850403 0
vt 0.12350621819496 0.99214196205139 0
vt 0.12351352721453 0.98938542604446 0
vt 0.18325942754745 0.99229866266251 0
vt 0.18326652050018 0.98954212665558 0
vt 0.24301266670227 0.99245315790176 0
vt 0.24301952123642 0.98969662189484 0
vt 0.30276498198509 0.99260586500168 0
vt 0.3027720451355 0.98984932899475 0
vt 0.36251729726791 0.99275696277618 0
vt 0.36252415180206 0.99000054597855 0
vt 0.42226958274841 0.99290633201599 0
vt 0.42227646708488 0.99014979600906 0
vt 0.4820217192173 0.99305367469788 0
vt 0.48202857375145 0.99029713869095 0
vt 0.5417737364769 0.99319893121719 0
vt 0.54178041219711 0.99044251441956 0
vt 0.60152560472488 0.99334228038788 0
vt 0.60153222084045 0.99058568477631 0
vt 0.66127729415894 0.993483543396 0
vt 0.66128391027451 0.99072694778442 0
vt 0.72102868556976 0.99362307786942 0
vt 0.7210351228714 0.99086666107178 0
vt 0.78077977895737 0.99376136064529 0
vt 0.78078627586365 0.99100482463837 0
vt 0.84053170681 0.99389809370041 0
vt 0.84053790569305 0.99114155769348 0
vt 0.90028315782547 0.99403297901154 0
vt 0.90028947591782 0.99127650260925 0
vt 0.96003425121307 0.99416637420654 0
vt 0.96004021167755 0.99141025543213 0
vt 0.00442117406055 0.83540260791779 0
vt 0.06416960060596 0.83556318283081 0
vt 0.12391848862171 0.83572149276733 0
vt 0.1836671680212 0.83587837219238 0
vt 0.24341559410095 0.83603364229202 0
vt 0.30316355824471 0.83618712425232 0
vt 0.36291128396988 0.83633905649185 0
vt 0.42265859246254 0.83648908138275 0
vt 0.48240518569946 0.83663690090179 0
vt 0.54215174913406 0.83678263425827 0
vt 0.60189861059189 0.83692586421967 0
vt 0.66164523363113 0.83706748485565 0
vt 0.72139209508896 0.83720678091049 0
vt 0.78113931417465 0.83734452724457 0
vt 0.84088730812073 0.83748066425323 0
vt 0.90063571929932 0.83761537075043 0
vt 0.96038466691971 0.83775019645691 0
vt 0.06372862309217 0.08932328224182 0
vt 0.00399980600923 0.08920621871948 0
vt 0.12345971912146 0.08944153785706 0
vt 0.18319219350815 0.08956003189087 0
vt 0.24292762577534 0.08967924118042 0
vt 0.30266556143761 0.08979833126068 0
vt 0.36240714788437 0.08991754055023 0
vt 0.42215237021446 0.09003674983978 0
vt 0.48190104961395 0.09015548229218 0
vt 0.54165285825729 0.09027409553528 0
vt 0.6014079451561 0.09039282798767 0
vt 0.72092419862747 0.0904997587204 0
vt 0.66116434335709 0.0905122756958 0
vt 0.78068965673447 0.09048759937286 0
vt 0.84045702219009 0.09047472476959 0
vt 0.90022647380829 0.090460896492 0
vt 0.95999610424042 0.09044623374939 0
vt 0.00409741559997 0.0389951467514 0
vt 0.06382691860199 0.03911173343658 0
vt 0.12355847656727 0.03922867774963 0
vt 0.18329139053822 0.03934550285339 0
vt 0.24302661418915 0.03946220874786 0
vt 0.30276474356651 0.03957879543304 0
vt 0.36250615119934 0.03969514369965 0
vt 0.42225110530853 0.03981125354767 0
vt 0.48199954628944 0.0399272441864 0
vt 0.54175138473511 0.04004335403442 0
vt 0.60150665044785 0.04015922546387 0
vt 0.66120821237564 0.04027485847473 0
vt 0.72091329097748 0.04026055335999 0
vt 0.78067833185196 0.04024612903595 0
vt 0.84044545888901 0.04023158550262 0
vt 0.90021395683289 0.0402170419693 0
vt 0.9599831700325 0.04020214080811 0
vt 0.3994402885437 0.19432616233826 0
vt 0.39943358302116 0.19156956672668 0
vt 0.35552033782005 0.19167470932007 0
vt 0.35552686452866 0.19443130493164 0
vt 0.70677977800369 0.19355392456055 0
vt 0.70677369832993 0.19079840183258 0
vt 0.66287404298782 0.19090867042542 0
vt 0.66288113594055 0.19366455078125 0
vt 0.44335216283798 0.19421863555908 0
vt 0.44334530830383 0.19146227836609 0
vt 0.4872622191906 0.19410979747772 0
vt 0.48725536465645 0.19135355949402 0
vt 0.53117042779922 0.19399929046631 0
vt 0.5311633348465 0.1912430524826 0
vt 0.57507628202438 0.19388806819916 0
vt 0.57506918907166 0.19113194942474 0
vt 0.61897987127304 0.19377613067627 0
vt 0.61897277832031 0.19102013111114 0
vt 0.04811220616102 0.19511747360229 0
vt 0.04810649901628 0.19236075878143 0
vt 0.00418923376128 0.19245433807373 0
vt 0.00419510575011 0.19521105289459 0
vt 0.09202946722507 0.19502365589142 0
vt 0.09202359616756 0.19226658344269 0
vt 0.1359465867281 0.19492864608765 0
vt 0.13594053685665 0.19217193126678 0
vt 0.17986349761486 0.19483268260956 0
vt 0.17985746264458 0.19207584857941 0
vt 0.22378009557724 0.19473516941071 0
vt 0.22377406060696 0.19197833538055 0
vt 0.26769649982452 0.1946359872818 0
vt 0.26769015192986 0.19187927246094 0
vt 0.3116120994091 0.19453489780426 0
vt 0.31160572171211 0.19177806377411 0
vt 0.0040006400086 0.10380244255066 0
vt 0.0479175709188 0.10370993614197 0
vt 0.09183382987976 0.10361659526825 0
vt 0.13574908673763 0.10352277755737 0
vt 0.17966331541538 0.10342788696289 0
vt 0.22357673943043 0.10333156585693 0
vt 0.26748967170715 0.10323369503021 0
vt 0.31140157580376 0.10313439369202 0
vt 0.35531243681908 0.10303342342377 0
vt 0.39922198653221 0.10293078422546 0
vt 0.44313055276871 0.10282647609711 0
vt 0.48703771829605 0.10272085666656 0
vt 0.53094333410263 0.10261404514313 0
vt 0.57484775781631 0.10250627994537 0
vt 0.61875075101852 0.10239768028259 0
vt 0.66265273094177 0.10228908061981 0
vt 0.70655369758606 0.10218024253845 0
vt 0.47239321470261 0.78578066825867 0
vt 0.47238582372665 0.78297352790833 0
vt 0.43110746145248 0.77489030361176 0
vt 0.4300320148468 0.77749764919281 0
vt 0.45112758874893 0.75578355789185 0
vt 0.47232753038406 0.75994372367859 0
vt 0.4299852848053 0.57270079851151 0
vt 0.43106418848038 0.57530158758163 0
vt 0.47241657972336 0.56705993413925 0
vt 0.47241580486298 0.56424325704575 0
vt 0.47241854667664 0.64888435602188 0
vt 0.45117837190628 0.65312510728836 0
vt 0.39608645439148 0.75148904323578 0
vt 0.39409703016281 0.75347805023193 0
vt 0.4331493973732 0.74377191066742 0
vt 0.37268364429474 0.71646684408188 0
vt 0.3700847029686 0.71754413843155 0
vt 0.42113417387009 0.72575575113297 0
vt 0.3644443154335 0.67514675855637 0
vt 0.36163008213043 0.67514842748642 0
vt 0.41691476106644 0.70449215173721 0
vt 0.37263655662537 0.63380807638168 0
vt 0.37003517150879 0.63273292779922 0
vt 0.42113935947418 0.68322187662125 0
vt 0.39602720737457 0.59874457120895 0
vt 0.39403527975082 0.59675544500351 0
vt 0.43317049741745 0.66518348455429 0
vt 0.51378667354584 0.57529324293137 0
vt 0.51487070322037 0.57268244028091 0
vt 0.49365067481995 0.65310853719711 0
vt 0.54881793260574 0.5987793803215 0
vt 0.55081313848495 0.59679239988327 0
vt 0.51163369417191 0.66515201330185 0
vt 0.57215619087219 0.63387328386307 0
vt 0.57475805282593 0.63280290365219 0
vt 0.52362513542175 0.68317061662674 0
vt 0.58026731014252 0.67520266771317 0
vt 0.58307898044586 0.67521005868912 0
vt 0.52780163288116 0.70441120862961 0
vt 0.57194662094116 0.71646076440811 0
vt 0.5745398402214 0.71754211187363 0
vt 0.52353751659393 0.7256378531456 0
vt 0.54850596189499 0.75137615203857 0
vt 0.55048805475235 0.75336384773254 0
vt 0.51149535179138 0.74362951517105 0
vt 0.51355785131454 0.77469730377197 0
vt 0.51463329792023 0.77728831768036 0
vt 0.49351662397385 0.7556699514389 0
vt 0.09924602508545 0.21842932701111 0
vt 0.15713113546371 0.20691525936127 0
vt 0.05017349496484 0.25121855735779 0
vt 0.01738441176713 0.30029094219208 0
vt 0.00587037438527 0.3581759929657 0
vt 0.01738441176713 0.41606104373932 0
vt 0.05017349496484 0.4651335477829 0
vt 0.09924602508545 0.49792265892029 0
vt 0.15713113546371 0.50943666696548 0
vt 0.26408448815346 0.46513617038727 0
vt 0.21501599252224 0.49792265892029 0
vt 0.29659816622734 0.41594517230988 0
vt 0.30839091539383 0.35817134380341 0
vt 0.29687783122063 0.30029094219208 0
vt 0.26408857107162 0.25121855735779 0
vt 0.21501599252224 0.21842932701111 0
vt 0.00414297310635 0.93876445293427 0
vt 0.06389436870813 0.93892359733582 0
vt 0.12364599108696 0.93908166885376 0
vt 0.18339763581753 0.93923836946487 0
vt 0.24314904212952 0.939393222332 0
vt 0.30289998650551 0.93954628705978 0
vt 0.36265069246292 0.93969750404358 0
vt 0.42240139842033 0.93984705209732 0
vt 0.48215162754059 0.93999439477921 0
vt 0.54190188646317 0.9401398897171 0
vt 0.60165220499039 0.9402831196785 0
vt 0.66140222549438 0.94042474031448 0
vt 0.7211520075798 0.9405642747879 0
vt 0.7809020280838 0.94070243835449 0
vt 0.84065234661102 0.94083905220032 0
vt 0.90040254592896 0.94097423553467 0
vt 0.96015232801437 0.94110858440399 0
vt 0.43742787837982 0.76938211917877 0
vt 0.47236865758896 0.77623295783997 0
vt 0.47241759300232 0.59340900182724 0
vt 0.43740975856781 0.60038179159164 0
vt 0.40778034925461 0.74957847595215 0
vt 0.38796645402908 0.71991819143295 0
vt 0.38099473714828 0.68492442369461 0
vt 0.38793575763702 0.64991837739944 0
vt 0.40774387121201 0.62022882699966 0
vt 0.50742709636688 0.6003834605217 0
vt 0.53707748651505 0.62025099992752 0
vt 0.55683887004852 0.64995175600052 0
vt 0.56371283531189 0.68493896722794 0
vt 0.55667674541473 0.71987479925156 0
vt 0.53683656454086 0.74945217370987 0
vt 0.50724136829376 0.76921951770782 0
vt 0.10732486844063 0.68738830089569 0
vt 0.10548719763756 0.68003845214844 0
vt 0.10023126006126 0.68431079387665 0
vt 0.10590234398842 0.69471991062164 0
vt 0.08153131604195 0.64600396156311 0
vt 0.10548719763756 0.64639639854431 0
vt 0.10732486844063 0.64752674102783 0
vt 0.08228108286858 0.69881224632263 0
vt 0.88719296455383 0.55005675554276 0
vt 0.88719296455383 0.56989604234695 0
vt 0.14251056313515 0.65778458118439 0
vt 0.13122883439064 0.64090013504028 0
vt 0.88719296455383 0.60950654745102 0
vt 0.88719296455383 0.62929159402847 0
vt 0.13122883439064 0.71450173854828 0
vt 0.14251056313515 0.69761753082275 0
vt 0.88719296455383 0.74805480241776 0
vt 0.88719296455383 0.76791161298752 0
vt 0.04634556174278 0.65778458118439 0
vt 0.04238393902779 0.67770087718964 0
vt 0.88719296455383 0.72821742296219 0
vt 0.04634556174278 0.69761753082275 0
vt 0.88719296455383 0.58970910310745 0
vt 0.14647230505943 0.67770087718964 0
vt 0.64267349243164 0.8255717754364 0
vt 0.63251960277557 0.8255717754364 0
vt 0.16886287927628 0.7191059589386 0
vt 0.17813700437546 0.71687924861908 0
vt 0.17992430925369 0.7146121263504 0
vt 0.17992430925369 0.70505964756012 0
vt 0.65594327449799 0.8255717754364 0
vt 0.64636468887329 0.8255717754364 0
vt 0.15870124101639 0.65542888641357 0
vt 0.16389828920364 0.66467452049255 0
vt 0.79820013046265 0.8255717754364 0
vt 0.78751349449158 0.8255717754364 0
vt 0.76086699962616 0.8255717754364 0
vt 0.75130724906921 0.8255717754364 0
vt 0.16886287927628 0.62839126586914 0
vt 0.15958881378174 0.63061785697937 0
vt 0.1578015089035 0.63288521766663 0
vt 0.1578015089035 0.64243757724762 0
vt 0.77419102191925 0.8255717754364 0
vt 0.76458591222763 0.8255717754364 0
vt 0.47139248251915 0.54116183519363 0
vt 0.52162939310074 0.55115449428558 0
vt 0.0552448220551 0.00461447238922 0
vt 0.00399661296979 0.00465130805969 0
vt 0.0040142047219 0.02916574478149 0
vt 0.05526260659099 0.02912855148315 0
vt 0.20736789703369 0.55115455389023 0
vt 0.15713077783585 0.54116189479828 0
vt 0.56421846151352 0.57961159944534 0
vt 0.10649126768112 0.00457751750946 0
vt 0.10650945454836 0.02909064292908 0
vt 0.24995668232441 0.5796115398407 0
vt 0.5926753282547 0.62220042943954 0
vt 0.15773536264896 0.00453996658325 0
vt 0.15775375068188 0.02905213832855 0
vt 0.27841383218765 0.62220042943954 0
vt 0.60266816616058 0.67243736982346 0
vt 0.20897772908211 0.00450158119202 0
vt 0.20899647474289 0.02901303768158 0
vt 0.28840646147728 0.67243748903275 0
vt 0.5926753282547 0.72267436981201 0
vt 0.2602176964283 0.00446271896362 0
vt 0.26023685932159 0.02897250652313 0
vt 0.27841383218765 0.7226744890213 0
vt 0.56421846151352 0.7652633190155 0
vt 0.31145417690277 0.00442326068878 0
vt 0.31147372722626 0.02893114089966 0
vt 0.24995668232441 0.7652633190155 0
vt 0.52162939310074 0.79372030496597 0
vt 0.36268618702888 0.00438320636749 0
vt 0.3627063035965 0.02888882160187 0
vt 0.20736789703369 0.79372036457062 0
vt 0.47139248251915 0.80371296405792 0
vt 0.4139132797718 0.00434231758118 0
vt 0.41393360495567 0.02884531021118 0
vt 0.15713077783585 0.80371308326721 0
vt 0.42115557193756 0.79372030496597 0
vt 0.46513473987579 0.00430071353912 0
vt 0.46515545248985 0.02880072593689 0
vt 0.10689384490252 0.79372036457062 0
vt 0.37856659293175 0.7652633190155 0
vt 0.51635009050369 0.00425827503204 0
vt 0.51637101173401 0.02875566482544 0
vt 0.06430487334728 0.7652633190155 0
vt 0.3501096367836 0.72267436981201 0
vt 0.56755882501602 0.00421571731567 0
vt 0.56758010387421 0.02871000766754 0
vt 0.03584790602326 0.7226744890213 0
vt 0.34011706709862 0.67243736982346 0
vt 0.61876159906387 0.00417256355286 0
vt 0.6187829375267 0.02866411209106 0
vt 0.02585530094802 0.67243748903275 0
vt 0.3501096367836 0.62220042943954 0
vt 0.66995924711227 0.00412917137146 0
vt 0.6699805855751 0.02861845493317 0
vt 0.03584790602326 0.62220042943954 0
vt 0.37856659293175 0.57961159944534 0
vt 0.72115230560303 0.00408530235291 0
vt 0.72117358446121 0.02857291698456 0
vt 0.06430487334728 0.5796115398407 0
vt 0.42115557193756 0.55115449428558 0
vt 0.77234292030334 0.0040408372879 0
vt 0.10689384490252 0.55115455389023 0
vt 0.77236443758011 0.02852749824524 0
vt 0.82353264093399 0.0039963722229 0
vt 0.82355356216431 0.02848279476166 0
vt 0.15713077783585 0.51930302381516 0
vt 0.21573282778263 0.53095960617065 0
vt 0.06417462229729 0.83372557163239 0
vt 0.00442711217329 0.83356457948685 0
vt 0.00399661296979 0.09104299545288 0
vt 0.06372497230768 0.0911602973938 0
vt 0.5299945473671 0.5309596657753 0
vt 0.47139248251915 0.51930302381516 0
vt 0.26541331410408 0.56415504217148 0
vt 0.1239232942462 0.83388411998749 0
vt 0.12345606833696 0.09127855300903 0
vt 0.57967501878738 0.56415516138077 0
vt 0.29860863089561 0.61383533477783 0
vt 0.18367195129395 0.8340408205986 0
vt 0.18318854272366 0.09139716625214 0
vt 0.61287033557892 0.61383545398712 0
vt 0.31026542186737 0.67243748903275 0
vt 0.2434203773737 0.83419615030289 0
vt 0.24292397499084 0.09151637554169 0
vt 0.62452691793442 0.67243736982346 0
vt 0.29860863089561 0.73103946447372 0
vt 0.30316838622093 0.83434963226318 0
vt 0.30266192555428 0.09163570404053 0
vt 0.61287033557892 0.73103940486908 0
vt 0.26541331410408 0.78071987628937 0
vt 0.36291587352753 0.83450150489807 0
vt 0.36240348219872 0.09175503253937 0
vt 0.57967501878738 0.78071987628937 0
vt 0.21573282778263 0.81391525268555 0
vt 0.42266318202019 0.83465158939362 0
vt 0.42214876413345 0.09187412261963 0
vt 0.5299945473671 0.81391513347626 0
vt 0.15713077783585 0.82557189464569 0
vt 0.48240977525711 0.83479934930801 0
vt 0.48189741373062 0.0919930934906 0
vt 0.47139248251915 0.8255717754364 0
vt 0.098528906703 0.81391525268555 0
vt 0.54215633869171 0.83494508266449 0
vt 0.54164928197861 0.09211206436157 0
vt 0.41279065608978 0.81391513347626 0
vt 0.04884844273329 0.78071987628937 0
vt 0.60190296173096 0.83508849143982 0
vt 0.60140424966812 0.09223067760468 0
vt 0.36311021447182 0.78071987628937 0
vt 0.01565312221646 0.73103946447372 0
vt 0.66164952516556 0.83522987365723 0
vt 0.66116255521774 0.09235024452209 0
vt 0.3299146592617 0.73103940486908 0
vt 0.00399633450434 0.67243748903275 0
vt 0.72139644622803 0.83536922931671 0
vt 0.72092467546463 0.09233772754669 0
vt 0.3182580769062 0.67243736982346 0
vt 0.01565312221646 0.61383533477783 0
vt 0.78114342689514 0.83550697565079 0
vt 0.78069013357162 0.09232592582703 0
vt 0.3299146592617 0.61383545398712 0
vt 0.04884844273329 0.56415504217148 0
vt 0.84089118242264 0.83564311265945 0
vt 0.84045749902725 0.09231293201447 0
vt 0.36311021447182 0.56415516138077 0
vt 0.90063983201981 0.83577787876129 0
vt 0.098528906703 0.53095960617065 0
vt 0.90022671222687 0.09229910373688 0
vt 0.41279065608978 0.5309596657753 0
vt 0.96038901805878 0.8359123468399 0
vt 0.95999658107758 0.09228456020355 0
vt 0.47139251232147 0.24563634395599 0
vt 0.51445955038071 0.25420308113098 0
vt 0.04791371151805 0.10187184810638 0
vt 0.00399661296979 0.10196435451508 0
vt 0.00399633450434 0.99366188049316 0
vt 0.06374864280224 0.99382132291794 0
vt 0.5299945473671 0.21669816970825 0
vt 0.47139251232147 0.2050416469574 0
vt 0.55096995830536 0.2785986661911 0
vt 0.09182979911566 0.10177874565125 0
vt 0.12350142002106 0.99397963285446 0
vt 0.57967495918274 0.24989366531372 0
vt 0.57536536455154 0.3151091337204 0
vt 0.13574522733688 0.10168504714966 0
vt 0.18325464427471 0.99413633346558 0
vt 0.61287027597427 0.29957389831543 0
vt 0.58393204212189 0.3581759929657 0
vt 0.17965930700302 0.10159015655518 0
vt 0.24300788342953 0.99429082870483 0
vt 0.62452691793442 0.3581759929657 0
vt 0.57536536455154 0.401242852211 0
vt 0.22357270121574 0.10149395465851 0
vt 0.30276039242744 0.99444353580475 0
vt 0.61287027597427 0.41677796840668 0
vt 0.55096995830536 0.43775343894958 0
vt 0.2674854695797 0.10139608383179 0
vt 0.36251270771027 0.99459475278854 0
vt 0.57967495918274 0.46645832061768 0
vt 0.51445955038071 0.46214878559113 0
vt 0.3113973736763 0.10129690170288 0
vt 0.42226505279541 0.99474400281906 0
vt 0.5299945473671 0.49965369701386 0
vt 0.47139251232147 0.47071552276611 0
vt 0.35530808568001 0.10119593143463 0
vt 0.48201733827591 0.99489134550095 0
vt 0.47139251232147 0.511310338974 0
vt 0.4283255636692 0.46214878559113 0
vt 0.39921766519547 0.10109329223633 0
vt 0.54176938533783 0.99503672122955 0
vt 0.41279053688049 0.49965369701386 0
vt 0.39181509613991 0.43775343894958 0
vt 0.44312614202499 0.10098922252655 0
vt 0.60152125358582 0.99517977237701 0
vt 0.36311015486717 0.46645832061768 0
vt 0.3674196600914 0.401242852211 0
vt 0.48703318834305 0.10088360309601 0
vt 0.66127294301987 0.99532115459442 0
vt 0.32991480827332 0.41677796840668 0
vt 0.35885310173035 0.3581759929657 0
vt 0.53093904256821 0.10077655315399 0
vt 0.72102433443069 0.99546074867249 0
vt 0.31825813651085 0.3581759929657 0
vt 0.3674196600914 0.3151091337204 0
vt 0.57484322786331 0.10066866874695 0
vt 0.78077566623688 0.99559903144836 0
vt 0.32991480827332 0.29957389831543 0
vt 0.39181509613991 0.2785986661911 0
vt 0.61874616146088 0.10056054592133 0
vt 0.84052729606628 0.99573576450348 0
vt 0.36311015486717 0.24989366531372 0
vt 0.4283255636692 0.25420308113098 0
vt 0.66264826059341 0.10045182704926 0
vt 0.90027904510498 0.99587070941925 0
vt 0.41279053688049 0.21669816970825 0
vt 0.70654910802841 0.10034286975861 0
vt 0.96003067493439 0.99600368738174 0
vt 0.88719296455383 0.649065554142 0
vt 0.11434450745583 0.72578346729279 0
vt 0.10370025038719 0.720822930336 0
vt 0.10771438479424 0.72174918651581 0
vt 0.10548719763756 0.72039401531219 0
vt 0.63251960277557 0.57063323259354 0
vt 0.64148753881454 0.57063323259354 0
vt 0.88719296455383 0.53018921613693 0
vt 0.11434450745583 0.62961840629578 0
vt 0.08991411328316 0.67251515388489 0
vt 0.09036400914192 0.67022895812988 0
vt 0.08946439623833 0.66862869262695 0
vt 0.78650838136673 0.57239836454391 0
vt 0.78657025098801 0.61313205957413 0
vt 0.78832304477692 0.57063323259354 0
vt 0.79896634817123 0.57063323259354 0
vt 0.08426854014397 0.65938496589661 0
vt 0.10370025038719 0.63457882404327 0
vt 0.10548719763756 0.63500797748566 0
vt 0.10443493723869 0.63312184810638 0
vt 0.7426655292511 0.57063323259354 0
vt 0.75222754478455 0.57063323259354 0
vt 0.78568637371063 0.82380044460297 0
vt 0.78610438108444 0.78322368860245 0
vt 0.78380388021469 0.8255717754364 0
vt 0.1578015089035 0.65199816226959 0
vt 0.76363468170166 0.572474360466 0
vt 0.76373219490051 0.61316084861755 0
vt 0.08515593409538 0.63457882404327 0
vt 0.08336898684502 0.63500797748566 0
vt 0.76179003715515 0.57063323259354 0
vt 0.8315201997757 0.57247334718704 0
vt 0.83152115345001 0.61317670345306 0
vt 0.81148165464401 0.57239603996277 0
vt 0.81157302856445 0.61315590143204 0
vt 0.81337529420853 0.57063323259354 0
vt 0.82968503236771 0.57063323259354 0
vt 0.08336898684502 0.69577991962433 0
vt 0.08336898684502 0.67953860759735 0
vt 0.88719296455383 0.66883486509323 0
vt 0.09442803263664 0.72974514961243 0
vt 0.83826458454132 0.61318576335907 0
vt 0.83827525377274 0.57247930765152 0
vt 0.71889662742615 0.8255717754364 0
vt 0.71738338470459 0.8255717754364 0
vt 0.71867167949677 0.82428896427155 0
vt 0.17319023609161 0.67987024784088 0
vt 0.17292672395706 0.68119990825653 0
vt 0.88719296455383 0.5101974606514 0
vt 0.09442803263664 0.62565684318542 0
vt 0.80314636230469 0.57063323259354 0
vt 0.80498605966568 0.57063323259354 0
vt 0.1135148704052 0.64444541931152 0
vt 0.88719296455383 0.68861025571823 0
vt 0.07451167702675 0.72578346729279 0
vt 0.10732486844063 0.64551949501038 0
vt 0.10548719763756 0.63684570789337 0
vt 0.10548719763756 0.6445586681366 0
vt 0.88719296455383 0.80767601728439 0
vt 0.88719296455383 0.82767230272293 0
vt 0.07451167702675 0.62961840629578 0
vt 0.88719296455383 0.70840281248093 0
vt 0.05762740969658 0.71450173854828 0
vt 0.08336898684502 0.64639639854431 0
vt 0.08336898684502 0.63723516464233 0
vt 0.88719296455383 0.7877841591835 0
vt 0.05762740969658 0.64090013504028 0
vt 0.08237275481224 0.67662918567657 0
vt 0.70183092355728 0.23236095905304 0
vt 0.09442803263664 0.63046276569366 0
vt 0.08170971274376 0.65939712524414 0
vt 0.08153131604195 0.65644705295563 0
vt 0.69298762083054 0.57063323259354 0
vt 0.70926302671432 0.57063323259354 0
vt 0.10548719763756 0.65962219238281 0
vt 0.10548719763756 0.67586326599121 0
vt 0.10548719763756 0.69945514202118 0
vt 0.10548719763756 0.70900571346283 0
vt 0.65473741292953 0.57063323259354 0
vt 0.6643054485321 0.57063323259354 0
vt 0.7312513589859 0.57063323259354 0
vt 0.73898255825043 0.57063323259354 0
vt 0.08336898684502 0.71855628490448 0
vt 0.08153131604195 0.72151219844818 0
vt 0.08336898684502 0.72039401531219 0
vt 0.85168671607971 0.57063323259354 0
vt 0.85943555831909 0.57063323259354 0
vt 0.08336898684502 0.65594696998596 0
vt 0.77505618333817 0.57063323259354 0
vt 0.78463768959045 0.57063323259354 0
vt 0.71109753847122 0.5724641084671 0
vt 0.71125400066376 0.61314451694489 0
vt 0.69110637903214 0.57240158319473 0
vt 0.6913423538208 0.6131579875946 0
vt 0.68044888973236 0.57284665107727 0
vt 0.68076032400131 0.61353302001953 0
vt 0.68190115690231 0.61353343725204 0
vt 0.66616660356522 0.57240664958954 0
vt 0.66648554801941 0.61313015222549 0
vt 0.66798478364944 0.57063323259354 0
vt 0.67862868309021 0.57063323259354 0
vt 0.09938958287239 0.68675184249878 0
vt 0.10458871722221 0.6960164308548 0
vt 0.66738885641098 0.82380509376526 0
vt 0.66689795255661 0.78335750102997 0
vt 0.66553097963333 0.8255717754364 0
vt 0.17992430925369 0.69549834728241 0
vt 0.17992430925369 0.69366896152496 0
vt 0.1780948638916 0.69416487216949 0
vt 0.6434109210968 0.5724533200264 0
vt 0.64380609989166 0.61319321393967 0
vt 0.72842305898666 0.82375901937485 0
vt 0.72935479879379 0.78305017948151 0
vt 0.73989152908325 0.82371890544891 0
vt 0.74061733484268 0.78305780887604 0
vt 0.73802840709686 0.8255717754364 0
vt 0.73030859231949 0.8255717754364 0
vt 0.17992430925369 0.64059948921204 0
vt 0.17992430925369 0.63288521766663 0
vt 0.74082612991333 0.57247579097748 0
vt 0.74094706773758 0.61317574977875 0
vt 0.84940254688263 0.82371747493744 0
vt 0.84968084096909 0.78344786167145 0
vt 0.86096197366714 0.82377874851227 0
vt 0.86117833852768 0.78356671333313 0
vt 0.8590407371521 0.8255717754364 0
vt 0.85124850273132 0.8255717754364 0
vt 0.1578015089035 0.70689761638641 0
vt 0.1578015089035 0.70505964756012 0
vt 0.86127102375031 0.57247799634933 0
vt 0.86123204231262 0.61320596933365 0
vt 0.08515593409538 0.720822930336 0
vt 0.86312818527222 0.57063323259354 0
vt 0.87262630462646 0.57063323259354 0
vt 0.76273572444916 0.82372581958771 0
vt 0.76329272985458 0.78313660621643 0
vt 0.64555948972702 0.57063323259354 0
vt 0.10548719763756 0.71816694736481 0
vt 0.76586544513702 0.57063323259354 0
vt 0.6444166302681 0.82377934455872 0
vt 0.64400112628937 0.7835488319397 0
vt 0.83774304389954 0.82371300458908 0
vt 0.72678339481354 0.8255717754364 0
vt 0.72035366296768 0.8255717754364 0
vt 0.17454731464386 0.64828157424927 0
vt 0.17329186201096 0.6495863199234 0
vt 0.0878994166851 0.69943642616272 0
vt 0.08507433533669 0.69830203056335 0
vt 0.84766381978989 0.8255717754364 0
vt 0.84137272834778 0.8255717754364 0
vt 0.16423058509827 0.69702160358429 0
vt 0.16552585363388 0.69441783428192 0
vt 0.16403871774673 0.69617295265198 0
vt 0.83863174915314 0.8255717754364 0
vt 0.83775061368942 0.8255717754364 0
vt 0.1578015089035 0.67558658123016 0
vt 0.1578015089035 0.69183087348938 0
vt 0.82910025119782 0.8255717754364 0
vt 0.81272095441818 0.8255717754364 0
vt 0.16434806585312 0.66856157779694 0
vt 0.16479808092117 0.66627514362335 0
vt 0.80005687475204 0.8255717754364 0
vt 0.80241566896439 0.8255717754364 0
vt 0.10404852032661 0.67883670330048 0
vt 0.10038235783577 0.68173086643219 0
vt 0.68463325500488 0.57063323259354 0
vt 0.68931156396866 0.57063323259354 0
vt 0.09894374012947 0.68286645412445 0
vt 0.09871742129326 0.68400859832764 0
vt 0.83827716112137 0.57063323259354 0
vt 0.8391507267952 0.57063323259354 0
vt 0.72756958007812 0.57063323259354 0
vt 0.71294283866882 0.57063323259354 0
vt 0.71598827838898 0.57063323259354 0
vt 0.1037811934948 0.65710163116455 0
vt 0.7179741859436 0.61316049098969 0
vt 0.17539399862289 0.65201413631439 0
vt 0.17368757724762 0.6513307094574 0
vt 0.71429628133774 0.8255717754364 0
vt 0.08461394906044 0.70765399932861 0
vt 0.0887436568737 0.70316970348358 0
vt 0.84187054634094 0.57063323259354 0
vt 0.84799444675446 0.57063323259354 0
vt 0.8400245308876 0.57063323259354 0
vt 0.08979675173759 0.70096933841705 0
vt 0.08960482478142 0.70012092590332 0
vt 0.83337503671646 0.57063323259354 0
vt 0.83643192052841 0.57063323259354 0
vt 0.7188276052475 0.8255717754364 0
vt 0.08480551838875 0.67656278610229 0
vt 0.08847752213478 0.67365336418152 0
vt 0.80968904495239 0.57063323259354 0
vt 0.80080825090408 0.57063323259354 0
vt -0.10906122624874 0.80789977312088 0
vt 0.68401348590851 0.82363533973694 0
vt 0.68350279331207 0.78288191556931 0
vt 0.68286502361298 0.82363712787628 0
vt 0.68235599994659 0.78286671638489 0
vt 0.69237691164017 0.8238308429718 0
vt 0.69179993867874 0.78323876857758 0
vt 0.69058334827423 0.8255717754364 0
vt 0.68591076135635 0.8255717754364 0
vt 0.17481845617294 0.67777919769287 0
vt 0.17337948083878 0.67891502380371 0
vt 0.17992430925369 0.671910405159 0
vt 0.17992430925369 0.65566623210907 0
vt 0.71046417951584 0.8255717754364 0
vt 0.69427669048309 0.8255717754364 0
vt 0.69243812561035 0.8255717754364 0
vt 0.8108235001564 0.8237931728363 0
vt 0.81118845939636 0.78323972225189 0
vt 0.80899178981781 0.8255717754364 0
vt 0.80427139997482 0.8255717754364 0
vt 0.16291111707687 0.66970014572144 0
vt 0.74174809455872 0.8255717754364 0
vt 0.17813700437546 0.63061785697937 0
vt 0.16233295202255 0.69548809528351 0
vt 0.68171310424805 0.82359635829926 0
vt 0.68120884895325 0.78285133838654 0
vt 0.83825790882111 0.65576130151749 0
vt 0.17847585678101 0.67489194869995 0
vt 0.17992430925369 0.67374861240387 0
vt 0.8358913064003 0.8255717754364 0
vt 0.8328138589859 0.8255717754364 0
vt 0.67985379695892 0.8255717754364 0
vt 0.66921627521515 0.8255717754364 0
vt 0.87262630462646 0.8255717754364 0
vt 0.86275619268417 0.8255717754364 0
vt 0.15958881378174 0.71687924861908 0
vt 0.15963965654373 0.7150012254715 0
vt 0.4723225235939 0.75807082653046 0
vt 0.45184224843979 0.75405192375183 0
vt 0.47241908311844 0.65076106786728 0
vt 0.49293172359467 0.65484124422073 0
vt 0.45189839601517 0.65485912561417 0
vt 0.51030534505844 0.66647654771805 0
vt 0.43447613716125 0.74244654178619 0
vt 0.5218905210495 0.68388503789902 0
vt 0.42286956310272 0.72503840923309 0
vt 0.52592521905899 0.70440751314163 0
vt 0.41879397630692 0.70449250936508 0
vt 0.52180474996567 0.72491735219955 0
vt 0.42287617921829 0.6839399933815 0
vt 0.51016867160797 0.74230319261551 0
vt 0.43450009822845 0.66651076078415 0
vt 0.49279594421387 0.75393962860107 0
vt 0.7863764166832 0.74075484275818 0
vt 0.1578015089035 0.69366896152496 0
vt 0.15950733423233 0.69435381889343 0
vt 0.78656589984894 0.6557155251503 0
vt 0.83095616102219 0.8255717754364 0
vt 0.83093416690826 0.82373309135437 0
vt 0.78651303052902 0.6982547044754 0
vt 0.76360213756561 0.74070048332214 0
vt 0.76376366615295 0.6557070016861 0
vt 0.7637300491333 0.69822609424591 0
vt 0.83115553855896 0.78331160545349 0
vt 0.83135771751404 0.74087458848953 0
vt 0.81140369176865 0.7408030629158 0
vt 0.8315167427063 0.65575265884399 0
vt 0.8115668296814 0.65573632717133 0
vt 0.83146959543228 0.69832915067673 0
vt 0.81151777505875 0.69829058647156 0
vt 0.71156221628189 0.78308379650116 0
vt 0.71141928434372 0.74070626497269 0
vt 0.69156974554062 0.74077540636063 0
vt 0.71237808465958 0.82374894618988 0
vt 0.71136617660522 0.65570539236069 0
vt 0.69146591424942 0.6557292342186 0
vt 0.71139961481094 0.69824051856995 0
vt 0.69151312112808 0.69827127456665 0
vt 0.68095690011978 0.74060606956482 0
vt 0.68211197853088 0.74060696363449 0
vt 0.66668444871902 0.74088644981384 0
vt 0.68086588382721 0.65594494342804 0
vt 0.68201553821564 0.65593963861465 0
vt 0.66659754514694 0.65574413537979 0
vt 0.68090009689331 0.69830179214478 0
vt 0.68205362558365 0.69829666614532 0
vt 0.66663080453873 0.69833225011826 0
vt 0.64390736818314 0.74100416898727 0
vt 0.64386701583862 0.65577608346939 0
vt 0.64388245344162 0.69838201999664 0
vt 0.72962290048599 0.65570825338364 0
vt 0.7295446395874 0.61317366361618 0
vt 0.74100852012634 0.65570759773254 0
vt 0.72941160202026 0.57247495651245 0
vt 0.72957462072372 0.74066108465195 0
vt 0.74090880155563 0.74065804481506 0
vt 0.72963178157806 0.69821548461914 0
vt 0.74100130796432 0.69821131229401 0
vt 0.8498067855835 0.65577471256256 0
vt 0.84981626272202 0.61319893598557 0
vt 0.86122524738312 0.65578281879425 0
vt 0.84984076023102 0.57247787714005 0
vt 0.8497502207756 0.74097174406052 0
vt 0.86120128631592 0.74102431535721 0
vt 0.84978592395782 0.69837296009064 0
vt 0.86121499538422 0.69839239120483 0
vt 0.83821994066238 0.69834625720978 0
vt 0.17821794748306 0.65314483642578 0
vt 0.83951306343079 0.8255717754364 0
vt 0.17884337902069 0.64361250400543 0
vt 0.17992430925369 0.65382814407349 0
vt 0.71237075328827 0.8255717754364 0
vt 0.71806055307388 0.78305339813232 0
vt 0.71808588504791 0.74068230390549 0
vt 0.71807223558426 0.65570747852325 0
vt 0.71809715032578 0.69822829961777 0
vt 0.08336898684502 0.67770087718964 0
vt 0.1064827144146 0.67877221107483 0
vt 0.683165371418 0.65593439340591 0
vt 0.68304234743118 0.6135339140892 0
vt 0.6832669377327 0.7406080365181 0
vt 0.68320727348328 0.69829154014587 0
vt 0.1592475771904 0.672602891922 0
vt 0.1578015089035 0.67374861240387 0
vt 0.1578015089035 0.7146121263504 0
vt 0.81085938215256 0.8255717754364 0
vt 0.15713113546371 0.2050416469574 0
vt 0.09852913022041 0.21669828891754 0
vt 0.06383056938648 0.03727471828461 0
vt 0.00410106498748 0.03715837001801 0
vt 0.04884869232774 0.24989354610443 0
vt 0.12356211990118 0.03739154338837 0
vt 0.01565337367356 0.29957401752472 0
vt 0.18329504132271 0.03750848770142 0
vt 0.00399661296979 0.3581759929657 0
vt 0.24303025007248 0.03762519359589 0
vt 0.01565337367356 0.41677796840668 0
vt 0.30276840925217 0.03774154186249 0
vt 0.04884869232774 0.46645832061768 0
vt 0.36250975728035 0.0378577709198 0
vt 0.09852913022041 0.49965369701386 0
vt 0.42225477099419 0.03797388076782 0
vt 0.15713113546371 0.511310338974 0
vt 0.48200324177742 0.03808975219727 0
vt 0.21573314070702 0.49965369701386 0
vt 0.54175508022308 0.03820562362671 0
vt 0.26541337370872 0.46645832061768 0
vt 0.60151010751724 0.03832161426544 0
vt 0.72091281414032 0.03842234611511 0
vt 0.66120970249176 0.03843700885773 0
vt 0.29832723736763 0.4166613817215 0
vt 0.31026542186737 0.3581759929657 0
vt 0.29860863089561 0.29957401752472 0
vt 0.7806778550148 0.03840804100037 0
vt 0.26541337370872 0.24989354610443 0
vt 0.84044498205185 0.03839349746704 0
vt 0.21573314070702 0.21669828891754 0
vt 0.90021347999573 0.03837871551514 0
vt 0.95998269319534 0.03836393356323 0
vt 0.35553124547005 0.19626927375793 0
vt 0.3994448184967 0.19616365432739 0
vt 0.42931371927261 0.77923905849457 0
vt 0.4723984003067 0.78765189647675 0
vt 0.47241503000259 0.56236547231674 0
vt 0.42926597595215 0.57096689939499 0
vt 0.66288596391678 0.19550156593323 0
vt 0.7067836523056 0.19539058208466 0
vt 0.44335672259331 0.19605624675751 0
vt 0.39277070760727 0.7548041343689 0
vt 0.48726677894592 0.19594740867615 0
vt 0.36835211515427 0.7182622551918 0
vt 0.53117495775223 0.19583678245544 0
vt 0.35975408554077 0.67514961957932 0
vt 0.57508111000061 0.19572520256042 0
vt 0.36830109357834 0.63201612234116 0
vt 0.61898463964462 0.19561338424683 0
vt 0.39270734786987 0.59542924165726 0
vt 0.00419913325459 0.1970489025116 0
vt 0.04811623319983 0.19695544242859 0
vt 0.51559436321259 0.57093912363052 0
vt 0.0920333340764 0.19686126708984 0
vt 0.55214351415634 0.59546786546707 0
vt 0.13595043122768 0.19676649570465 0
vt 0.57649290561676 0.63208907842636 0
vt 0.17986752092838 0.19667053222656 0
vt 0.58495342731476 0.67521494626999 0
vt 0.2237842977047 0.196573138237 0
vt 0.57626831531525 0.71826332807541 0
vt 0.26770070195198 0.19647371768951 0
vt 0.5518091917038 0.7546888589859 0
vt 0.31161651015282 0.19637262821198 0
vt 0.5153501033783 0.77901530265808 0
vt 0.763631939888 0.57063323259354 0
vt 0.09442803263664 0.63235259056091 0
vt 0.09442803263664 0.72304940223694 0
vt 0.64332848787308 0.57063323259354 0
vt 0.74082368612289 0.57063323259354 0
vt 0.83152985572815 0.57063323259354 0
vt 0.08336898684502 0.69761753082275 0
vt 0.78648072481155 0.57063323259354 0
vt 0.08336898684502 0.65778458118439 0
vt 0.8115291595459 0.57063323259354 0
vt 0.68406444787979 0.8255717754364 0
vt 0.17992430925369 0.71644997596741 0
vt 0.64451950788498 0.8255717754364 0
vt 0.1578015089035 0.65382814407349 0
vt 0.16442251205444 0.69787037372589 0
vt 0.78565353155136 0.8255717754364 0
vt 0.1578015089035 0.63104701042175 0
vt 0.76272338628769 0.8255717754364 0
vt 0.68170690536499 0.8255717754364 0
vt 0.6830797791481 0.8255717754364 0
vt 0.10548719763756 0.65778458118439 0
vt 0.71110314130783 0.57063323259354 0
vt 0.10548719763756 0.67770087718964 0
vt 0.69114691019058 0.57063323259354 0
vt 0.72842806577682 0.8255717754364 0
vt 0.17992430925369 0.64243757724762 0
vt 0.7398841381073 0.8255717754364 0
vt 0.17992430925369 0.63104701042175 0
vt 0.68046689033508 0.57119476795197 0
vt 0.09849116206169 0.68515086174011 0
vt 0.66614598035812 0.57063323259354 0
vt 0.10548719763756 0.69761753082275 0
vt 0.6673721075058 0.8255717754364 0
vt 0.72940999269485 0.57063323259354 0
vt 0.08336898684502 0.70900571346283 0
vt 0.08188572525978 0.70809316635132 0
vt 0.08336898684502 0.71084344387054 0
vt 0.84984040260315 0.57063323259354 0
vt -0.10906122624874 0.84154522418976 0
vt 0.86128163337708 0.57063323259354 0
vt 0.08998861908913 0.70181798934937 0
vt 0.84939020872116 0.8255717754364 0
vt 0.86089849472046 0.8255717754364 0
vt 0.1578015089035 0.71644997596741 0
# 1803 texture coordinates

o Schloß
usemtl Mat.1
f 1731/1599/29 1730/1598/29 1710/1597/29 1709/1596/29
f 1919/1603/176 1903/1602/175 1902/1601/1 1917/1600/1
f 2466/1607/2 2095/1606/2 2113/1605/2 1556/1604/2
f 1731/1599/29 1724/1609/29 1728/1608/29 1730/1598/29
f 1920/1611/177 1905/1610/177 1903/1602/175 1919/1603/176
f 1990/1615/2 2064/1614/2 2062/1613/2 1991/1612/2
f 1727/1619/29 1726/1618/29 1720/1617/29 1620/1616/29
f 1921/1621/179 1907/1620/178 1905/1610/177 1920/1611/177
f 2102/1625/2 2324/1624/2 1607/1623/2 1557/1622/2
f 1727/1619/29 1718/1628/29 1717/1627/29 1725/1626/29
f 1922/1630/180 1908/1629/180 1907/1620/178 1921/1621/179
f 1981/1634/2 2082/1633/2 2080/1632/2 1982/1631/2
f 1727/1619/29 1725/1626/29 1724/1609/29 1726/1618/29
f 1923/1636/181 1909/1635/181 1908/1629/180 1922/1630/180
f 1553/1640/2 1552/1639/2 2107/1638/2 2435/1637/2
f 1732/1642/29 1731/1599/29 1709/1596/29 1723/1641/29
f 1924/1644/182 1906/1643/182 1909/1635/181 1923/1636/181
f 1552/1639/2 1554/1646/2 2110/1645/2 2107/1638/2
f 1700/1649/29 1716/1648/29 1717/1627/29 1701/1647/29
f 1925/1651/184 1910/1650/183 1906/1643/182 1924/1644/182
f 1556/1604/2 2113/1605/2 2119/1653/2 1555/1652/2
f 1702/1656/29 1718/1628/29 1719/1655/29 1703/1654/29
f 1926/1658/5 1904/1657/5 1910/1650/183 1925/1651/184
f 1725/1626/29 1729/1659/29 1728/1608/29 1724/1609/29
f 2117/1663/2 2116/1662/2 2473/1661/2 1635/1660/2
f 1927/1665/186 1912/1664/185 1904/1657/5 1926/1658/5
f 1555/1652/2 2119/1653/2 2102/1625/2 1557/1622/2
f 1928/1667/188 1913/1666/187 1912/1664/185 1927/1665/186
f 1991/1612/2 2062/1613/2 2092/1669/2 1992/1668/2
f 1703/1654/29 1719/1655/29 1620/1616/29 1708/1670/29
f 1624/1674/192 1619/1673/191 2124/1672/190 2123/1671/189
f 1992/1668/2 2092/1669/2 2090/1676/2 1993/1675/2
f 1708/1670/29 1620/1616/29 1720/1617/29 1704/1677/29
f 1929/1681/196 1915/1680/195 1914/1679/194 1930/1678/193
f 1993/1675/2 2090/1676/2 2088/1683/2 1994/1682/2
f 1704/1677/29 1720/1617/29 1721/1685/29 1705/1684/29
f 1931/1687/198 1911/1686/197 1915/1680/195 1929/1681/196
f 1994/1682/2 2088/1683/2 2086/1689/2 1995/1688/2
f 1705/1684/29 1721/1685/29 1722/1691/29 1706/1690/29
f 1932/1693/199 1916/1692/199 1911/1686/197 1931/1687/198
f 1995/1688/2 2086/1689/2 2084/1695/2 1996/1694/2
f 1706/1690/29 1722/1691/29 1723/1641/29 1707/1696/29
f 1918/1698/200 1901/1697/200 1916/1692/199 1932/1693/199
f 1996/1694/2 2084/1695/2 2082/1633/2 1981/1634/2
f 1707/1696/29 1723/1641/29 1709/1596/29 1693/1699/29
f 1917/1701/1 1902/1700/1 1901/1697/200 1918/1698/200
f 2139/1705/2 2138/1704/2 2459/1703/2 1634/1702/201
f 1888/1709/175 2032/1708/175 2030/1707/1 1885/1706/1
f 1889/1711/177 2034/1710/177 2032/1708/175 1888/1709/175
f 1890/1713/178 2036/1712/202 2034/1710/177 1889/1711/177
f 1891/1715/204 2038/1714/203 2036/1712/202 1890/1713/178
f 1892/1717/181 2040/1716/205 2038/1714/203 1891/1715/204
f 1893/1719/182 2042/1718/182 2040/1716/205 1892/1717/181
f 1894/1721/183 2044/1720/183 2042/1718/182 1893/1719/182
f 1895/1723/5 2046/1722/5 2044/1720/183 1894/1721/183
f 1896/1725/185 2048/1724/206 2046/1722/5 1895/1723/5
f 1897/1727/207 2050/1726/207 2048/1724/206 1896/1725/185
f 1898/1729/208 2052/1728/208 2050/1726/207 1897/1727/207
f 1899/1731/209 2054/1730/209 2052/1728/208 1898/1729/208
f 1900/1733/197 2056/1732/210 2054/1730/209 1899/1731/209
f 1887/1735/199 2058/1734/199 2056/1732/210 1900/1733/197
f 1886/1737/200 2060/1736/211 2058/1734/199 1887/1735/199
f 1885/1739/1 2030/1738/1 2060/1736/211 1886/1737/200
f 2182/1743/1 2158/1742/1 2171/1741/212 2157/1740/212
f 2157/1740/212 2171/1741/212 2173/1745/213 2170/1744/213
f 2170/1744/213 2173/1745/213 2175/1747/214 2172/1746/214
f 2172/1746/214 2175/1747/214 2177/1749/169 2174/1748/169
f 2174/1748/169 2177/1749/169 2163/1751/215 2176/1750/215
f 2176/1750/215 2163/1751/215 2165/1753/216 2162/1752/216
f 2162/1752/216 2165/1753/216 2167/1755/217 2164/1754/217
f 2164/1754/217 2167/1755/217 2169/1757/5 2166/1756/5
f 2166/1756/5 2169/1757/5 2187/1759/218 2168/1758/218
f 2168/1758/218 2187/1759/218 2189/1761/219 2186/1760/219
f 2186/1760/219 2189/1761/219 2191/1763/220 2188/1762/220
f 2188/1762/220 2191/1763/220 2193/1765/173 2190/1764/173
f 2190/1764/173 2193/1765/173 2179/1767/221 2192/1766/221
f 2192/1766/221 2179/1767/221 2181/1769/222 2178/1768/222
f 2178/1768/222 2181/1769/222 2183/1771/223 2180/1770/223
f 2180/1770/223 2183/1771/223 2158/1773/1 2182/1772/1
f 2254/1777/29 2185/1776/29 2203/1775/29 2184/1774/29
f 2208/1781/2 2205/1780/2 2248/1779/2 2204/1778/2
f 2184/1774/29 2203/1775/29 2207/1783/29 2202/1782/29
f 2196/1785/2 2209/1784/2 2205/1780/2 2208/1781/2
f 2202/1782/29 2207/1783/29 2195/1787/29 2206/1786/29
f 2200/1789/2 2197/1788/2 2209/1784/2 2196/1785/2
f 2206/1786/29 2195/1787/29 2199/1791/29 2194/1790/29
f 2220/1793/2 2201/1792/2 2197/1788/2 2200/1789/2
f 2194/1790/29 2199/1791/29 2219/1795/29 2198/1794/29
f 2224/1797/2 2221/1796/2 2201/1792/2 2220/1793/2
f 2198/1794/29 2219/1795/29 2223/1799/29 2218/1798/29
f 2212/1801/2 2225/1800/2 2221/1796/2 2224/1797/2
f 2218/1798/29 2223/1799/29 2211/1803/29 2222/1802/29
f 2216/1805/2 2213/1804/2 2225/1800/2 2212/1801/2
f 2222/1802/29 2211/1803/29 2215/1807/29 2210/1806/29
f 2242/1809/2 2217/1808/2 2213/1804/2 2216/1805/2
f 2210/1806/29 2215/1807/29 2245/1811/29 2214/1810/29
f 2237/1813/2 2243/1812/2 2217/1808/2 2242/1809/2
f 2214/1810/29 2245/1811/29 2240/1815/29 2244/1814/29
f 2232/1817/2 2238/1816/2 2243/1812/2 2237/1813/2
f 2244/1814/29 2240/1815/29 2235/1819/29 2239/1818/29
f 2227/1821/2 2233/1820/2 2238/1816/2 2232/1817/2
f 2239/1818/29 2235/1819/29 2230/1823/29 2234/1822/29
f 2264/1825/2 2228/1824/2 2233/1820/2 2227/1821/2
f 2234/1822/29 2230/1823/29 2268/1827/29 2229/1826/29
f 2258/1829/2 2265/1828/2 2228/1824/2 2264/1825/2
f 2229/1826/29 2268/1827/29 2261/1831/29 2267/1830/29
f 2252/1833/2 2259/1832/2 2265/1828/2 2258/1829/2
f 2267/1830/29 2261/1831/29 2255/1835/29 2260/1834/29
f 2247/1837/2 2253/1836/2 2259/1832/2 2252/1833/2
f 2260/1834/29 2255/1835/29 2185/1776/29 2254/1777/29
f 2204/1778/2 2248/1779/2 2253/1836/2 2247/1837/2
f 2291/1841/2 2250/1840/2 2296/1839/2 2249/1838/2
f 2288/1843/2 2292/1842/2 2250/1840/2 2291/1841/2
f 2285/1845/2 2289/1844/2 2292/1842/2 2288/1843/2
f 2282/1847/2 2286/1846/2 2289/1844/2 2285/1845/2
f 2279/1849/2 2283/1848/2 2286/1846/2 2282/1847/2
f 2276/1851/2 2280/1850/2 2283/1848/2 2279/1849/2
f 2273/1853/2 2277/1852/2 2280/1850/2 2276/1851/2
f 2269/1855/2 2274/1854/2 2277/1852/2 2273/1853/2
f 2307/1857/2 2270/1856/2 2274/1854/2 2269/1855/2
f 2305/1859/2 2308/1858/2 2270/1856/2 2307/1857/2
f 2303/1861/2 2306/1860/2 2308/1858/2 2305/1859/2
f 2301/1863/2 2304/1862/2 2306/1860/2 2303/1861/2
f 2299/1865/2 2302/1864/2 2304/1862/2 2301/1863/2
f 2297/1867/2 2300/1866/2 2302/1864/2 2299/1865/2
f 2295/1869/2 2298/1868/2 2300/1866/2 2297/1867/2
f 2249/1838/2 2296/1839/2 2298/1868/2 2295/1869/2
f 1951/1873/227 2014/1872/226 2013/1871/225 1950/1870/224
f 1952/1875/229 2015/1874/228 2014/1872/226 1951/1873/227
f 1953/1877/231 2016/1876/230 2015/1874/228 1952/1875/229
f 1954/1879/169 2017/1878/169 2016/1876/230 1953/1877/231
f 1955/1881/232 2018/1880/232 2017/1878/169 1954/1879/169
f 1956/1883/234 2019/1882/233 2018/1880/232 1955/1881/232
f 1957/1885/236 2020/1884/235 2019/1882/233 1956/1883/234
f 1958/1887/5 2021/1886/5 2020/1884/235 1957/1885/236
f 1959/1889/238 2022/1888/237 2021/1886/5 1958/1887/5
f 1960/1891/240 2023/1890/239 2022/1888/237 1959/1889/238
f 1961/1893/242 2024/1892/241 2023/1890/239 1960/1891/240
f 1962/1895/173 2025/1894/173 2024/1892/241 1961/1893/242
f 1963/1897/243 2026/1896/243 2025/1894/173 1962/1895/173
f 1964/1899/244 2027/1898/199 2026/1896/243 1963/1897/243
f 1949/1901/246 2028/1900/245 2027/1898/199 1964/1899/244
f 1950/1903/224 2013/1902/225 2028/1900/245 1949/1901/246
f 1982/1631/2 2080/1632/2 2078/1905/2 1983/1904/2
f 1983/1904/2 2078/1905/2 2076/1907/2 1984/1906/2
f 1984/1906/2 2076/1907/2 2074/1909/2 1985/1908/2
f 1985/1908/2 2074/1909/2 2072/1911/2 1986/1910/2
f 1986/1910/2 2072/1911/2 2070/1913/2 1987/1912/2
f 1987/1912/2 2070/1913/2 2068/1915/2 1988/1914/2
f 1988/1914/2 2068/1915/2 2066/1917/2 1989/1916/2
f 1989/1916/2 2066/1917/2 2064/1614/2 1990/1615/2
f 1607/1623/2 2324/1624/2 2375/1919/2 1608/1918/2
f 1609/1922/2 2310/1921/2 1785/1920/2
f 2364/1927/2 2476/1926/2 2396/1925/2 2474/1924/2
f 2314/1931/248 2646/1930/248 2313/1929/248 2312/1928/248
f 1613/1935/2 2477/1934/2 2311/1933/2 2479/1932/2
f 2316/1939/16 2647/1938/16 1759/1937/16 2315/1936/16
f 2401/1943/251 1773/1942/250 2318/1941/249 2317/1940/249
f 2321/1947/16 2782/1946/16 2320/1945/16 2319/1944/16
f 2323/1951/252 2354/1950/5 2322/1949/5 2339/1948/252
f 2348/1955/253 2330/1954/254 2347/1953/254 2345/1952/253
f 2346/1957/255 2348/1955/253 2345/1952/253 2331/1956/255
f 2344/1961/256 2356/1960/257 2343/1959/257 2335/1958/256
f 2342/1965/1 2338/1964/258 2341/1963/258 2352/1962/1
f 2356/1960/257 2326/1967/259 2355/1966/259 2343/1959/257
f 2354/1950/5 2350/1969/260 2353/1968/260 2322/1949/5
f 2352/1973/1 2327/1972/261 2351/1971/261 2342/1970/1
f 2350/1969/260 2332/1975/262 2349/1974/262 2353/1968/260
f 2332/1975/262 2346/1957/255 2331/1956/255 2349/1974/262
f 2330/1954/254 2328/1977/263 2329/1976/263 2347/1953/254
f 2328/1977/263 2351/1971/261 2327/1972/261 2329/1976/263
f 2326/1967/259 2340/1979/264 2325/1978/264 2355/1966/259
f 2340/1979/264 2323/1951/252 2339/1948/252 2325/1978/264
f 2338/1964/258 2336/1981/265 2337/1980/265 2341/1963/258
f 2336/1981/265 2344/1961/256 2335/1958/256 2337/1980/265
f 1555/1652/2 2334/1983/2 2333/1982/2 1556/1604/2
f 1557/1622/2 2766/1984/2 1555/1652/2
f 1607/1623/2 2379/1987/2 2378/1986/2 1557/1622/2
f 2380/1988/2 1609/1922/2 1608/1918/2 2375/1919/2
f 2464/1991/2 2377/1990/2 1613/1935/2 2478/1989/2
f 2477/1934/2 1614/1993/2 2381/1992/2 2311/1933/2
f 2849/1996/2 1611/1995/2 2382/1994/2
f 2403/1999/2 1610/1998/2 1609/1922/2 2380/1988/2
f 1553/1640/2 2480/2001/2 2467/2000/2 1552/1639/2
f 1616/2003/2 2482/2002/2 2480/2001/2 1553/1640/2
f 2468/2005/2 2483/2004/2 2474/1924/2 2396/1925/2
f 1552/1639/2 2358/2007/2 2357/2006/2 1554/1646/2
f 2361/2011/45 2702/2010/45 2360/2009/45 2359/2008/45
f 2372/2015/266 2726/2014/266 2371/2013/266 2370/2012/266
f 2374/2019/45 2727/2018/45 1819/2017/45 2373/2016/45
f 2404/2023/269 1833/2022/268 2366/2021/267 2365/2020/267
f 2369/2027/45 2661/2026/45 2368/2025/45 2367/2024/45
f 2402/2029/271 2668/2028/270 1773/1942/250 2401/1943/251
f 2400/2033/16 2741/2032/16 2399/2031/16 2398/2030/16
f 2405/2037/273 2748/2036/272 1833/2035/268 2404/2034/269
f 1610/1998/2 2403/1999/2 2389/2038/2 1611/1995/2
f 2850/2039/2 2310/1921/2 1609/1922/2
f 2474/1924/2 1616/2003/2 2393/2041/2 2364/1927/2
f 2476/1926/2 2469/2042/2 2396/1925/2
f 2315/1936/16 1759/1937/16 2395/2045/16 2394/2044/16
f 1784/2046/2 2379/1987/2 1607/1623/2
f 2882/2050/2 2431/2049/2 2463/2048/2 2883/2047/2
f 1611/1995/2 1554/1646/2 2880/2051/2
f 2483/2004/2 2482/2002/2 1616/2003/2 2474/1924/2
f 2373/2016/45 1819/2017/45 2388/2054/45 2387/2053/45
f 2386/2058/274 2672/2057/275 2385/2056/275 2384/2055/274
f 2392/2062/276 2752/2061/276 2391/2060/276 2390/2059/276
f 1554/1646/2 1611/1995/2 2389/2038/2 2110/1645/2
f 1616/2003/2 1553/1640/2 2435/1637/2 2393/2041/2
f 2449/2065/2 2471/2064/2 2448/2063/2 1635/1660/2
f 2436/2069/280 1788/2068/279 2531/2067/278 1636/2066/277
f 2438/2073/284 2683/2072/283 2681/2071/282 2444/2070/281
f 2470/2077/288 2423/2076/287 1628/2075/286 1641/2074/285
f 1557/1622/2 2378/1986/2 2763/2078/289 2766/1984/2
f 2430/2082/2 2859/2081/2 2860/2080/2 2428/2079/2
f 2434/2086/290 2694/2085/291 2433/2084/291 2432/2083/290
f 2414/2089/294 2861/2088/293 1628/2075/286 1625/2087/292
f 2123/1671/189 2139/1705/2 1634/1702/201 1624/1674/192
f 2869/2092/2 2416/2091/2 2419/2090/2
f 2422/2097/295 2774/2096/295 2421/2095/295 2420/2094/295
f 2441/2099/297 2406/2098/296 1619/1673/191 1624/1674/192
f 1615/2103/301 2410/2102/300 2408/2101/299 2407/2100/298
f 2413/2107/302 2704/2106/302 2412/2105/302 2411/2104/302
f 1625/2087/292 2854/2109/304 2415/2108/303 2414/2089/294
f 2462/2113/305 2784/2112/305 2461/2111/305 2460/2110/305
f 1930/1678/193 1914/1679/194 1913/1666/187 1928/1667/188
f 1701/1647/29 1717/1627/29 1718/1628/29 1702/1656/29
f 2685/2117/309 2440/2116/308 1637/2115/307 1642/2114/306
f 1628/2075/286 2423/2076/287 2124/1672/190 1619/1673/191 1625/2087/292
f 1634/1702/201 2459/1703/2 2458/2120/2 2457/2119/2
f 2798/2124/310 1753/2123/311 1868/2122/311 2530/2121/310
f 2865/2128/313 2450/2127/313 2862/2126/312 1626/2125/312
f 2450/2127/315 2686/2131/315 2677/2130/315 2507/2129/314
f 2532/2135/317 2871/2134/317 2872/2133/316 1848/2132/316
f 1787/2136/318 2444/2070/281 2681/2071/282 1642/2114/306
f 1640/2139/321 1641/2074/285 2442/2138/320 2443/2137/319
f 1641/2074/285 1628/2075/286 2861/2088/293 2442/2138/320
f 1634/1702/201 2457/2119/2 2564/2140/322
f 1635/1660/2 2429/2143/2 2565/2142/2 2117/1663/2
f 2843/2146/323 2440/2116/308 2635/2145/324 2636/2144/323
f 2683/2072/283 2438/2073/284 2679/2147/325 1640/2139/321
f 2848/2150/2 2847/2149/2 1786/2148/2 2448/2063/2
f 2622/2154/326 1656/2153/326 1655/2152/1 2620/2151/1
f 1546/2158/2 1545/2157/2 1655/2156/2 1656/2155/2
f 2606/2162/327 1648/2161/327 1647/2160/5 2604/2159/5
f 1537/2166/2 1409/2165/2 1646/2164/2 1647/2163/2
f 2604/2159/5 1647/2160/5 1646/2168/328 2602/2167/328
f 1547/2170/2 1546/2158/2 1656/2155/2 1657/2169/2
f 2608/2172/262 1649/2171/262 1648/2161/327 2606/2162/327
f 1548/2174/2 1547/2170/2 1657/2169/2 1658/2173/2
f 2624/2176/329 1657/2175/329 1656/2153/326 2622/2154/326
f 1549/2178/2 1548/2174/2 1658/2173/2 1659/2177/2
f 2610/2180/330 1650/2179/330 1649/2171/262 2608/2172/262
f 1550/2182/2 1549/2178/2 1659/2177/2 1660/2181/2
f 2626/2184/331 1658/2183/331 1657/2175/329 2624/2176/329
f 1551/2186/2 1550/2182/2 1660/2181/2 1661/2185/2
f 2612/2188/332 1651/2187/332 1650/2179/330 2610/2180/330
f 1409/2165/2 1551/2186/2 1661/2185/2 1646/2164/2
f 2628/2190/333 1659/2189/333 1658/2183/331 2626/2184/331
f 1538/2194/2 1537/2193/2 1647/2192/2 1648/2191/2
f 2614/2196/334 1652/2195/334 1651/2187/332 2612/2188/332
f 1539/2198/2 1538/2194/2 1648/2191/2 1649/2197/2
f 2630/2200/335 1660/2199/335 1659/2189/333 2628/2190/333
f 1540/2202/2 1539/2198/2 1649/2197/2 1650/2201/2
f 2616/2204/336 1653/2203/336 1652/2195/334 2614/2196/334
f 1541/2206/2 1540/2202/2 1650/2201/2 1651/2205/2
f 2481/2208/264 1661/2207/264 1660/2199/335 2630/2200/335
f 1542/2210/2 1541/2206/2 1651/2205/2 1652/2209/2
f 2618/2212/337 1654/2211/337 1653/2203/336 2616/2204/336
f 1543/2214/2 1542/2210/2 1652/2209/2 1653/2213/2
f 2602/2167/328 1646/2168/328 1661/2207/264 2481/2208/264
f 1544/2216/2 1543/2214/2 1653/2213/2 1654/2215/2
f 2620/2151/1 1655/2152/1 1654/2211/337 2618/2212/337
f 1545/2157/2 1544/2216/2 1654/2215/2 1655/2156/2
f 1997/2220/29 1734/2219/29 1733/2218/29 1998/2217/29
f 1998/2217/29 1733/2218/29 1748/2222/29 1999/2221/29
f 1999/2221/29 1748/2222/29 1747/2224/29 2000/2223/29
f 2000/2223/29 1747/2224/29 1746/2226/29 2001/2225/29
f 2001/2225/29 1746/2226/29 1745/2228/29 2002/2227/29
f 2002/2227/29 1745/2228/29 1744/2230/29 2003/2229/29
f 2003/2229/29 1744/2230/29 1743/2232/29 2004/2231/29
f 2004/2231/29 1743/2232/29 1742/2234/29 2005/2233/29
f 2006/2238/29 1741/2237/29 1740/2236/29 2007/2235/29
f 2007/2235/29 1740/2236/29 1739/2240/29 2012/2239/29
f 2012/2239/29 1739/2240/29 1738/2242/29 2008/2241/29
f 2008/2241/29 1738/2242/29 1737/2244/29 2009/2243/29
f 2009/2243/29 1737/2244/29 1736/2246/29 2010/2245/29
f 2010/2245/29 1736/2246/29 1735/2248/29 2011/2247/29
f 2011/2247/29 1735/2248/29 1734/2219/29 1997/2220/29
f 2005/2233/29 1742/2234/29 1741/2237/29 2006/2238/29
f 1677/2251/29 1693/1699/29 1694/2250/29 1678/2249/29
f 1678/2249/29 1694/2250/29 1695/2253/29 1679/2252/29
f 1679/2252/29 1695/2253/29 1696/2255/29 1680/2254/29
f 1680/2254/29 1696/2255/29 1697/2257/29 1681/2256/29
f 1681/2256/29 1697/2257/29 1698/2259/29 1682/2258/29
f 1682/2258/29 1698/2259/29 1699/2261/29 1683/2260/29
f 1683/2260/29 1699/2261/29 1700/1649/29 1684/2262/29
f 1684/2262/29 1700/1649/29 1701/1647/29 1685/2263/29
f 1686/2265/29 1702/1656/29 1703/1654/29 1687/2264/29
f 1687/2264/29 1703/1654/29 1708/1670/29 1692/2266/29
f 1692/2266/29 1708/1670/29 1704/1677/29 1688/2267/29
f 1688/2267/29 1704/1677/29 1705/1684/29 1689/2268/29
f 1689/2268/29 1705/1684/29 1706/1690/29 1690/2269/29
f 1690/2269/29 1706/1690/29 1707/1696/29 1691/2270/29
f 1691/2270/29 1707/1696/29 1693/1699/29 1677/2251/29
f 1685/2263/29 1701/1647/29 1702/1656/29 1686/2265/29
f 1693/1699/29 1709/1596/29 1710/1597/29 1694/2250/29
f 1694/2250/29 1710/1597/29 1711/2271/29 1695/2253/29
f 1695/2253/29 1711/2271/29 1712/2272/29 1696/2255/29
f 1696/2255/29 1712/2272/29 1713/2273/29 1697/2257/29
f 1697/2257/29 1713/2273/29 1714/2274/29 1698/2259/29
f 1698/2259/29 1714/2274/29 1715/2275/29 1699/2261/29
f 1699/2261/29 1715/2275/29 1716/1648/29 1700/1649/29
f 1727/1619/29 1620/1616/29 1719/1655/29 1718/1628/29
f 1729/1659/29 1725/1626/29 1717/1627/29 1716/1648/29
f 1730/1598/29 1728/1608/29 1713/2273/29 1712/2272/29
f 1732/1642/29 1721/1685/29 1720/1617/29 1726/1618/29
f 1732/1642/29 1726/1618/29 1724/1609/29 1731/1599/29
f 1729/1659/29 1714/2274/29 1713/2273/29 1728/1608/29
f 1716/1648/29 1715/2275/29 1714/2274/29 1729/1659/29
f 1712/2272/29 1711/2271/29 1710/1597/29 1730/1598/29
f 1732/1642/29 1723/1641/29 1722/1691/29 1721/1685/29
f 1734/2219/29 1677/2251/29 1678/2249/29 1733/2218/29
f 1733/2218/29 1678/2249/29 1679/2252/29 1748/2222/29
f 1748/2222/29 1679/2252/29 1680/2254/29 1747/2224/29
f 1747/2224/29 1680/2254/29 1681/2256/29 1746/2226/29
f 1746/2226/29 1681/2256/29 1682/2258/29 1745/2228/29
f 1745/2228/29 1682/2258/29 1683/2260/29 1744/2230/29
f 1744/2230/29 1683/2260/29 1684/2262/29 1743/2232/29
f 1743/2232/29 1684/2262/29 1685/2263/29 1742/2234/29
f 1741/2237/29 1686/2265/29 1687/2264/29 1740/2236/29
f 1740/2236/29 1687/2264/29 1692/2266/29 1739/2240/29
f 1739/2240/29 1692/2266/29 1688/2267/29 1738/2242/29
f 1738/2242/29 1688/2267/29 1689/2268/29 1737/2244/29
f 1737/2244/29 1689/2268/29 1690/2269/29 1736/2246/29
f 1736/2246/29 1690/2269/29 1691/2270/29 1735/2248/29
f 1735/2248/29 1691/2270/29 1677/2251/29 1734/2219/29
f 1742/2234/29 1685/2263/29 1686/2265/29 1741/2237/29
f 2634/2279/248 2486/2278/338 2633/2277/338 2637/2276/248
f 2486/2278/338 2485/2281/338 2484/2280/338 2633/2277/338
f 2646/1930/248 2642/2283/248 2645/2282/248 2313/1929/248
f 2642/2283/248 2638/2285/248 2641/2284/248 2645/2282/248
f 2638/2285/248 2634/2279/248 2637/2276/248 2641/2284/248
f 2650/2289/16 2490/2288/16 1763/2287/16 1762/2286/16
f 2490/2288/16 2489/2291/16 2518/2290/16 1763/2287/16
f 2647/1938/16 2648/2293/16 1760/2292/16 1759/1937/16
f 2648/2293/16 2649/2295/16 1761/2294/16 1760/2292/16
f 2649/2295/16 2650/2289/16 1762/2286/16 1761/2294/16
f 1770/2299/339 1769/2298/250 2652/2297/249 2654/2296/249
f 1769/2298/250 2488/2301/340 2487/2300/249 2652/2297/249
f 1773/1942/250 1772/2303/341 2658/2302/249 2318/1941/249
f 1772/2303/341 1771/2305/342 2656/2304/249 2658/2302/249
f 1771/2305/342 1770/2299/339 2654/2296/249 2656/2304/249
f 2776/2309/16 2503/2308/16 2775/2307/16 2777/2306/16
f 2503/2308/16 2502/2311/16 2501/2310/16 2775/2307/16
f 2782/1946/16 2780/2313/16 2781/2312/16 2320/1945/16
f 2780/2313/16 2778/2315/16 2779/2314/16 2781/2312/16
f 2778/2315/16 2776/2309/16 2777/2306/16 2779/2314/16
f 2696/2319/45 2500/2318/45 2695/2317/45 2697/2316/45
f 2500/2318/45 2499/2321/45 2498/2320/45 2695/2317/45
f 2702/2010/45 2700/2323/45 2701/2322/45 2360/2009/45
f 2700/2323/45 2698/2325/45 2699/2324/45 2701/2322/45
f 2698/2325/45 2696/2319/45 2697/2316/45 2699/2324/45
f 2720/2329/266 2506/2328/343 2719/2327/343 2721/2326/266
f 2506/2328/343 2505/2331/344 2504/2330/344 2719/2327/343
f 2726/2014/266 2724/2333/266 2725/2332/266 2371/2013/266
f 2724/2333/266 2722/2335/266 2723/2334/266 2725/2332/266
f 2722/2335/266 2720/2329/266 2721/2326/266 2723/2334/266
f 2730/2339/45 2494/2338/45 1823/2337/45 1822/2336/45
f 2494/2338/45 2493/2341/45 2514/2340/45 1823/2337/45
f 2727/2018/45 2728/2343/45 1820/2342/45 1819/2017/45
f 2728/2343/45 2729/2345/45 1821/2344/45 1820/2342/45
f 2729/2345/45 2730/2339/45 1822/2336/45 1821/2344/45
f 1830/2349/346 1829/2348/345 2732/2347/267 2734/2346/267
f 1829/2348/345 2492/2351/347 2491/2350/267 2732/2347/267
f 1833/2022/268 1832/2353/348 2738/2352/267 2366/2021/267
f 1832/2353/348 1831/2355/350 2736/2354/349 2738/2352/267
f 1831/2355/350 1830/2349/346 2734/2346/267 2736/2354/349
f 2670/2359/45 2497/2358/45 2669/2357/45 2666/2356/45
f 2497/2358/45 2496/2361/45 2495/2360/45 2669/2357/45
f 2661/2026/45 2664/2363/45 2660/2362/45 2368/2025/45
f 2664/2363/45 2667/2365/45 2663/2364/45 2660/2362/45
f 2667/2365/45 2670/2359/45 2666/2356/45 2663/2364/45
f 2659/2367/351 2520/2366/270 1769/2298/250 1770/2299/339
f 2520/2366/270 2519/2368/352 2488/2301/340 1769/2298/250
f 2668/2028/270 2665/2369/353 1772/2303/341 1773/1942/250
f 2665/2369/353 2662/2370/354 1771/2305/342 1772/2303/341
f 2662/2370/354 2659/2367/351 1770/2299/339 1771/2305/342
f 2750/2374/16 2523/2373/16 2749/2372/16 2746/2371/16
f 2523/2373/16 2522/2376/16 2521/2375/16 2749/2372/16
f 2741/2032/16 2744/2378/16 2740/2377/16 2399/2031/16
f 2744/2378/16 2747/2380/16 2743/2379/16 2740/2377/16
f 2747/2380/16 2750/2374/16 2746/2371/16 2743/2379/16
f 2739/2384/356 2516/2383/355 1829/2382/345 1830/2381/346
f 2516/2383/355 2515/2386/357 2492/2385/347 1829/2382/345
f 2748/2036/272 2745/2388/358 1832/2387/348 1833/2035/268
f 2745/2388/358 2742/2390/359 1831/2389/350 1832/2387/348
f 2742/2390/359 2739/2384/356 1830/2381/346 1831/2389/350
f 1762/2286/16 1763/2287/16 2657/2392/16 2655/2391/16
f 1763/2287/16 2518/2290/16 2517/2393/16 2657/2392/16
f 1759/1937/16 1760/2292/16 2651/2394/16 2395/2045/16
f 1760/2292/16 1761/2294/16 2653/2395/16 2651/2394/16
f 1761/2294/16 1762/2286/16 2655/2391/16 2653/2395/16
f 1822/2336/45 1823/2337/45 2737/2397/45 2735/2396/45
f 1823/2337/45 2514/2340/45 2513/2398/45 2737/2397/45
f 1819/2017/45 1820/2342/45 2731/2399/45 2388/2054/45
f 1820/2342/45 1821/2344/45 2733/2400/45 2731/2399/45
f 1821/2344/45 1822/2336/45 2735/2396/45 2733/2400/45
f 2678/2403/275 2509/2402/275 2677/2130/275 2675/2401/275
f 2509/2402/275 2508/2404/274 2507/2129/274 2677/2130/275
f 2672/2057/275 2674/2406/275 2671/2405/275 2385/2056/275
f 2674/2406/275 2676/2408/275 2673/2407/275 2671/2405/275
f 2676/2408/275 2678/2403/275 2675/2401/275 2673/2407/275
f 2758/2412/276 2512/2411/276 2757/2410/276 2755/2409/276
f 2512/2411/276 2511/2414/276 2510/2413/276 2757/2410/276
f 2752/2061/276 2754/2416/276 2751/2415/276 2391/2060/276
f 2754/2416/276 2756/2418/276 2753/2417/276 2751/2415/276
f 2756/2418/276 2758/2412/276 2755/2409/276 2753/2417/276
f 2688/2422/291 2541/2421/291 2687/2420/291 2689/2419/291
f 2541/2421/291 2540/2424/290 2539/2423/290 2687/2420/291
f 2694/2085/291 2692/2426/291 2693/2425/291 2433/2084/291
f 2692/2426/291 2690/2428/290 2691/2427/290 2693/2425/291
f 2690/2428/290 2688/2422/291 2689/2419/291 2691/2427/290
f 2768/2432/295 2535/2431/295 2767/2430/295 2769/2429/295
f 2535/2431/295 2534/2434/295 2533/2433/295 2767/2430/295
f 2774/2096/295 2772/2436/295 2773/2435/295 2421/2095/295
f 2772/2436/295 2770/2438/295 2771/2437/295 2773/2435/295
f 2770/2438/295 2768/2432/295 2769/2429/295 2771/2437/295
f 2710/2442/360 2538/2441/302 2709/2440/302 2707/2439/360
f 2538/2441/302 2537/2444/302 2536/2443/302 2709/2440/302
f 2704/2106/302 2706/2446/360 2703/2445/360 2412/2105/302
f 2706/2446/360 2708/2448/360 2705/2447/360 2703/2445/360
f 2708/2448/360 2710/2442/360 2707/2439/360 2705/2447/360
f 2790/2452/361 2529/2451/361 2789/2450/361 2787/2449/361
f 2529/2451/361 2528/2454/361 2527/2453/361 2789/2450/361
f 2784/2112/305 2786/2456/305 2783/2455/305 2461/2111/305
f 2786/2456/305 2788/2458/305 2785/2457/305 2783/2455/305
f 2788/2458/305 2790/2452/361 2787/2449/361 2785/2457/305
f 1750/2462/310 1749/2461/311 1864/2460/311 1865/2459/310
f 1749/2461/311 2454/2464/310 2718/2463/310 1864/2460/311
f 1753/2123/311 1752/2466/311 1867/2465/311 1868/2122/311
f 1752/2466/311 1751/2468/310 1866/2467/310 1867/2465/311
f 1751/2468/310 1750/2462/310 1865/2459/310 1866/2467/310
f 2859/2081/2 2430/2082/2 2862/2469/2
f 2857/2474/362 2524/2473/364 2760/2472/363 1630/2471/362
f 2862/2469/2 2430/2082/2 2863/2476/2 1626/2475/2
f 2862/2126/315 2450/2127/315 2507/2129/314 2859/2477/365
f 2875/2481/316 1850/2480/316 1849/2479/316 2876/2478/316
f 2680/2483/315 2569/2482/315 2385/2056/315 2671/2405/315
f 2568/2484/367 2384/2055/366 2385/2056/315 2569/2482/315
f 2686/2131/315 2684/2485/315 2675/2401/315 2677/2130/315
f 2684/2485/315 2682/2486/315 2673/2407/315 2675/2401/315
f 2682/2486/315 2680/2483/315 2671/2405/315 2673/2407/315
f 1845/2488/316 2875/2481/316 2876/2478/316 1844/2487/316
f 1844/2487/316 2876/2478/316 2877/2490/317 2846/2489/317
f 1848/2132/316 2872/2133/316 2873/2492/316 1847/2491/316
f 1847/2491/316 2873/2492/316 2874/2494/317 1846/2493/317
f 1846/2493/317 2874/2494/317 2875/2481/316 1845/2488/316
f 2549/2498/1 1870/2497/1 1871/2496/175 2563/2495/176
f 2563/2495/176 1871/2496/175 1873/2500/177 2562/2499/177
f 2562/2499/177 1873/2500/177 1875/2502/179 2561/2501/202
f 2561/2501/202 1875/2502/179 1877/2504/368 2560/2503/180
f 2560/2503/180 1877/2504/368 1879/2506/181 2559/2505/369
f 2559/2505/369 1879/2506/181 1872/2508/182 2558/2507/182
f 2558/2507/182 1872/2508/182 1874/2510/183 2556/2509/184
f 2556/2509/184 1874/2510/183 1876/2512/5 2557/2511/5
f 2557/2511/5 1876/2512/5 1878/2514/185 2554/2513/186
f 2554/2513/186 1878/2514/185 1881/2516/207 2555/2515/207
f 2555/2515/207 1881/2516/207 1883/2518/208 2552/2517/370
f 2552/2517/370 1883/2518/208 1869/2520/372 2553/2519/371
f 2553/2519/371 1869/2520/372 1884/2522/198 2550/2521/198
f 2550/2521/198 1884/2522/198 1880/2524/199 2551/2523/199
f 2551/2523/199 1880/2524/199 1882/2526/200 2548/2525/211
f 2548/2525/211 1882/2526/200 1870/2528/1 2549/2527/1
f 2547/2530/373 1888/1709/373 1885/1706/1 2546/2529/1
f 2544/2531/177 1889/1711/177 1888/1709/373 2547/2530/373
f 2545/2532/374 1890/1713/374 1889/1711/177 2544/2531/177
f 2542/2533/204 1891/1715/204 1890/1713/374 2545/2532/374
f 2543/2534/181 1892/1717/181 1891/1715/204 2542/2533/204
f 2599/2535/182 1893/1719/182 1892/1717/181 2543/2534/181
f 2598/2536/375 1894/1721/375 1893/1719/182 2599/2535/182
f 2601/2537/5 1895/1723/5 1894/1721/375 2598/2536/375
f 2600/2538/206 1896/1725/206 1895/1723/5 2601/2537/5
f 2595/2539/207 1897/1727/207 1896/1725/206 2600/2538/206
f 2594/2540/208 1898/1729/208 1897/1727/207 2595/2539/207
f 2597/2541/209 1899/1731/209 1898/1729/208 2594/2540/208
f 2596/2542/376 1900/1733/376 1899/1731/209 2597/2541/209
f 2591/2543/199 1887/1735/199 1900/1733/376 2596/2542/376
f 2590/2544/377 1886/1737/377 1887/1735/199 2591/2543/199
f 2546/2545/1 1885/1739/1 1886/1737/377 2590/2544/377
f 2574/2547/1 1902/1601/1 1903/1602/373 2593/2546/373
f 2593/2546/373 1903/1602/373 1905/1610/177 2592/2548/177
f 2592/2548/177 1905/1610/177 1907/1620/374 2587/2549/374
f 2587/2549/374 1907/1620/374 1908/1629/204 2586/2550/204
f 2586/2550/204 1908/1629/204 1909/1635/181 2589/2551/181
f 2589/2551/181 1909/1635/181 1906/1643/182 2588/2552/182
f 2588/2552/182 1906/1643/182 1910/1650/375 2582/2553/375
f 2582/2553/375 1910/1650/375 1904/1657/5 2583/2554/5
f 2583/2554/5 1904/1657/5 1912/1664/206 2584/2555/206
f 2584/2555/206 1912/1664/206 1913/1666/378 2585/2556/378
f 2575/2558/380 1914/1679/380 1915/1680/379 2578/2557/379
f 2578/2557/379 1915/1680/379 1911/1686/376 2579/2559/376
f 2579/2559/376 1911/1686/376 1916/1692/199 2580/2560/199
f 2580/2560/199 1916/1692/199 1901/1697/377 2581/2561/377
f 2581/2561/377 1901/1697/377 1902/1700/1 2574/2562/1
f 2585/2556/378 1913/1666/378 1914/1679/380 2575/2558/380
f 2577/2564/176 1919/1603/176 1917/1600/1 2576/2563/1
f 2570/2565/177 1920/1611/177 1919/1603/176 2577/2564/176
f 2571/2566/202 1921/1621/179 1920/1611/177 2570/2565/177
f 2572/2567/180 1922/1630/180 1921/1621/179 2571/2566/202
f 2573/2568/369 1923/1636/181 1922/1630/180 2572/2567/180
f 2130/2569/182 1924/1644/182 1923/1636/181 2573/2568/369
f 2131/2570/184 1925/1651/184 1924/1644/182 2130/2569/182
f 2132/2571/5 1926/1658/5 1925/1651/184 2131/2570/184
f 2133/2572/186 1927/1665/186 1926/1658/5 2132/2571/5
f 2141/2573/381 1928/1667/188 1927/1665/186 2133/2572/186
f 2127/2575/383 1929/1681/196 1930/1678/193 2126/2574/382
f 2128/2576/198 1931/1687/198 1929/1681/196 2127/2575/383
f 2129/2577/199 1932/1693/199 1931/1687/198 2128/2576/198
f 2140/2578/211 1918/1698/200 1932/1693/199 2129/2577/199
f 2576/2579/1 1917/1701/1 1918/1698/200 2140/2578/211
f 2126/2574/382 1930/1678/193 1928/1667/188 2141/2573/381
f 2156/2583/5 1941/2582/5 1942/2581/384 2142/2580/384
f 2148/2587/246 1948/2586/246 1933/2585/225 2143/2584/225
f 2142/2580/384 1942/2581/384 1944/2589/385 2134/2588/385
f 2134/2588/385 1944/2589/385 1945/2591/242 2135/2590/242
f 2135/2590/242 1945/2591/242 1946/2593/173 2136/2592/173
f 2136/2592/173 1946/2593/173 1947/2595/243 2137/2594/243
f 2137/2594/243 1947/2595/243 1943/2597/199 2149/2596/199
f 2149/2596/199 1943/2597/199 1948/2586/246 2148/2587/246
f 2143/2601/225 1933/2600/225 1934/2599/226 2151/2598/226
f 2151/2598/226 1934/2599/226 1936/2603/177 2150/2602/177
f 2150/2602/177 1936/2603/177 1937/2605/231 2145/2604/231
f 2145/2604/231 1937/2605/231 1935/2607/169 2144/2606/169
f 2144/2606/169 1935/2607/169 1938/2609/386 2147/2608/386
f 2147/2608/386 1938/2609/386 1939/2611/233 2146/2610/233
f 2146/2610/233 1939/2611/233 1940/2613/387 2159/2612/387
f 2159/2612/387 1940/2613/387 1941/2582/5 2156/2583/5
f 2160/2615/227 1951/1873/227 1950/1870/224 2161/2614/225
f 2153/2616/229 1952/1875/229 1951/1873/227 2160/2615/227
f 2152/2617/231 1953/1877/231 1952/1875/229 2153/2616/229
f 2155/2618/169 1954/1879/169 1953/1877/231 2152/2617/231
f 2154/2619/386 1955/1881/232 1954/1879/169 2155/2618/169
f 2100/2620/234 1956/1883/234 1955/1881/232 2154/2619/386
f 2101/2621/235 1957/1885/236 1956/1883/234 2100/2620/234
f 2098/2622/5 1958/1887/5 1957/1885/236 2101/2621/235
f 2099/2623/238 1959/1889/238 1958/1887/5 2098/2622/5
f 2096/2624/240 1960/1891/240 1959/1889/238 2099/2623/238
f 2097/2625/242 1961/1893/242 1960/1891/240 2096/2624/240
f 2093/2626/173 1962/1895/173 1961/1893/242 2097/2625/242
f 2094/2627/243 1963/1897/243 1962/1895/173 2093/2626/173
f 2108/2628/244 1964/1899/244 1963/1897/243 2094/2627/243
f 2109/2629/388 1949/1901/246 1964/1899/244 2108/2628/244
f 2161/2630/225 1950/1903/224 1949/1901/246 2109/2629/388
f 2103/2634/2 1974/2633/2 1973/2632/2 2106/2631/2
f 2617/2636/2 1990/1615/2 1991/1612/2 2619/2635/2
f 2121/2640/2 1965/2639/2 1980/2638/2 2104/2637/2
f 2122/2642/2 1981/1634/2 1982/1631/2 2105/2641/2
f 2115/2644/2 1975/2643/2 1974/2633/2 2103/2634/2
f 2619/2635/2 1991/1612/2 1992/1668/2 2621/2645/2
f 2114/2647/2 1976/2646/2 1975/2643/2 2115/2644/2
f 2621/2645/2 1992/1668/2 1993/1675/2 2623/2648/2
f 2112/2650/2 1977/2649/2 1976/2646/2 2114/2647/2
f 2623/2648/2 1993/1675/2 1994/1682/2 2625/2651/2
f 2111/2653/2 1978/2652/2 1977/2649/2 2112/2650/2
f 2625/2651/2 1994/1682/2 1995/1688/2 2627/2654/2
f 2125/2656/2 1979/2655/2 1978/2652/2 2111/2653/2
f 2627/2654/2 1995/1688/2 1996/1694/2 2629/2657/2
f 2104/2637/2 1980/2638/2 1979/2655/2 2125/2656/2
f 2629/2657/2 1996/1694/2 1981/1634/2 2122/2642/2
f 2120/2659/2 1966/2658/2 1965/2639/2 2121/2640/2
f 2105/2641/2 1982/1631/2 1983/1904/2 2603/2660/2
f 2118/2662/2 1967/2661/2 1966/2658/2 2120/2659/2
f 2603/2660/2 1983/1904/2 1984/1906/2 2605/2663/2
f 2226/2665/2 1968/2664/2 1967/2661/2 2118/2662/2
f 2605/2663/2 1984/1906/2 1985/1908/2 2607/2666/2
f 2231/2668/2 1969/2667/2 1968/2664/2 2226/2665/2
f 2607/2666/2 1985/1908/2 1986/1910/2 2609/2669/2
f 2236/2671/2 1970/2670/2 1969/2667/2 2231/2668/2
f 2609/2669/2 1986/1910/2 1987/1912/2 2611/2672/2
f 2241/2674/2 1971/2673/2 1970/2670/2 2236/2671/2
f 2611/2672/2 1987/1912/2 1988/1914/2 2613/2675/2
f 2246/2677/2 1972/2676/2 1971/2673/2 2241/2674/2
f 2613/2675/2 1988/1914/2 1989/1916/2 2615/2678/2
f 2106/2631/2 1973/2632/2 1972/2676/2 2246/2677/2
f 2615/2678/2 1989/1916/2 1990/1615/2 2617/2636/2
f 2294/2680/29 1997/2220/29 1998/2217/29 2251/2679/29
f 2251/2679/29 1998/2217/29 1999/2221/29 2256/2681/29
f 2256/2681/29 1999/2221/29 2000/2223/29 2257/2682/29
f 2257/2682/29 2000/2223/29 2001/2225/29 2262/2683/29
f 2262/2683/29 2001/2225/29 2002/2227/29 2263/2684/29
f 2263/2684/29 2002/2227/29 2003/2229/29 2266/2685/29
f 2266/2685/29 2003/2229/29 2004/2231/29 2272/2686/29
f 2272/2686/29 2004/2231/29 2005/2233/29 2271/2687/29
f 2293/2689/29 2006/2238/29 2007/2235/29 2278/2688/29
f 2278/2688/29 2007/2235/29 2012/2239/29 2275/2690/29
f 2275/2690/29 2012/2239/29 2008/2241/29 2284/2691/29
f 2284/2691/29 2008/2241/29 2009/2243/29 2281/2692/29
f 2281/2692/29 2009/2243/29 2010/2245/29 2290/2693/29
f 2290/2693/29 2010/2245/29 2011/2247/29 2287/2694/29
f 2287/2694/29 2011/2247/29 1997/2220/29 2294/2680/29
f 2271/2687/29 2005/2233/29 2006/2238/29 2293/2689/29
f 2014/1872/226 1934/2599/226 1933/2600/225 2013/1871/225
f 2015/1874/228 1936/2603/177 1934/2599/226 2014/1872/226
f 2016/1876/230 1937/2605/231 1936/2603/177 2015/1874/228
f 2017/1878/169 1935/2607/169 1937/2605/231 2016/1876/230
f 2018/1880/232 1938/2609/386 1935/2607/169 2017/1878/169
f 2019/1882/233 1939/2611/233 1938/2609/386 2018/1880/232
f 2020/1884/235 1940/2613/387 1939/2611/233 2019/1882/233
f 2021/1886/5 1941/2582/5 1940/2613/387 2020/1884/235
f 2022/1888/237 1942/2581/384 1941/2582/5 2021/1886/5
f 2023/1890/239 1944/2589/385 1942/2581/384 2022/1888/237
f 2024/1892/241 1945/2591/242 1944/2589/385 2023/1890/239
f 2025/1894/173 1946/2593/173 1945/2591/242 2024/1892/241
f 2026/1896/243 1947/2595/243 1946/2593/173 2025/1894/173
f 2027/1898/199 1943/2597/199 1947/2595/243 2026/1896/243
f 2028/1900/245 1948/2586/246 1943/2597/199 2027/1898/199
f 2013/1902/225 1933/2585/225 1948/2586/246 2028/1900/245
f 2032/1708/175 2031/2696/175 2029/2695/1 2030/1707/1
f 2031/2696/175 1871/2496/175 1870/2497/1 2029/2695/1
f 2034/1710/177 2033/2697/177 2031/2696/175 2032/1708/175
f 2033/2697/177 1873/2500/177 1871/2496/175 2031/2696/175
f 2036/1712/202 2035/2698/202 2033/2697/177 2034/1710/177
f 2035/2698/202 1875/2502/179 1873/2500/177 2033/2697/177
f 2038/1714/203 2037/2699/203 2035/2698/202 2036/1712/202
f 2037/2699/203 1877/2504/368 1875/2502/179 2035/2698/202
f 2040/1716/205 2039/2700/205 2037/2699/203 2038/1714/203
f 2039/2700/205 1879/2506/181 1877/2504/368 2037/2699/203
f 2042/1718/182 2041/2701/182 2039/2700/205 2040/1716/205
f 2041/2701/182 1872/2508/182 1879/2506/181 2039/2700/205
f 2044/1720/183 2043/2702/183 2041/2701/182 2042/1718/182
f 2043/2702/183 1874/2510/183 1872/2508/182 2041/2701/182
f 2046/1722/5 2045/2703/5 2043/2702/183 2044/1720/183
f 2045/2703/5 1876/2512/5 1874/2510/183 2043/2702/183
f 2048/1724/206 2047/2704/206 2045/2703/5 2046/1722/5
f 2047/2704/206 1878/2514/185 1876/2512/5 2045/2703/5
f 2050/1726/207 2049/2705/207 2047/2704/206 2048/1724/206
f 2049/2705/207 1881/2516/207 1878/2514/185 2047/2704/206
f 2052/1728/208 2051/2706/208 2049/2705/207 2050/1726/207
f 2051/2706/208 1883/2518/208 1881/2516/207 2049/2705/207
f 2054/1730/209 2053/2707/209 2051/2706/208 2052/1728/208
f 2053/2707/209 1869/2520/372 1883/2518/208 2051/2706/208
f 2056/1732/210 2055/2708/210 2053/2707/209 2054/1730/209
f 2055/2708/210 1884/2522/198 1869/2520/372 2053/2707/209
f 2058/1734/199 2057/2709/199 2055/2708/210 2056/1732/210
f 2057/2709/199 1880/2524/199 1884/2522/198 2055/2708/210
f 2060/1736/211 2059/2710/211 2057/2709/199 2058/1734/199
f 2059/2710/211 1882/2526/200 1880/2524/199 2057/2709/199
f 2030/1738/1 2029/2711/1 2059/2710/211 2060/1736/211
f 2029/2711/1 1870/2528/1 1882/2526/200 2059/2710/211
f 2064/1614/2 2063/2713/2 2061/2712/2 2062/1613/2
f 2063/2713/2 1973/2632/2 1974/2633/2 2061/2712/2
f 2082/1633/2 2081/2715/2 2079/2714/2 2080/1632/2
f 2081/2715/2 1980/2638/2 1965/2639/2 2079/2714/2
f 2062/1613/2 2061/2712/2 2091/2716/2 2092/1669/2
f 2061/2712/2 1974/2633/2 1975/2643/2 2091/2716/2
f 2092/1669/2 2091/2716/2 2089/2717/2 2090/1676/2
f 2091/2716/2 1975/2643/2 1976/2646/2 2089/2717/2
f 2090/1676/2 2089/2717/2 2087/2718/2 2088/1683/2
f 2089/2717/2 1976/2646/2 1977/2649/2 2087/2718/2
f 2088/1683/2 2087/2718/2 2085/2719/2 2086/1689/2
f 2087/2718/2 1977/2649/2 1978/2652/2 2085/2719/2
f 2086/1689/2 2085/2719/2 2083/2720/2 2084/1695/2
f 2085/2719/2 1978/2652/2 1979/2655/2 2083/2720/2
f 2084/1695/2 2083/2720/2 2081/2715/2 2082/1633/2
f 2083/2720/2 1979/2655/2 1980/2638/2 2081/2715/2
f 2080/1632/2 2079/2714/2 2077/2721/2 2078/1905/2
f 2079/2714/2 1965/2639/2 1966/2658/2 2077/2721/2
f 2078/1905/2 2077/2721/2 2075/2722/2 2076/1907/2
f 2077/2721/2 1966/2658/2 1967/2661/2 2075/2722/2
f 2076/1907/2 2075/2722/2 2073/2723/2 2074/1909/2
f 2075/2722/2 1967/2661/2 1968/2664/2 2073/2723/2
f 2074/1909/2 2073/2723/2 2071/2724/2 2072/1911/2
f 2073/2723/2 1968/2664/2 1969/2667/2 2071/2724/2
f 2072/1911/2 2071/2724/2 2069/2725/2 2070/1913/2
f 2071/2724/2 1969/2667/2 1970/2670/2 2069/2725/2
f 2070/1913/2 2069/2725/2 2067/2726/2 2068/1915/2
f 2069/2725/2 1970/2670/2 1971/2673/2 2067/2726/2
f 2068/1915/2 2067/2726/2 2065/2727/2 2066/1917/2
f 2067/2726/2 1971/2673/2 1972/2676/2 2065/2727/2
f 2066/1917/2 2065/2727/2 2063/2713/2 2064/1614/2
f 2065/2727/2 1972/2676/2 1973/2632/2 2063/2713/2
f 2427/2731/392 2425/2730/391 2424/2729/390 2765/2728/389
f 2483/2004/2 2468/2005/2 2363/2732/2 2482/2002/2
f 2881/2734/2 2428/2079/2 2860/2080/2 1605/2733/2
f 2880/2051/2 1554/1646/2 2357/2006/2 1639/2735/2
f 1640/2139/321 2443/2137/319 2685/2117/309 1642/2114/306
f 2337/1980/265 2335/1958/256 1562/2737/256 1561/2736/265
f 2113/1605/2 2095/1606/2 1561/2739/2 1562/2738/2
f 2355/1966/259 2325/1978/264 1565/2741/264 1564/2740/259
f 2324/1624/2 2102/1625/2 1564/2743/2 1565/2742/2
f 2345/1952/393 2347/1953/254 1572/2745/254 1571/2744/393
f 2435/1637/2 2107/1638/2 1571/2747/2 1572/2746/2
f 2331/1956/255 2345/1952/393 1571/2744/393 1570/2748/255
f 2107/1638/2 2110/1645/2 1570/2749/2 1571/2747/2
f 2335/1958/256 2343/1959/394 1563/2750/394 1562/2737/256
f 2119/1653/2 2113/1605/2 1562/2738/2 1563/2751/2
f 2491/2350/397 2492/2351/396 1596/2753/396 2791/2752/395
f 2473/1661/2 2116/1662/2 2791/2755/2 1596/2754/2
f 2116/1662/2 2117/1663/2 1598/2757/2 2792/2756/2
f 2373/2016/45 2387/2053/45 2792/2759/45 1598/2758/45
f 2343/1959/394 2355/1966/259 1564/2740/259 1563/2750/394
f 2102/1625/2 2119/1653/2 1563/2751/2 1564/2743/2
f 2123/1671/400 2124/1672/190 2793/2761/399 2794/2760/398
f 2484/2280/404 2485/2281/403 2794/2763/402 2793/2762/401
f 2487/2300/407 2488/2301/406 1593/2765/406 2795/2764/405
f 2459/1703/2 2138/1704/2 2795/2767/2 1593/2766/2
f 2138/1704/2 2139/1705/2 1603/2769/2 2796/2768/2
f 2315/1936/16 2394/2044/16 2796/2771/16 1603/2770/16
f 2248/1779/2 2205/1780/2 1476/2773/2 1475/2772/2
f 2171/1741/408 2158/1742/1 1475/2775/1 1476/2774/408
f 2182/1743/1 2157/1740/408 1477/2777/408 1474/2776/1
f 2203/1775/29 2185/1776/29 1474/2779/29 1477/2778/29
f 2205/1780/2 2209/1784/2 1478/2780/2 1476/2773/2
f 2173/1745/213 2171/1741/408 1476/2774/408 1478/2781/213
f 2157/1740/408 2170/1744/213 1479/2782/213 1477/2777/408
f 2207/1783/29 2203/1775/29 1477/2778/29 1479/2783/29
f 2209/1784/2 2197/1788/2 1480/2784/2 1478/2780/2
f 2175/1747/214 2173/1745/213 1478/2781/213 1480/2785/214
f 2170/1744/213 2172/1746/214 1481/2786/214 1479/2782/213
f 2195/1787/29 2207/1783/29 1479/2783/29 1481/2787/29
f 2197/1788/2 2201/1792/2 1482/2788/2 1480/2784/2
f 2177/1749/16 2175/1747/214 1480/2785/214 1482/2789/16
f 2172/1746/214 2174/1748/16 1483/2790/16 1481/2786/214
f 2199/1791/29 2195/1787/29 1481/2787/29 1483/2791/29
f 2201/1792/2 2221/1796/2 1484/2792/2 1482/2788/2
f 2163/1751/215 2177/1749/16 1482/2789/16 1484/2793/215
f 2174/1748/16 2176/1750/215 1485/2794/215 1483/2790/16
f 2219/1795/29 2199/1791/29 1483/2791/29 1485/2795/29
f 2221/1796/2 2225/1800/2 1486/2796/2 1484/2792/2
f 2165/1753/216 2163/1751/215 1484/2793/215 1486/2797/216
f 2176/1750/215 2162/1752/216 1487/2798/216 1485/2794/215
f 2223/1799/29 2219/1795/29 1485/2795/29 1487/2799/29
f 2225/1800/2 2213/1804/2 1488/2800/2 1486/2796/2
f 2167/1755/409 2165/1753/216 1486/2797/216 1488/2801/409
f 2162/1752/216 2164/1754/409 1489/2802/409 1487/2798/216
f 2211/1803/29 2223/1799/29 1487/2799/29 1489/2803/29
f 2213/1804/2 2217/1808/2 1490/2804/2 1488/2800/2
f 2169/1757/5 2167/1755/409 1488/2801/409 1490/2805/5
f 2164/1754/409 2166/1756/5 1491/2806/5 1489/2802/409
f 2215/1807/29 2211/1803/29 1489/2803/29 1491/2807/29
f 2217/1808/2 2243/1812/2 1492/2808/2 1490/2804/2
f 2187/1759/410 2169/1757/5 1490/2805/5 1492/2809/410
f 2166/1756/5 2168/1758/410 1493/2810/410 1491/2806/5
f 2245/1811/29 2215/1807/29 1491/2807/29 1493/2811/29
f 2243/1812/2 2238/1816/2 1494/2812/2 1492/2808/2
f 2189/1761/219 2187/1759/410 1492/2809/410 1494/2813/219
f 2168/1758/410 2186/1760/219 1495/2814/219 1493/2810/410
f 2240/1815/29 2245/1811/29 1493/2811/29 1495/2815/29
f 2238/1816/2 2233/1820/2 1496/2816/2 1494/2812/2
f 2191/1763/220 2189/1761/219 1494/2813/219 1496/2817/220
f 2186/1760/219 2188/1762/220 1497/2818/220 1495/2814/219
f 2235/1819/29 2240/1815/29 1495/2815/29 1497/2819/29
f 2233/1820/2 2228/1824/2 1498/2820/2 1496/2816/2
f 2193/1765/45 2191/1763/220 1496/2817/220 1498/2821/45
f 2188/1762/220 2190/1764/45 1499/2822/45 1497/2818/220
f 2230/1823/29 2235/1819/29 1497/2819/29 1499/2823/29
f 2228/1824/2 2265/1828/2 1500/2824/2 1498/2820/2
f 2179/1767/221 2193/1765/45 1498/2821/45 1500/2825/221
f 2190/1764/45 2192/1766/221 1501/2826/221 1499/2822/45
f 2268/1827/29 2230/1823/29 1499/2823/29 1501/2827/29
f 2265/1828/2 2259/1832/2 1502/2828/2 1500/2824/2
f 2181/1769/222 2179/1767/221 1500/2825/221 1502/2829/222
f 2192/1766/221 2178/1768/222 1503/2830/222 1501/2826/221
f 2261/1831/29 2268/1827/29 1501/2827/29 1503/2831/29
f 2259/1832/2 2253/1836/2 1504/2832/2 1502/2828/2
f 2183/1771/411 2181/1769/222 1502/2829/222 1504/2833/411
f 2255/1835/29 2261/1831/29 1503/2831/29 1473/2834/29
f 2178/1768/222 2180/1770/411 1473/2835/411 1503/2830/222
f 2158/1773/1 2183/1771/411 1504/2833/411 1475/2836/1
f 2253/1836/2 2248/1779/2 1475/2772/2 1504/2832/2
f 2180/1770/411 2182/1772/1 1474/2837/1 1473/2835/411
f 2185/1776/29 2255/1835/29 1473/2834/29 1474/2779/29
f 2254/1777/29 2184/1774/29 1445/2839/29 1442/2838/29
f 2547/2530/373 2546/2529/1 1442/2841/1 1445/2840/373
f 2574/2547/1 2593/2546/373 1444/2843/373 1443/2842/1
f 2208/1781/2 2204/1778/2 1443/2845/2 1444/2844/2
f 2184/1774/29 2202/1782/29 1447/2846/29 1445/2839/29
f 2544/2531/412 2547/2530/373 1445/2840/373 1447/2847/412
f 2593/2546/373 2592/2548/412 1446/2848/412 1444/2843/373
f 2196/1785/2 2208/1781/2 1444/2844/2 1446/2849/2
f 2202/1782/29 2206/1786/29 1449/2850/29 1447/2846/29
f 2545/2532/202 2544/2531/412 1447/2847/412 1449/2851/202
f 2592/2548/412 2587/2549/202 1448/2852/202 1446/2848/412
f 2200/1789/2 2196/1785/2 1446/2849/2 1448/2853/2
f 2206/1786/29 2194/1790/29 1451/2854/29 1449/2850/29
f 2542/2533/204 2545/2532/202 1449/2851/202 1451/2855/204
f 2587/2549/202 2586/2550/204 1450/2856/204 1448/2852/202
f 2220/1793/2 2200/1789/2 1448/2853/2 1450/2857/2
f 2194/1790/29 2198/1794/29 1453/2858/29 1451/2854/29
f 2543/2534/369 2542/2533/204 1451/2855/204 1453/2859/369
f 2586/2550/204 2589/2551/369 1452/2860/369 1450/2856/204
f 2224/1797/2 2220/1793/2 1450/2857/2 1452/2861/2
f 2198/1794/29 2218/1798/29 1455/2862/29 1453/2858/29
f 2599/2535/413 2543/2534/369 1453/2859/369 1455/2863/413
f 2589/2551/369 2588/2552/413 1454/2864/413 1452/2860/369
f 2212/1801/2 2224/1797/2 1452/2861/2 1454/2865/2
f 2218/1798/29 2222/1802/29 1457/2866/29 1455/2862/29
f 2598/2536/375 2599/2535/413 1455/2863/413 1457/2867/375
f 2588/2552/413 2582/2553/375 1456/2868/375 1454/2864/413
f 2216/1805/2 2212/1801/2 1454/2865/2 1456/2869/2
f 2222/1802/29 2210/1806/29 1459/2870/29 1457/2866/29
f 2601/2537/5 2598/2536/375 1457/2867/375 1459/2871/5
f 2582/2553/375 2583/2554/5 1458/2872/5 1456/2868/375
f 2242/1809/2 2216/1805/2 1456/2869/2 1458/2873/2
f 2210/1806/29 2214/1810/29 1461/2874/29 1459/2870/29
f 2600/2538/206 2601/2537/5 1459/2871/5 1461/2875/206
f 2583/2554/5 2584/2555/206 1460/2876/206 1458/2872/5
f 2237/1813/2 2242/1809/2 1458/2873/2 1460/2877/2
f 2214/1810/29 2244/1814/29 1463/2878/29 1461/2874/29
f 2595/2539/414 2600/2538/206 1461/2875/206 1463/2879/414
f 2584/2555/206 2585/2556/415 1462/2880/415 1460/2876/206
f 2232/1817/2 2237/1813/2 1460/2877/2 1462/2881/2
f 2244/1814/29 2239/1818/29 1465/2882/29 1463/2878/29
f 2594/2540/370 2595/2539/414 1463/2879/414 1465/2883/370
f 2585/2556/415 2575/2558/416 1464/2884/416 1462/2880/415
f 2227/1821/2 2232/1817/2 1462/2881/2 1464/2885/2
f 2239/1818/29 2234/1822/29 1467/2886/29 1465/2882/29
f 2597/2541/209 2594/2540/370 1465/2883/370 1467/2887/209
f 2575/2558/416 2578/2557/417 1466/2888/417 1464/2884/416
f 2264/1825/2 2227/1821/2 1464/2885/2 1466/2889/2
f 2234/1822/29 2229/1826/29 1469/2890/29 1467/2886/29
f 2596/2542/198 2597/2541/209 1467/2887/209 1469/2891/198
f 2578/2557/417 2579/2559/198 1468/2892/198 1466/2888/417
f 2258/1829/2 2264/1825/2 1466/2889/2 1468/2893/2
f 2229/1826/29 2267/1830/29 1471/2894/29 1469/2890/29
f 2591/2543/418 2596/2542/198 1469/2891/198 1471/2895/418
f 2579/2559/198 2580/2560/418 1470/2896/418 1468/2892/198
f 2252/1833/2 2258/1829/2 1468/2893/2 1470/2897/2
f 2590/2544/377 2591/2543/418 1471/2895/418 1441/2898/377
f 2267/1830/29 2260/1834/29 1441/2899/29 1471/2894/29
f 2580/2560/418 2581/2561/377 1472/2900/377 1470/2896/418
f 2247/1837/2 2252/1833/2 1470/2897/2 1472/2901/2
f 2260/1834/29 2254/1777/29 1442/2838/29 1441/2899/29
f 2546/2545/1 2590/2544/377 1441/2898/377 1442/2902/1
f 2204/1778/2 2247/1837/2 1472/2901/2 1443/2845/2
f 2581/2561/377 2574/2562/1 1443/2903/1 1472/2900/377
f 2296/1839/2 2250/1840/2 1506/2905/2 1505/2904/2
f 2160/2615/227 2161/2614/225 1505/2907/225 1506/2906/227
f 2549/2498/1 2563/2495/373 1413/2909/373 1411/2908/1
f 2291/1841/2 2249/1838/2 1411/2911/2 1413/2910/2
f 2250/1840/2 2292/1842/2 1507/2912/2 1506/2905/2
f 2153/2616/229 2160/2615/227 1506/2906/227 1507/2913/229
f 2563/2495/373 2562/2499/412 1415/2914/412 1413/2909/373
f 2288/1843/2 2291/1841/2 1413/2910/2 1415/2915/2
f 2292/1842/2 2289/1844/2 1508/2916/2 1507/2912/2
f 2152/2617/231 2153/2616/229 1507/2913/229 1508/2917/231
f 2562/2499/412 2561/2501/178 1417/2918/178 1415/2914/412
f 2285/1845/2 2288/1843/2 1415/2915/2 1417/2919/2
f 2289/1844/2 2286/1846/2 1509/2920/2 1508/2916/2
f 2155/2618/169 2152/2617/231 1508/2917/231 1509/2921/169
f 2561/2501/178 2560/2503/203 1419/2922/203 1417/2918/178
f 2282/1847/2 2285/1845/2 1417/2919/2 1419/2923/2
f 2286/1846/2 2283/1848/2 1510/2924/2 1509/2920/2
f 2154/2619/386 2155/2618/169 1509/2921/169 1510/2925/386
f 2560/2503/203 2559/2505/181 1421/2926/181 1419/2922/203
f 2279/1849/2 2282/1847/2 1419/2923/2 1421/2927/2
f 2283/1848/2 2280/1850/2 1511/2928/2 1510/2924/2
f 2100/2620/233 2154/2619/386 1510/2925/386 1511/2929/233
f 2559/2505/181 2558/2507/413 1423/2930/413 1421/2926/181
f 2276/1851/2 2279/1849/2 1421/2927/2 1423/2931/2
f 2280/1850/2 2277/1852/2 1512/2932/2 1511/2928/2
f 2101/2621/235 2100/2620/233 1511/2929/233 1512/2933/235
f 2558/2507/413 2556/2509/375 1425/2934/375 1423/2930/413
f 2273/1853/2 2276/1851/2 1423/2931/2 1425/2935/2
f 2277/1852/2 2274/1854/2 1513/2936/2 1512/2932/2
f 2098/2622/5 2101/2621/235 1512/2933/235 1513/2937/5
f 2556/2509/375 2557/2511/5 1427/2938/5 1425/2934/375
f 2269/1855/2 2273/1853/2 1425/2935/2 1427/2939/2
f 2274/1854/2 2270/1856/2 1514/2940/2 1513/2936/2
f 2099/2623/238 2098/2622/5 1513/2937/5 1514/2941/238
f 2557/2511/5 2554/2513/206 1429/2942/206 1427/2938/5
f 2307/1857/2 2269/1855/2 1427/2939/2 1429/2943/2
f 2270/1856/2 2308/1858/2 1515/2944/2 1514/2940/2
f 2096/2624/385 2099/2623/238 1514/2941/238 1515/2945/385
f 2554/2513/206 2555/2515/414 1431/2946/414 1429/2942/206
f 2305/1859/2 2307/1857/2 1429/2943/2 1431/2947/2
f 2308/1858/2 2306/1860/2 1516/2948/2 1515/2944/2
f 2097/2625/242 2096/2624/385 1515/2945/385 1516/2949/242
f 2555/2515/414 2552/2517/208 1432/2950/208 1431/2946/414
f 2303/1861/2 2305/1859/2 1431/2947/2 1432/2951/2
f 2306/1860/2 2304/1862/2 1517/2952/2 1516/2948/2
f 2093/2626/173 2097/2625/242 1516/2949/242 1517/2953/173
f 2552/2517/208 2553/2519/419 1434/2954/419 1432/2950/208
f 2301/1863/2 2303/1861/2 1432/2951/2 1434/2955/2
f 2304/1862/2 2302/1864/2 1518/2956/2 1517/2952/2
f 2094/2627/243 2093/2626/173 1517/2953/173 1518/2957/243
f 2553/2519/419 2550/2521/197 1436/2958/197 1434/2954/419
f 2299/1865/2 2301/1863/2 1434/2955/2 1436/2959/2
f 2302/1864/2 2300/1866/2 1519/2960/2 1518/2956/2
f 2108/2628/244 2094/2627/243 1518/2957/243 1519/2961/244
f 2550/2521/197 2551/2523/418 1438/2962/418 1436/2958/197
f 2297/1867/2 2299/1865/2 1436/2959/2 1438/2963/2
f 2300/1866/2 2298/1868/2 1520/2964/2 1519/2960/2
f 2109/2629/388 2108/2628/244 1519/2961/244 1520/2965/388
f 2551/2523/418 2548/2525/377 1440/2966/377 1438/2962/418
f 2295/1869/2 2297/1867/2 1438/2963/2 1440/2967/2
f 2161/2630/225 2109/2629/388 1520/2965/388 1505/2968/225
f 2298/1868/2 2296/1839/2 1505/2904/2 1520/2964/2
f 2249/1838/2 2295/1869/2 1440/2967/2 1411/2911/2
f 2548/2525/377 2549/2527/1 1411/2969/1 1440/2966/377
f 2325/1978/264 2339/1948/184 1566/2970/184 1565/2741/264
f 2375/1919/2 2324/1624/2 1565/2742/2 1566/2971/2
f 1583/2974/2 2309/2973/2 1785/1920/2 2797/2972/2
f 2404/2023/420 2365/2020/422 2797/2976/421 1584/2975/420
f 2341/1963/423 2337/1980/265 1561/2736/265 1560/2977/423
f 2095/1606/2 2311/1933/2 1560/2978/2 1561/2739/2
f 2312/1928/426 2313/1929/425 1753/2123/425 2798/2124/424
f 1644/2979/428 2566/3160/544 2408/2101/427 2800/2981/430 1631/2980/429
f 2489/2291/16 2490/2288/16 1758/2983/432 2799/2982/431
f 2646/1930/425 2314/1931/433 2799/2982/431 1758/2983/432
f 2314/1931/433 2312/1928/426 2800/2985/435 2801/2984/434
f 2408/2101/427 2410/2102/300 2801/2986/436 2800/2981/430
f 2465/2989/2 2377/1990/2 1582/2988/2 2802/2987/2
f 2402/2029/439 2401/1943/438 1581/2991/438 2802/2990/437
f 2485/2281/403 2486/2278/425 1754/2993/432 2803/2992/440
f 2647/1938/16 2316/1939/16 2803/2992/440 1754/2993/432
f 2316/1939/16 2315/1936/16 1603/2770/16 2804/2994/16
f 2139/1705/2 2123/1671/400 2804/2995/441 1603/2769/2
f 2317/1940/443 2318/1941/442 1768/2997/442 2805/2996/442
f 2657/2392/16 2517/2393/16 2805/2996/16 1768/2997/16
f 1580/2999/2 2396/1925/2 2469/2042/2 2806/2998/2
f 2401/1943/438 2317/1940/443 2806/3000/444 1581/2991/438
f 2319/1944/16 2320/1945/16 1858/3002/16 2807/3001/16
f 2774/2096/445 2422/2097/446 2807/3001/445 1858/3002/445
f 2528/2454/449 2529/2451/448 1863/3004/448 2808/3003/447
f 2782/1946/16 2321/1947/16 2808/3003/16 1863/3004/16
f 2321/1947/16 2319/1944/16 2809/3006/16 2810/3005/16
f 2357/2006/2 2358/2007/2 2810/3008/2 2809/3007/2
f 2339/1948/184 2322/1949/5 1567/3009/5 1566/2970/184
f 2380/1988/2 2375/1919/2 1566/2971/2 1567/3010/2
f 2871/2134/317 2446/3012/317 1853/3011/316 2872/2133/316
f 2354/1950/5 2323/1951/184 1544/2216/184 1545/2157/5
f 2567/3015/453 2539/2423/452 2866/3014/451 1627/3013/450
f 2330/1954/254 2348/1955/393 1549/2178/393 1550/2182/254
f 2564/2140/322 2441/2099/297 1624/1674/192 1634/1702/201
f 2348/1955/393 2346/1957/255 1548/2174/255 1549/2178/393
f 1633/3017/455 2685/2117/309 2443/2137/319 2456/3016/454
f 2356/1960/394 2344/1961/256 1540/2202/256 1541/2206/394
f 2352/1962/1 2341/1963/423 1560/2977/423 1559/3018/1
f 2311/1933/2 2381/1992/2 1559/3019/2 1560/2978/2
f 2530/2121/459 2527/2453/458 2566/3021/457 1644/3020/456
f 2338/1964/423 2342/1965/1 1537/2193/1 1538/2194/423
f 2883/2047/2 1612/3022/2 2466/1607/2 1556/1604/2
f 2326/1967/259 2356/1960/394 1541/2206/394 1542/2210/259
f 2322/1949/5 2353/1968/186 1568/3023/186 1567/3009/5
f 2403/1999/2 2380/1988/2 1567/3010/2 1568/3024/2
f 2478/1989/2 1612/3022/2 2376/3025/2 2464/1991/2
f 2350/1969/186 2354/1950/5 1545/2157/5 1546/2158/186
f 2464/1991/2 2376/3025/2 2814/3027/2 2815/3026/2
f 2342/1970/1 2351/1971/460 1409/2165/460 1537/2166/1
f 2327/1972/460 2352/1973/1 1559/3029/1 1558/3028/460
f 2381/1992/2 2364/1927/2 1558/3030/2 1559/3019/2
f 2353/1968/186 2349/1974/262 1569/3031/262 1568/3023/186
f 2389/2038/2 2403/1999/2 1568/3024/2 1569/3032/2
f 2479/1932/2 2466/1607/2 1612/3022/2 2478/1989/2
f 2332/1975/262 2350/1969/186 1546/2158/186 1547/2170/262
f 2349/1974/262 2331/1956/255 1570/2748/255 1569/3031/262
f 2110/1645/2 2389/2038/2 1569/3032/2 1570/2749/2
f 2841/3034/2 1600/3033/2 2363/2732/2 2468/2005/2
f 2346/1957/255 2332/1975/262 1547/2170/262 1548/2174/255
f 2347/1953/254 2329/1976/263 1573/3035/263 1572/2745/254
f 2393/2041/2 2435/1637/2 1572/2746/2 1573/3036/2
f 1615/2103/301 2407/2100/298 2409/3037/461 2467/2000/2
f 2328/1977/263 2330/1954/254 1550/2182/254 1551/2186/263
f 2364/1927/2 2393/2041/2 1573/3036/2 1558/3030/2
f 2329/1976/263 2327/1972/460 1558/3028/460 1573/3035/263
f 2351/1971/460 2328/1977/263 1551/2186/263 1409/2165/460
f 2479/1932/2 2478/1989/2 1613/1935/2
f 2364/1927/2 2381/1992/2 1614/1993/2 2476/1926/2
f 2340/1979/264 2326/1967/259 1542/2210/259 1543/2214/264
f 2477/1934/2 2465/2989/2 2397/3039/2 1614/1993/2
f 2323/1951/184 2340/1979/264 1543/2214/264 1544/2216/184
f 2479/1932/2 2311/1933/2 2095/1606/2 2466/1607/2
f 2336/1981/265 2338/1964/423 1538/2194/423 1539/2198/265
f 2480/2001/2 2362/3041/2 2475/3040/462 2467/2000/2
f 2344/1961/256 2336/1981/265 1539/2198/265 1540/2202/256
f 2361/2011/45 2359/2008/45 2811/3043/45 2812/3042/45
f 2333/1982/2 2334/1983/2 2812/3045/2 2811/3044/2
f 2378/1986/2 2379/1987/2 1599/3047/2 2813/3046/2
f 2514/2340/45 2493/2341/45 2813/3049/45 1599/3048/45
f 1582/2988/2 2377/1990/2 2464/1991/2 2815/3026/2
f 2495/2360/45 2496/2361/45 2815/3051/45 2814/3050/45
f 1585/3054/2 2383/3053/2 2849/1996/2 2817/3052/2
f 2521/2375/16 2522/2376/16 2817/3056/16 2816/3055/16
f 2362/3041/2 2363/2732/2 1600/3033/2 2818/3057/2
f 2518/2290/16 2489/2291/16 2818/3059/16 1600/3058/16
f 2359/2008/45 2360/2009/45 1798/3061/45 2819/3060/45
f 2694/2085/463 2434/2086/465 2819/3060/464 1798/3061/463
f 2537/2444/468 2538/2441/467 1803/3063/467 2820/3062/466
f 2702/2010/45 2361/2011/45 2820/3062/45 1803/3063/45
f 2370/2012/471 2371/2013/470 1813/3065/470 2821/3064/469
f 2526/3066/364 2524/2473/364 2821/3064/364 1813/3065/364
f 2493/2341/45 2494/2338/45 1818/3068/473 2822/3067/472
f 2726/2014/475 2372/2015/474 2822/3067/472 1818/3068/473
f 2372/2015/474 2370/2012/471 2823/3070/477 2824/3069/476
f 2425/2730/480 2427/2731/392 2824/3072/479 2823/3071/478
f 2505/2331/482 2506/2328/475 1814/3074/473 2825/3073/481
f 2727/2018/45 2374/2019/45 2825/3073/481 1814/3074/473
f 2374/2019/45 2373/2016/45 1598/2758/45 2826/3075/45
f 2565/2142/2 2439/3078/483 1591/3077/483 2826/3076/2
f 2365/2020/422 2366/2021/484 1828/3080/484 2827/3079/484
f 2737/2397/45 2513/2398/45 2827/3079/45 1828/3080/45
f 2367/2024/45 2368/2025/45 1779/3082/45 2828/3081/45
f 2672/2057/485 2386/2058/487 2828/3081/486 1779/3082/485
f 2519/2368/489 2520/2366/488 1774/3084/488 2829/3083/488
f 2661/2026/45 2369/2027/45 2829/3083/45 1774/3084/45
f 2369/2027/45 2367/2024/45 2831/3086/45 2830/3085/45
f 2457/2119/2 2458/2120/2 2830/3088/2 2831/3087/2
f 2496/2361/45 2497/2358/45 1778/3090/45 2832/3089/45
f 2668/2028/488 2402/2029/439 2832/3089/488 1778/3090/488
f 2398/2030/16 2399/2031/16 1839/3092/16 2833/3091/16
f 2752/2061/490 2392/2062/492 2833/3091/491 1839/3092/490
f 2515/2386/494 2516/2383/493 1834/3094/493 2834/3093/493
f 2741/2032/16 2400/2033/16 2834/3093/16 1834/3094/16
f 2400/2033/16 2398/2030/16 2836/3096/16 2835/3095/16
f 1601/3098/2 2471/2064/2 2449/2065/2 2836/3097/2
f 2522/2376/16 2523/2373/16 1838/3100/16 2837/3099/16
f 2748/2036/493 2405/2037/495 2837/3099/493 1838/3100/493
f 2850/2039/2 2383/3053/2 1585/3054/2 2838/3101/2
f 2405/2037/495 2404/2034/420 1584/3103/420 2838/3102/496
f 2394/2044/16 2395/2045/16 1764/3105/16 2839/3104/16
f 2652/2297/442 2487/2300/407 2839/3104/442 1764/3105/442
f 2513/2398/45 2514/2340/45 1599/3048/45 2840/3106/45
f 1784/2046/2 2309/2973/2 1583/2974/2 2840/3107/2
f 2517/2393/16 2518/2290/16 1600/3058/16 2841/3108/16
f 2468/2005/2 2396/1925/2 1580/2999/2 2841/3034/2
f 2387/2053/45 2388/2054/45 1824/3110/45 2842/3109/45
f 2732/2347/484 2491/2350/397 2842/3109/484 1824/3110/484
f 2876/2478/316 1849/2479/316 2447/3111/317 2877/2490/317
f 2428/2079/2 2463/2048/2 2431/2049/2 2430/2082/2
f 2386/2058/487 2384/2055/366 2844/3113/498 2845/3112/497
f 1638/3115/500 2441/2099/500 2564/2140/499 2844/3114/499
f 2390/2059/502 2391/2060/501 1844/2487/501 2846/2489/501
f 2445/3117/2 2418/3116/2 2869/2092/2 2419/2090/2
f 2392/2062/492 2390/2059/502 2847/3119/504 2848/3118/503
f 1786/2148/2 2436/2069/280 1636/2066/277 2429/2143/2
f 1617/3122/506 2437/3121/506 1788/2068/505 2878/3120/505
f 1617/3124/317 2878/3123/317 2877/2490/317 2447/3111/317
f 2438/2073/510 2444/2070/509 2851/3126/508 2852/3125/507
f 2501/2310/16 2502/2311/16 2852/3128/16 2851/3127/16
f 1632/3130/512 2423/2076/287 2470/2077/511 1643/3129/511
f 1643/3132/513 2718/2463/310 2454/2464/310 1632/3131/513
f 2424/2729/390 2425/2730/480 2855/3134/515 2856/3133/514
f 2536/2443/518 2537/2444/468 2856/3136/517 2855/3135/516
f 2760/2472/520 2536/2443/518 2855/3135/516 1630/2471/519
f 2855/3134/515 2425/2730/480 2857/3138/522 1630/3137/521
f 2870/3140/317 1606/3139/317 2446/3012/317 2871/2134/317
f 2507/2129/314 2508/2404/524 2860/3141/523 2859/2477/365
f 1607/1623/2 1608/1918/2 2309/2973/2 1784/2046/2
f 2448/2063/2 1786/2148/2 2429/2143/2 1635/1660/2
f 2434/2086/465 2432/2083/527 2863/3143/526 2864/3142/525
f 2430/2082/2 2431/2049/2 2864/3144/2 2863/2476/2
f 2432/2083/527 2433/2084/529 1793/3145/529 2865/2128/528
f 2686/2131/313 2450/2127/313 2865/2128/313 1793/3145/313
f 2854/2109/530 2406/2098/531 1627/3147/531 2866/3146/530
f 2539/2423/452 2540/2424/465 2867/3148/525 2866/3014/451
f 2869/2092/2 2868/3150/2 2417/3149/2 2416/2091/2
f 2510/2413/535 2511/2414/534 2417/3152/533 2868/3151/532
f 1622/3153/317 2870/3140/317 2871/2134/317 2532/2135/317
f 1606/3155/2 2870/3154/2 2869/2092/2 2418/3116/2
f 2422/2097/446 2420/2094/538 2418/3157/537 2445/3156/536
f 2532/2135/501 2510/2413/535 2868/3151/532 1622/3153/539
f 2420/2094/538 2421/2095/540 1853/3011/540 2446/3012/540
f 2418/3157/537 2420/2094/538 2446/3012/540 1606/3139/541
f 1638/3158/542 1627/3013/542 2567/3015/542 2568/2484/542
f 1627/3147/531 2406/2098/531 2441/2099/500 1638/3115/500
f 2407/2100/298 2408/2101/427 2566/3160/544 2759/3159/543
f 2527/2453/458 2528/2454/449 2759/3161/545 2566/3021/457
f 1631/3162/513 2798/2124/310 2530/2121/310 1644/3020/513
f 2411/2104/547 2412/2105/467 1804/3165/467 2761/3164/546
f 2452/3167/548 2451/3166/550 2761/3164/549 1804/3165/548
f 2499/2321/45 2500/2318/45 1799/3169/45 2762/3168/45
f 2704/2106/467 2413/2107/552 2762/3168/551 1799/3169/467
f 2413/2107/552 2411/2104/547 2426/3171/554 2858/3170/553
f 1629/3173/556 2442/2138/320 2861/2088/555 2426/3172/555
f 2414/2089/560 2415/2108/559 2525/3175/558 2717/3174/557
f 2498/2320/45 2499/2321/45 2717/3177/45 2525/3176/45
f 2460/2110/563 2461/2111/562 1864/2460/562 2718/2463/561
f 2717/3177/45 2499/2321/45 2762/3168/45 1589/3178/45
f 2502/2311/16 2503/2308/16 1859/3180/16 2716/3179/16
f 2784/2112/448 2462/2113/565 2716/3179/564 1859/3180/448
f 2462/2113/565 2460/2110/563 2714/3182/567 2712/3181/566
f 1643/3129/511 2470/2077/511 2679/2147/568 2714/3183/568
f 2488/2301/406 2519/2368/489 2453/3184/569 1593/2765/406
f 2458/2120/2 2459/1703/2 1593/2766/2 2453/3185/2
f 2631/3186/570 1787/2136/570 2437/3121/506 1617/3122/506
f 2789/2450/562 2527/2453/458 2530/2121/459 1868/2122/562
f 2451/3166/550 2452/3167/572 1809/3188/572 2455/3187/571
f 2719/2327/470 2504/2330/574 2455/3187/573 1809/3188/470
f 2863/3143/526 2432/2083/527 2865/2128/528 1626/2125/528
f 2443/2137/319 2442/2138/320 1629/3173/556 2456/3016/454
f 1642/2114/306 1637/2115/307 2437/3121/575 1787/2136/318
f 2872/2133/316 1853/3011/316 1852/3189/316 2873/2492/316
f 1589/3191/577 2858/3190/576 2414/2089/560 2717/3174/557
f 2757/2410/501 2510/2413/535 2532/2135/501 1848/2132/501
f 2531/2067/278 1637/2115/307 2440/2116/308 2843/2146/578
f 2533/2433/538 2534/2434/446 2632/3193/536 2631/3192/537
f 1591/3077/483 2439/3078/483 2843/2146/323 2636/2144/323
f 2504/2330/574 2505/2331/482 2636/3195/580 2635/3194/579
f 2492/2385/396 2515/2386/494 2639/3197/581 1596/3196/396
f 2472/3199/2 2473/1661/2 1596/2754/2 2639/3198/2
f 2617/2636/2 2619/2635/2 1671/3201/2 1670/3200/2
f 2622/2154/582 2620/2151/1 1670/3200/1 1671/3201/582
f 2105/2641/2 2603/2660/2 1663/3203/2 1662/3202/2
f 2606/2162/583 2604/2159/5 1662/3202/5 1663/3203/583
f 2122/2642/2 2105/2641/2 1662/3202/2 1645/3204/2
f 2604/2159/5 2602/2167/584 1645/3204/584 1662/3202/5
f 2603/2660/2 2605/2663/2 1664/3205/2 1663/3203/2
f 2608/2172/585 2606/2162/583 1663/3203/583 1664/3205/585
f 2619/2635/2 2621/2645/2 1672/3206/2 1671/3201/2
f 2624/2176/329 2622/2154/582 1671/3201/582 1672/3206/329
f 2605/2663/2 2607/2666/2 1665/3207/2 1664/3205/2
f 2610/2180/330 2608/2172/585 1664/3205/585 1665/3207/330
f 2621/2645/2 2623/2648/2 1673/3208/2 1672/3206/2
f 2626/2184/331 2624/2176/329 1672/3206/329 1673/3208/331
f 2607/2666/2 2609/2669/2 1666/3209/2 1665/3207/2
f 2612/2188/586 2610/2180/330 1665/3207/330 1666/3209/586
f 2623/2648/2 2625/2651/2 1674/3210/2 1673/3208/2
f 2628/2190/587 2626/2184/331 1673/3208/331 1674/3210/587
f 2609/2669/2 2611/2672/2 1667/3211/2 1666/3209/2
f 2614/2196/334 2612/2188/586 1666/3209/586 1667/3211/334
f 2625/2651/2 2627/2654/2 1675/3212/2 1674/3210/2
f 2630/2200/335 2628/2190/587 1674/3210/587 1675/3212/335
f 2611/2672/2 2613/2675/2 1668/3213/2 1667/3211/2
f 2616/2204/336 2614/2196/334 1667/3211/334 1668/3213/336
f 2627/2654/2 2629/2657/2 1676/3214/2 1675/3212/2
f 2481/2208/588 2630/2200/335 1675/3212/335 1676/3214/588
f 2613/2675/2 2615/2678/2 1669/3215/2 1668/3213/2
f 2618/2212/589 2616/2204/336 1668/3213/336 1669/3215/589
f 2602/2167/584 2481/2208/588 1676/3214/588 1645/3204/584
f 2629/2657/2 2122/2642/2 1645/3204/2 1676/3214/2
f 2615/2678/2 2617/2636/2 1670/3200/2 1669/3215/2
f 2620/2151/1 2618/2212/589 1669/3215/589 1670/3200/1
f 2447/3111/540 2533/2433/538 2631/3192/537 1617/3124/541
f 2637/2276/425 2633/2277/425 1749/2461/425 1750/2462/425
f 2486/2278/425 2634/2279/425 1755/3216/432 1754/2993/432
f 2648/2293/16 2647/1938/16 1754/2993/432 1755/3216/432
f 2861/2088/555 2414/2089/560 2858/3190/576 2426/3172/555
f 2633/2277/425 2484/2280/404 2454/2464/590 1749/2461/425
f 2851/3126/508 2444/2070/509 2632/3218/592 1588/3217/591
f 2313/1929/425 2645/2282/425 1752/2466/425 1753/2123/425
f 2642/2283/425 2646/1930/425 1758/2983/432 1757/3219/432
f 2490/2288/16 2650/2289/16 1757/3219/432 1758/2983/432
f 2640/3221/16 2501/2310/16 2851/3127/16 1588/3220/16
f 2645/2282/425 2641/2284/425 1751/2468/425 1752/2466/425
f 2638/2285/425 2642/2283/425 1757/3219/432 1756/3222/432
f 2650/2289/16 2649/2295/16 1756/3222/432 1757/3219/432
f 2632/3193/536 2534/2434/446 2640/3221/445 1588/3220/445
f 2641/2284/425 2637/2276/425 1750/2462/425 1751/2468/425
f 2634/2279/425 2638/2285/425 1756/3222/432 1755/3216/432
f 2649/2295/16 2648/2293/16 1755/3216/432 1756/3222/432
f 2395/2045/16 2651/2394/16 1765/3223/16 1764/3105/16
f 2654/2296/442 2652/2297/442 1764/3105/442 1765/3223/442
f 2655/2391/16 2657/2392/16 1768/2997/16 1767/3224/16
f 2318/1941/442 2658/2302/442 1767/3224/442 1768/2997/442
f 2653/2395/16 2655/2391/16 1767/3224/16 1766/3225/16
f 2658/2302/442 2656/2304/593 1766/3225/593 1767/3224/442
f 2651/2394/16 2653/2395/16 1766/3225/16 1765/3223/16
f 2656/2304/593 2654/2296/442 1765/3223/442 1766/3225/593
f 2535/2431/445 2768/2432/445 1855/3227/445 1854/3226/445
f 2777/2306/16 2775/2307/16 1854/3226/16 1855/3227/16
f 2503/2308/16 2776/2309/16 1860/3228/16 1859/3180/16
f 2786/2456/594 2784/2112/448 1859/3180/448 1860/3228/594
f 2534/2434/446 2535/2431/445 1854/3226/445 2640/3221/445
f 2775/2307/16 2501/2310/16 2640/3221/16 1854/3226/16
f 2772/2436/445 2774/2096/445 1858/3002/445 1857/3229/445
f 2320/1945/16 2781/2312/16 1857/3229/16 1858/3002/16
f 2780/2313/16 2782/1946/16 1863/3004/16 1862/3230/16
f 2529/2451/448 2790/2452/595 1862/3230/595 1863/3004/448
f 2770/2438/445 2772/2436/445 1857/3229/445 1856/3231/445
f 2781/2312/16 2779/2314/16 1856/3231/16 1857/3229/16
f 2778/2315/16 2780/2313/16 1862/3230/16 1861/3232/16
f 2790/2452/595 2788/2458/595 1861/3232/595 1862/3230/595
f 2768/2432/445 2770/2438/445 1856/3231/445 1855/3227/445
f 2779/2314/16 2777/2306/16 1855/3227/16 1856/3231/16
f 2776/2309/16 2778/2315/16 1861/3232/16 1860/3228/16
f 2788/2458/595 2786/2456/594 1860/3228/594 1861/3232/595
f 2541/2421/463 2688/2422/463 1795/3234/463 1794/3233/463
f 2697/2316/45 2695/2317/45 1794/3233/45 1795/3234/45
f 2500/2318/45 2696/2319/45 1800/3235/45 1799/3169/45
f 2706/2446/467 2704/2106/467 1799/3169/467 1800/3235/467
f 2540/2424/465 2541/2421/463 1794/3233/463 2643/3236/464
f 2695/2317/45 2498/2320/45 2643/3236/45 1794/3233/45
f 2692/2426/463 2694/2085/463 1798/3061/463 1797/3237/463
f 2360/2009/45 2701/2322/45 1797/3237/45 1798/3061/45
f 2700/2323/45 2702/2010/45 1803/3063/45 1802/3238/45
f 2538/2441/467 2710/2442/467 1802/3238/467 1803/3063/467
f 2690/2428/463 2692/2426/463 1797/3237/463 1796/3239/463
f 2701/2322/45 2699/2324/45 1796/3239/45 1797/3237/45
f 2698/2325/45 2700/2323/45 1802/3238/45 1801/3240/45
f 2710/2442/467 2708/2448/467 1801/3240/467 1802/3238/467
f 2688/2422/463 2690/2428/463 1796/3239/463 1795/3234/463
f 2699/2324/45 2697/2316/45 1795/3234/45 1796/3239/45
f 2696/2319/45 2698/2325/45 1801/3240/45 1800/3235/45
f 2708/2448/467 2706/2446/467 1800/3235/467 1801/3240/467
f 2452/3167/572 2711/3242/572 1810/3241/572 1809/3188/572
f 2721/2326/470 2719/2327/470 1809/3188/470 1810/3241/470
f 2506/2328/475 2720/2329/475 1815/3243/473 1814/3074/473
f 2728/2343/45 2727/2018/45 1814/3074/473 1815/3243/473
f 2715/3245/548 2526/3066/364 1813/3065/364 1812/3244/548
f 2371/2013/470 2725/2332/470 1812/3244/470 1813/3065/470
f 2724/2333/475 2726/2014/475 1818/3068/473 1817/3246/473
f 2494/2338/45 2730/2339/45 1817/3246/473 1818/3068/473
f 2713/3248/572 2715/3245/548 1812/3244/548 1811/3247/572
f 2725/2332/470 2723/2334/470 1811/3247/470 1812/3244/470
f 2722/2335/475 2724/2333/475 1817/3246/473 1816/3249/473
f 2730/2339/45 2729/2345/45 1816/3249/473 1817/3246/473
f 2711/3242/572 2713/3248/572 1811/3247/572 1810/3241/572
f 2723/2334/470 2721/2326/470 1810/3241/470 1811/3247/470
f 2720/2329/475 2722/2335/475 1816/3249/473 1815/3243/473
f 2729/2345/45 2728/2343/45 1815/3243/473 1816/3249/473
f 2388/2054/45 2731/2399/45 1825/3250/45 1824/3110/45
f 2734/2346/484 2732/2347/484 1824/3110/484 1825/3250/484
f 2735/2396/45 2737/2397/45 1828/3080/45 1827/3251/45
f 2366/2021/484 2738/2352/484 1827/3251/484 1828/3080/484
f 2733/2400/45 2735/2396/45 1827/3251/45 1826/3252/45
f 2738/2352/484 2736/2354/596 1826/3252/596 1827/3251/484
f 2731/2399/45 2733/2400/45 1826/3252/45 1825/3250/45
f 2736/2354/596 2734/2346/484 1825/3250/484 1826/3252/596
f 2666/2356/45 2669/2357/45 1783/3254/45 1782/3253/45
f 2509/2402/485 2678/2403/485 1782/3253/485 1783/3254/485
f 2665/2369/488 2668/2028/488 1778/3090/488 1777/3255/488
f 2497/2358/45 2670/2359/45 1777/3255/45 1778/3090/45
f 2508/2404/524 2509/2402/485 1783/3254/485 2644/3256/597
f 2669/2357/45 2495/2360/45 2644/3256/45 1783/3254/45
f 2368/2025/45 2660/2362/45 1780/3257/45 1779/3082/45
f 2674/2406/485 2672/2057/485 1779/3082/485 1780/3257/485
f 2520/2366/488 2659/2367/488 1775/3258/488 1774/3084/488
f 2664/2363/45 2661/2026/45 1774/3084/45 1775/3258/45
f 2660/2362/45 2663/2364/45 1781/3259/45 1780/3257/45
f 2676/2408/485 2674/2406/485 1780/3257/485 1781/3259/485
f 2659/2367/488 2662/2370/598 1776/3260/598 1775/3258/488
f 2667/2365/45 2664/2363/45 1775/3258/45 1776/3260/45
f 2663/2364/45 2666/2356/45 1782/3253/45 1781/3259/45
f 2678/2403/485 2676/2408/485 1781/3259/485 1782/3253/485
f 2662/2370/598 2665/2369/488 1777/3255/488 1776/3260/598
f 2670/2359/45 2667/2365/45 1776/3260/45 1777/3255/45
f 2746/2371/16 2749/2372/16 1843/3262/16 1842/3261/16
f 2512/2411/490 2758/2412/490 1842/3261/490 1843/3262/490
f 2745/2388/493 2748/2036/493 1838/3100/493 1837/3263/493
f 2523/2373/16 2750/2374/16 1837/3263/16 1838/3100/16
f 2511/2414/534 2512/2411/490 1843/3262/490 2853/3264/490
f 2749/2372/16 2521/2375/16 2853/3264/16 1843/3262/16
f 2399/2031/16 2740/2377/16 1840/3265/16 1839/3092/16
f 2754/2416/490 2752/2061/490 1839/3092/490 1840/3265/490
f 2516/2383/493 2739/2384/493 1835/3266/493 1834/3094/493
f 2744/2378/16 2741/2032/16 1834/3094/16 1835/3266/16
f 2740/2377/16 2743/2379/16 1841/3267/16 1840/3265/16
f 2756/2418/490 2754/2416/490 1840/3265/490 1841/3267/490
f 2739/2384/493 2742/2390/599 1836/3268/599 1835/3266/493
f 2747/2380/16 2744/2378/16 1835/3266/16 1836/3268/16
f 2743/2379/16 2746/2371/16 1842/3261/16 1841/3267/16
f 2758/2412/490 2756/2418/490 1841/3267/490 1842/3261/490
f 2742/2390/599 2745/2388/493 1837/3263/493 1836/3268/599
f 2750/2374/16 2747/2380/16 1836/3268/16 1837/3263/16
f 2873/2492/316 1852/3189/316 1851/3269/317 2874/2494/317
f 2631/3186/570 2632/3218/592 2444/2070/509 1787/2136/570
f 2874/2494/317 1851/3269/317 1850/2480/316 2875/2481/316
f 2866/3146/530 2867/3270/600 2415/2108/559 2854/2109/530
f 2429/2143/2 1636/2066/277 2439/3078/601 2565/2142/2
f 1625/2087/292 1619/1673/191 2406/2098/296 2854/2109/304
f 2878/3123/317 1621/3271/317 2846/2489/317 2877/2490/317
f 2564/2140/499 2457/2119/2 2845/3272/2 2844/3114/499
f 2755/2409/501 2757/2410/501 1848/2132/501 1847/2491/501
f 2525/3175/558 2415/2108/559 2867/3270/600 1590/3273/602
f 2391/2060/501 2751/2415/501 1845/2488/501 1844/2487/501
f 2643/3236/45 2498/2320/45 2525/3176/45 1590/3274/45
f 2751/2415/501 2753/2417/501 1846/2493/501 1845/2488/501
f 2867/3148/525 2540/2424/465 2643/3236/464 1590/3274/464
f 2753/2417/501 2755/2409/501 1847/2491/501 1846/2493/501
f 1636/2066/277 2531/2067/278 2843/2146/578 2439/3078/601
f 2569/2482/603 2680/2483/313 1790/3276/313 1789/3275/603
f 2689/2419/529 2687/2420/604 1789/3275/604 1790/3276/529
f 2568/2484/605 2569/2482/603 1789/3275/603 2567/3015/605
f 2687/2420/604 2539/2423/452 2567/3015/453 1789/3275/604
f 2684/2485/313 2686/2131/313 1793/3145/313 1792/3277/313
f 2433/2084/529 2693/2425/529 1792/3277/529 1793/3145/529
f 2682/2486/313 2684/2485/313 1792/3277/313 1791/3278/313
f 2693/2425/529 2691/2427/606 1791/3278/606 1792/3277/529
f 2680/2483/313 2682/2486/313 1791/3278/313 1790/3276/313
f 2691/2427/606 2689/2419/529 1790/3276/529 1791/3278/606
f 2467/2000/2 2409/3037/461 2358/2007/2 1552/1639/2
f 2769/2429/540 2767/2430/540 1849/2479/540 1850/2480/540
f 2409/3037/461 2407/2100/298 2759/3159/543 1574/3279/607
f 2767/2430/540 2533/2433/538 2447/3111/540 1849/2479/540
f 2714/3182/567 2460/2110/563 2718/2463/561 1643/3132/608
f 2421/2095/540 2773/2435/540 1852/3189/540 1853/3011/540
f 2679/2147/325 2470/2077/288 1641/2074/285 1640/2139/321
f 2773/2435/540 2771/2437/609 1851/3269/609 1852/3189/540
f 2766/1984/2 2765/2728/389 2424/2729/390 2764/3280/610
f 2771/2437/609 2769/2429/540 1850/2480/540 1851/3269/609
f 2707/2439/467 2709/2440/467 1808/3282/467 1807/3281/467
f 2526/3066/548 2715/3245/572 1807/3281/572 1808/3282/548
f 2524/2473/364 2526/3066/548 1808/3282/548 2760/2472/363
f 2709/2440/467 2536/2443/518 2760/2472/520 1808/3282/467
f 2412/2105/467 2703/2445/467 1805/3283/467 1804/3165/467
f 2711/3242/572 2452/3167/548 1804/3165/548 1805/3283/572
f 2703/2445/467 2705/2447/467 1806/3284/467 1805/3283/467
f 2713/3248/572 2711/3242/572 1805/3283/572 1806/3284/572
f 2705/2447/467 2707/2439/467 1807/3281/467 1806/3284/467
f 2715/3245/572 2713/3248/572 1806/3284/572 1807/3281/572
f 2787/2449/611 2789/2450/562 1868/2122/562 1867/2465/611
f 2683/2072/283 1640/2139/321 1642/2114/306 2681/2071/282
f 2461/2111/562 2783/2455/562 1865/2459/562 1864/2460/562
f 1586/3286/613 2712/3285/612 2438/2073/510 2852/3125/507
f 2783/2455/562 2785/2457/611 1866/2467/611 1865/2459/562
f 2449/2065/2 2472/3199/2 2835/3287/2 2836/3097/2
f 2785/2457/611 2787/2449/611 1867/2465/611 1866/2467/611
f 2716/3179/564 2462/2113/565 2712/3181/566 1586/3288/614
f 2294/2680/29 2251/2679/29 1412/3290/29 1410/3289/29
f 2577/2564/373 2576/2563/1 1410/3292/1 1412/3291/373
f 2251/2679/29 2256/2681/29 1414/3293/29 1412/3290/29
f 2570/2565/412 2577/2564/373 1412/3291/373 1414/3294/412
f 2256/2681/29 2257/2682/29 1416/3295/29 1414/3293/29
f 2571/2566/178 2570/2565/412 1414/3294/412 1416/3296/178
f 2257/2682/29 2262/2683/29 1418/3297/29 1416/3295/29
f 2572/2567/203 2571/2566/178 1416/3296/178 1418/3298/203
f 2262/2683/29 2263/2684/29 1420/3299/29 1418/3297/29
f 2573/2568/181 2572/2567/203 1418/3298/203 1420/3300/181
f 2263/2684/29 2266/2685/29 1422/3301/29 1420/3299/29
f 2130/2569/413 2573/2568/181 1420/3300/181 1422/3302/413
f 2266/2685/29 2272/2686/29 1424/3303/29 1422/3301/29
f 2131/2570/375 2130/2569/413 1422/3302/413 1424/3304/375
f 2272/2686/29 2271/2687/29 1426/3305/29 1424/3303/29
f 2132/2571/5 2131/2570/375 1424/3304/375 1426/3306/5
f 2271/2687/29 2293/2689/29 1428/3307/29 1426/3305/29
f 2133/2572/206 2132/2571/5 1426/3306/5 1428/3308/206
f 2293/2689/29 2278/2688/29 1430/3309/29 1428/3307/29
f 2141/2573/615 2133/2572/206 1428/3308/206 1430/3310/615
f 2127/2575/616 2126/2574/617 1618/3312/617 1433/3311/616
f 2275/2690/29 2284/2691/29 1433/3314/29 1618/3313/29
f 2284/2691/29 2281/2692/29 1435/3315/29 1433/3314/29
f 2128/2576/197 2127/2575/616 1433/3311/616 1435/3316/197
f 2281/2692/29 2290/2693/29 1437/3317/29 1435/3315/29
f 2129/2577/418 2128/2576/197 1435/3316/197 1437/3318/418
f 2290/2693/29 2287/2694/29 1439/3319/29 1437/3317/29
f 2140/2578/377 2129/2577/418 1437/3318/418 1439/3320/377
f 2576/2579/1 2140/2578/377 1439/3320/377 1410/3321/1
f 2287/2694/29 2294/2680/29 1410/3289/29 1439/3319/29
f 2278/2688/29 2275/2690/29 1618/3313/29 1430/3309/29
f 2126/2574/617 2141/2573/615 1430/3310/615 1618/3312/617
f 2156/2583/5 2142/2580/238 1530/3323/238 1529/3322/5
f 2103/2634/2 2106/2631/2 1529/3325/2 1530/3324/2
f 2121/2640/2 2104/2637/2 1536/3327/2 1521/3326/2
f 2148/2587/388 2143/2584/225 1521/3329/225 1536/3328/388
f 2142/2580/238 2134/2588/385 1531/3330/385 1530/3323/238
f 2115/2644/2 2103/2634/2 1530/3324/2 1531/3331/2
f 2134/2588/385 2135/2590/242 1532/3332/242 1531/3330/385
f 2114/2647/2 2115/2644/2 1531/3331/2 1532/3333/2
f 2135/2590/242 2136/2592/173 1533/3334/173 1532/3332/242
f 2112/2650/2 2114/2647/2 1532/3333/2 1533/3335/2
f 2136/2592/173 2137/2594/243 1534/3336/243 1533/3334/173
f 2111/2653/2 2112/2650/2 1533/3335/2 1534/3337/2
f 2137/2594/243 2149/2596/244 1535/3338/244 1534/3336/243
f 2125/2656/2 2111/2653/2 1534/3337/2 1535/3339/2
f 2149/2596/244 2148/2587/388 1536/3328/388 1535/3338/244
f 2104/2637/2 2125/2656/2 1535/3339/2 1536/3327/2
f 2143/2601/225 2151/2598/227 1522/3341/227 1521/3340/225
f 2120/2659/2 2121/2640/2 1521/3326/2 1522/3342/2
f 2151/2598/227 2150/2602/229 1523/3343/229 1522/3341/227
f 2118/2662/2 2120/2659/2 1522/3342/2 1523/3344/2
f 2150/2602/229 2145/2604/231 1524/3345/231 1523/3343/229
f 2226/2665/2 2118/2662/2 1523/3344/2 1524/3346/2
f 2145/2604/231 2144/2606/169 1525/3347/169 1524/3345/231
f 2231/2668/2 2226/2665/2 1524/3346/2 1525/3348/2
f 2144/2606/169 2147/2608/386 1526/3349/386 1525/3347/169
f 2236/2671/2 2231/2668/2 1525/3348/2 1526/3350/2
f 2147/2608/386 2146/2610/233 1527/3351/233 1526/3349/386
f 2241/2674/2 2236/2671/2 1526/3350/2 1527/3352/2
f 2146/2610/233 2159/2612/235 1528/3353/235 1527/3351/233
f 2246/2677/2 2241/2674/2 1527/3352/2 1528/3354/2
f 2159/2612/235 2156/2583/5 1529/3322/5 1528/3353/235
f 2106/2631/2 2246/2677/2 1528/3354/2 1529/3325/2
f 2806/3000/444 2317/1940/443 2805/2996/442 1580/3355/618
f 2469/2042/2 2397/3039/2 1581/3356/2 2806/2998/2
f 2469/2042/2 2476/1926/2 1614/1993/2 2397/3039/2
f 2805/2996/16 2517/2393/16 2841/3108/16 1580/3355/16
f 1785/1920/2 2309/2973/2 1608/1918/2 1609/1922/2
f 1785/1920/2 2310/1921/2 1584/3357/2 2797/2972/2
f 2827/3079/45 2513/2398/45 2840/3106/45 1583/3358/45
f 2797/2976/421 2365/2020/422 2827/3079/484 1583/3358/619
f 2802/2987/2 1581/3356/2 2397/3039/2 2465/2989/2
f 2832/3089/488 2402/2029/439 2802/2990/437 1582/3359/620
f 2815/3051/45 2496/2361/45 2832/3089/45 1582/3359/45
f 2477/1934/2 1613/1935/2 2377/1990/2 2465/2989/2
f 2809/3006/16 2319/1944/16 2807/3001/16 1576/3360/16
f 1576/3361/2 1639/2735/2 2357/2006/2 2809/3007/2
f 2445/3117/2 2419/2090/2 1639/2735/2 1576/3361/2
f 2416/2091/2 2879/3390/2 2880/2051/2 1639/2735/2 2419/2090/2
f 2807/3001/445 2422/2097/446 2445/3156/536 1576/3360/445
f 2799/2982/431 2314/1931/433 2801/2984/434 1575/3362/621
f 2818/3059/16 2489/2291/16 2799/2982/431 1575/3362/621
f 1575/3363/622 2475/3040/462 2362/3041/2 2818/3057/2
f 2801/2986/436 2410/2102/300 2475/3040/462 1575/3363/622
f 2475/3040/462 2410/2102/300 1615/2103/301 2467/2000/2
f 2808/3003/16 2321/1947/16 2810/3005/16 1574/3364/16
f 2759/3161/545 2528/2454/449 2808/3003/447 1574/3364/623
f 1788/2068/279 2437/3121/575 1637/2115/307 2531/2067/278
f 2810/3008/2 2358/2007/2 2409/3037/461 1574/3279/607
f 2426/3171/554 2411/2104/547 2761/3164/546 1629/3365/624
f 2791/2755/2 2116/1662/2 2792/2756/2 1595/3366/2
f 2842/3109/484 2491/2350/397 2791/2752/395 1595/3367/619
f 2792/2759/45 2387/2053/45 2842/3109/45 1595/3367/45
f 1587/3368/625 2804/2995/441 2123/1671/400 2794/2760/398
f 1788/2068/505 2436/2069/626 1621/3369/626 2878/3120/505
f 2803/2992/440 2316/1939/16 2804/2994/16 1587/3370/627
f 2794/2763/402 2485/2281/403 2803/2992/440 1587/3370/627
f 2795/2767/2 2138/1704/2 2796/2768/2 1592/3371/2
f 2839/3104/442 2487/2300/407 2795/2764/405 1592/3372/618
f 2796/2771/16 2394/2044/16 2839/3104/16 1592/3372/16
f 2800/2985/435 2312/1928/426 2798/2124/424 1631/3162/628
f 2852/3128/16 2502/2311/16 2716/3179/16 1586/3288/16
f 2635/2145/324 2440/2116/308 2685/2117/309 1633/3017/455
f 2793/2761/399 2124/1672/190 2423/2076/287 1632/3130/512
f 2454/2464/590 2484/2280/404 2793/2762/401 1632/3131/629
f 2455/3187/573 2504/2330/574 2635/3194/579 1633/3373/630
f 2456/3374/632 2451/3166/550 2455/3187/571 1633/3373/631
f 2679/2147/568 2438/2073/510 2712/3285/612 2714/3183/568
f 1578/3375/2 2882/2050/2 2333/1982/2 2811/3044/2
f 2864/3144/2 2431/2049/2 2882/2050/2 1578/3375/2
f 2883/2047/2 2463/2048/2 2428/2079/2 2881/2734/2
f 2819/3060/464 2434/2086/465 2864/3142/525 1578/3376/464
f 2811/3043/45 2359/2008/45 2819/3060/45 1578/3376/45
f 2812/3045/2 2334/1983/2 2764/3280/610 1577/3377/633
f 2820/3062/45 2361/2011/45 2812/3042/45 1577/3378/45
f 2856/3136/517 2537/2444/468 2820/3062/466 1577/3378/634
f 1577/3377/633 2764/3280/610 2424/2729/390 2856/3133/514
f 2766/1984/2 2764/3280/610 2334/1983/2 1555/1652/2
f 2831/3086/45 2367/2024/45 2828/3081/45 1604/3379/45
f 1604/3380/2 2845/3272/2 2457/2119/2 2831/3087/2
f 2761/3164/549 2451/3166/550 2456/3374/632 1629/3365/635
f 2828/3081/486 2386/2058/487 2845/3112/497 1604/3379/636
f 2829/3083/45 2369/2027/45 2830/3085/45 1594/3381/45
f 2453/3184/569 2519/2368/489 2829/3083/488 1594/3381/620
f 2830/3088/2 2458/2120/2 2453/3185/2 1594/3382/2
f 2823/3070/477 2370/2012/471 2821/3064/469 1623/3383/637
f 2857/3138/522 2425/2730/480 2823/3071/478 1623/3384/638
f 2821/3064/364 2524/2473/364 2857/2474/362 1623/3383/362
f 2822/3067/472 2372/2015/474 2824/3069/476 1579/3385/639
f 2813/3049/45 2493/2341/45 2822/3067/472 1579/3385/639
f 1579/3386/640 2763/2078/289 2378/1986/2 2813/3046/2
f 2824/3072/479 2427/2731/392 2763/2078/289 1579/3386/640
f 2765/2728/389 2766/1984/2 2763/2078/289 2427/2731/392
f 2825/3073/481 2374/2019/45 2826/3075/45 1591/3387/641
f 2636/3195/580 2505/2331/482 2825/3073/481 1591/3387/641
f 2826/3076/2 1598/2757/2 2117/1663/2 2565/2142/2
f 2847/2149/2 1621/3369/626 2436/2069/626 1786/2148/2
f 2814/3027/2 2376/3025/2 2881/2734/2 1605/2733/2
f 2644/3256/45 2495/2360/45 2814/3050/45 1605/3388/45
f 2860/3141/523 2508/2404/524 2644/3256/597 1605/3388/597
f 2883/2047/2 2881/2734/2 2376/3025/2 1612/3022/2
f 2883/2047/2 1556/1604/2 2333/1982/2 2882/2050/2
f 2816/3391/2 2382/1994/2 2879/3390/2 1602/3389/2
f 2853/3264/16 2521/2375/16 2816/3055/16 1602/3392/16
f 2417/3152/533 2511/2414/534 2853/3264/490 1602/3392/642
f 1602/3389/2 2879/3390/2 2416/2091/2 2417/3149/2
f 1609/1922/2 1610/1998/2 2383/3053/2 2850/2039/2
f 2838/3101/2 1584/3357/2 2310/1921/2 2850/2039/2
f 2837/3099/493 2405/2037/495 2838/3102/496 1585/3394/643
f 2817/3056/16 2522/2376/16 2837/3099/16 1585/3394/16
f 2844/3113/498 2384/2055/366 2568/2484/367 1638/3158/644
f 2762/3168/551 2413/2107/552 2858/3170/553 1589/3178/645
f 2870/3154/2 1622/3395/2 2868/3150/2 2869/2092/2
f 2482/2002/2 2363/2732/2 2362/3041/2 2480/2001/2
f 2847/3119/504 2390/2059/502 2846/2489/501 1621/3271/539
f 2448/2063/2 2471/2064/2 1601/3098/2 2848/2150/2
f 2849/1996/2 2383/3053/2 1610/1998/2 1611/1995/2
f 2849/1996/2 2382/1994/2 2816/3391/2 2817/3052/2
f 2833/3091/491 2392/2062/492 2848/3118/503 1601/3396/646
f 2836/3096/16 2398/2030/16 2833/3091/16 1601/3396/16
f 1635/1660/2 2473/1661/2 2472/3199/2 2449/2065/2
f 2840/3107/2 1599/3047/2 2379/1987/2 1784/2046/2
f 2834/3093/16 2400/2033/16 2835/3095/16 1597/3397/16
f 2639/3197/581 2515/2386/494 2834/3093/493 1597/3397/643
f 2835/3287/2 2472/3199/2 2639/3198/2 1597/3398/2
f 2880/2051/2 2879/3390/2 2382/1994/2 1611/1995/2

v -100 311.5 100
v -100 314.5 100
v 100 311.5 100
v 100 314.5 100
v 100 311.5 -100
v 100 314.5 -100
v -100 311.5 -100
v -100 314.5 -100
v -98.5 311.5 -98.5
v -98.5 311.5 98.5
v 98.5 311.5 98.5
v 98.5 311.5 -98.5
v -100 313 -98.5
v -100 313 98.5
v -98.5 313 100
v 98.5 313 100
v -98.5 314.5 98.5
v -98.5 314.5 -98.5
v 98.5 314.5 -98.5
v 98.5 314.5 98.5
v 100 313 98.5
v 100 313 -98.5
v 98.5 313 -100
v -98.5 313 -100
v -100 313 100
v 98.5 314.5 100
v -98.5 314.5 100
v 100 313 100
v 98.5 311.5 100
v -98.5 311.5 100
v 100 314.5 -98.5
v 100 314.5 98.5
v 100 313 -100
v 100 311.5 -98.5
v 100 311.5 98.5
v -98.5 314.5 -100
v 98.5 314.5 -100
v -100 313 -100
v -98.5 311.5 -100
v 98.5 311.5 -100
v -100 314.5 -98.5
v -100 314.5 98.5
v -100 311.5 -98.5
v -100 311.5 98.5
v 99.75 314.5 -98.5
v 100 314.25 -98.5
v 99.75 314.5 98.5
v 99.75 311.5 -98.5
v 100 311.75 98.5
v -100 314.25 98.5
v -99.75 314.5 -98.5
v -99.75 311.5 98.5
v -100 311.75 -98.5
v -99.75 314.5 -99.75
v -98.5 314.5 -99.75
v -100 314.25 99.75
v -100 313 99.75
v 100 314.25 99.75
v 100 314.25 98.5
v 99.75 314.5 -99.75
v 99.75 314.25 100
v 99.75 313 100
v 99.75 314.5 99.75
v 98.5 314.5 99.75
v 99.75 314.25 -100
v 98.5 314.25 -100
v 100 314.25 -99.75
v 100 313 -99.75
v -98.5 314.5 99.75
v 98.5 314.25 100
v -98.5 311.75 100
v -98.5 311.75 -100
v -98.5 311.5 99.75
v 98.5 311.5 99.75
v 98.5 314.5 -99.75
v -98.5 314.25 -100
v 98.5 311.75 100
v 98.5 311.5 -99.75
v 98.5 311.75 -100
v -98.5 311.5 -99.75
v -98.5 314.25 100
v -100 311.5 -99.75
v -99.75 311.5 -100
v -100 311.75 -100
v -99.75 311.5 100
v -100 311.5 99.75
v -100 311.75 100
v 100 311.5 99.75
v 99.75 311.5 100
v 100 311.75 100
v 99.75 311.5 -100
v 100 311.5 -99.75
v 100 311.75 -100
v -100 314.5 -99.75
v -100 314.25 -100
v -99.75 314.5 -100
v -100 314.25 100
v -100 314.5 99.75
v -99.75 314.5 100
v 100 314.25 100
v 99.75 314.5 100
v 100 314.5 99.75
v 100 314.5 -99.75
v 99.75 314.5 -100
v 100 314.25 -100
v -99.75 311.75 -100
v -99.75 311.5 -99.75
v -99.75 311.5 -98.5
v -99.75 311.5 99.75
v -100 311.75 -99.75
v -100 313 -99.75
v -99.75 311.75 100
v -99.75 313 100
v -100 311.75 99.75
v -100 311.75 98.5
v 99.75 311.75 100
v 99.75 311.5 99.75
v 99.75 311.5 98.5
v 99.75 311.5 -99.75
v 100 311.75 99.75
v 100 313 99.75
v 99.75 311.75 -100
v 99.75 313 -100
v 100 311.75 -99.75
v 100 311.75 -98.5
v -99.75 314.25 -100
v -99.75 313 -100
v -100 314.25 -99.75
v -100 314.25 -98.5
v -99.75 314.5 99.75
v -99.75 314.5 98.5
v -99.75 314.25 100
v 98.5 314.5 65.66666412353516
v 98.5 314.5 32.83333206176758
v 98.5 314.5 0
v 98.5 314.5 -32.83333206176758
v 98.5 314.5 -65.66666412353516
v -98.5 314.5 65.66666412353516
v -98.5 314.5 32.83333206176758
v -98.5 314.5 0
v -98.5 314.5 -32.83333206176758
v -98.5 314.5 -65.66666412353516
v -99.75 314.5 65.66666412353516
v -99.75 314.5 32.83333206176758
v -99.75 314.5 0
v -99.75 314.5 -32.83333206176758
v -99.75 314.5 -65.66666412353516
v -100 314.5 65.66666412353516
v -100 314.5 32.83333206176758
v -100 314.5 0
v -100 314.5 -32.83333206176758
v -100 314.5 -65.66666412353516
v -100 314.25 65.66666412353516
v -100 314.25 32.83333206176758
v -100 314.25 0
v -100 314.25 -32.83333206176758
v -100 314.25 -65.66666412353516
v -100 313 65.66666412353516
v -100 313 32.83333206176758
v -100 313 0
v -100 313 -32.83333206176758
v -100 313 -65.66666412353516
v -100 311.75 65.66666412353516
v -100 311.75 32.83333206176758
v -100 311.75 0
v -100 311.75 -32.83333206176758
v -100 311.75 -65.66666412353516
v -100 311.5 65.66666412353516
v -100 311.5 32.83333206176758
v -100 311.5 0
v -100 311.5 -32.83333206176758
v -100 311.5 -65.66666412353516
v -99.75 311.5 65.66666412353516
v -99.75 311.5 32.83333206176758
v -99.75 311.5 0
v -99.75 311.5 -32.83333206176758
v -99.75 311.5 -65.66666412353516
v -98.5 311.5 65.66666412353516
v -98.5 311.5 32.83333206176758
v -98.5 311.5 0
v -98.5 311.5 -32.83333206176758
v -98.5 311.5 -65.66666412353516
v 98.5 311.5 65.66666412353516
v 98.5 311.5 32.83333206176758
v 98.5 311.5 0
v 98.5 311.5 -32.83333206176758
v 98.5 311.5 -65.66666412353516
v 99.75 311.5 65.66666412353516
v 99.75 311.5 32.83333206176758
v 99.75 311.5 0
v 99.75 311.5 -32.83333206176758
v 99.75 311.5 -65.66666412353516
v 100 311.5 65.66666412353516
v 100 311.5 32.83333206176758
v 100 311.5 0
v 100 311.5 -32.83333206176758
v 100 311.5 -65.66666412353516
v 100 311.75 65.66666412353516
v 100 311.75 32.83333206176758
v 100 311.75 0
v 100 311.75 -32.83333206176758
v 100 311.75 -65.66666412353516
v 100 313 65.66666412353516
v 100 313 32.83333206176758
v 100 313 0
v 100 313 -32.83333206176758
v 100 313 -65.66666412353516
v 100 314.25 65.66666412353516
v 100 314.25 32.83333206176758
v 100 314.25 0
v 100 314.25 -32.83333206176758
v 100 314.25 -65.66666412353516
v 100 314.5 65.66666412353516
v 100 314.5 32.83333206176758
v 100 314.5 0
v 100 314.5 -32.83333206176758
v 100 314.5 -65.66666412353516
v 99.75 314.5 65.66666412353516
v 99.75 314.5 32.83333206176758
v 99.75 314.5 0
v 99.75 314.5 -32.83333206176758
v 99.75 314.5 -65.66666412353516
v -65.66666412353516 314.5 -65.66666412353516
v -32.83333206176758 314.5 -65.66666412353516
v 0 314.5 -65.66666412353516
v 32.83333206176758 314.5 -65.66666412353516
v 65.66666412353516 314.5 -65.66666412353516
v -65.66666412353516 314.5 -98.5
v -32.83333206176758 314.5 -98.5
v 0 314.5 -98.5
v 32.83333206176758 314.5 -98.5
v 65.66666412353516 314.5 -98.5
v -65.66666412353516 314.5 -99.75
v -32.83333206176758 314.5 -99.75
v 0 314.5 -99.75
v 32.83333206176758 314.5 -99.75
v 65.66666412353516 314.5 -99.75
v -65.66666412353516 314.5 -100
v -32.83333206176758 314.5 -100
v 0 314.5 -100
v 32.83333206176758 314.5 -100
v 65.66666412353516 314.5 -100
v -65.66666412353516 314.25 -100
v -32.83333206176758 314.25 -100
v 0 314.25 -100
v 32.83333206176758 314.25 -100
v 65.66666412353516 314.25 -100
v -65.66666412353516 313 -100
v -32.83333206176758 313 -100
v 0 313 -100
v 32.83333206176758 313 -100
v 65.66666412353516 313 -100
v -65.66666412353516 311.75 -100
v -32.83333206176758 311.75 -100
v 0 311.75 -100
v 32.83333206176758 311.75 -100
v 65.66666412353516 311.75 -100
v -65.66666412353516 311.5 -100
v -32.83333206176758 311.5 -100
v 0 311.5 -100
v 32.83333206176758 311.5 -100
v 65.66666412353516 311.5 -100
v -65.66666412353516 311.5 -99.75
v -32.83333206176758 311.5 -99.75
v 0 311.5 -99.75
v 32.83333206176758 311.5 -99.75
v 65.66666412353516 311.5 -99.75
v -65.66666412353516 311.5 -98.5
v -32.83333206176758 311.5 -98.5
v 0 311.5 -98.5
v 32.83333206176758 311.5 -98.5
v 65.66666412353516 311.5 -98.5
v -65.66666412353516 311.5 -65.66666412353516
v -32.83333206176758 311.5 -65.66666412353516
v 0 311.5 -65.66666412353516
v 32.83333206176758 311.5 -65.66666412353516
v 65.66666412353516 311.5 -65.66666412353516
v -65.66666412353516 311.5 -32.83333206176758
v -32.83333206176758 311.5 -32.83333206176758
v 0 311.5 -32.83333206176758
v 32.83333206176758 311.5 -32.83333206176758
v 65.66666412353516 311.5 -32.83333206176758
v -65.66666412353516 311.5 0
v -32.83333206176758 311.5 0
v 0 311.5 0
v 32.83333206176758 311.5 0
v 65.66666412353516 311.5 0
v -65.66666412353516 311.5 32.83333206176758
v -32.83333206176758 311.5 32.83333206176758
v 0 311.5 32.83333206176758
v 32.83333206176758 311.5 32.83333206176758
v 65.66666412353516 311.5 32.83333206176758
v -65.66666412353516 311.5 65.66666412353516
v -32.83333206176758 311.5 65.66666412353516
v 0 311.5 65.66666412353516
v 32.83333206176758 311.5 65.66666412353516
v 65.66666412353516 311.5 65.66666412353516
v -65.66666412353516 311.5 98.5
v -32.83333206176758 311.5 98.5
v 0 311.5 98.5
v 32.83333206176758 311.5 98.5
v 65.66666412353516 311.5 98.5
v -65.66666412353516 311.5 99.75
v -32.83333206176758 311.5 99.75
v 0 311.5 99.75
v 32.83333206176758 311.5 99.75
v 65.66666412353516 311.5 99.75
v -65.66666412353516 311.5 100
v -32.83333206176758 311.5 100
v 0 311.5 100
v 32.83333206176758 311.5 100
v 65.66666412353516 311.5 100
v -65.66666412353516 311.75 100
v -32.83333206176758 311.75 100
v 0 311.75 100
v 32.83333206176758 311.75 100
v 65.66666412353516 311.75 100
v -65.66666412353516 313 100
v -32.83333206176758 313 100
v 0 313 100
v 32.83333206176758 313 100
v 65.66666412353516 313 100
v -65.66666412353516 314.25 100
v -32.83333206176758 314.25 100
v 0 314.25 100
v 32.83333206176758 314.25 100
v 65.66666412353516 314.25 100
v -65.66666412353516 314.5 100
v -32.83333206176758 314.5 100
v 0 314.5 100
v 32.83333206176758 314.5 100
v 65.66666412353516 314.5 100
v -65.66666412353516 314.5 99.75
v -32.83333206176758 314.5 99.75
v 0 314.5 99.75
v 32.83333206176758 314.5 99.75
v 65.66666412353516 314.5 99.75
v -65.66666412353516 314.5 98.5
v -32.83333206176758 314.5 98.5
v 0 314.5 98.5
v 32.83333206176758 314.5 98.5
v 65.66666412353516 314.5 98.5
v -65.66666412353516 314.5 65.66666412353516
v -32.83333206176758 314.5 65.66666412353516
v 0 314.5 65.66666412353516
v 32.83333206176758 314.5 65.66666412353516
v 65.66666412353516 314.5 65.66666412353516
v -65.66666412353516 314.5 32.83333206176758
v -32.83333206176758 314.5 32.83333206176758
v 0 314.5 32.83333206176758
v 32.83333206176758 314.5 32.83333206176758
v 65.66666412353516 314.5 32.83333206176758
v -65.66666412353516 314.5 0
v -32.83333206176758 314.5 0
v 0 314.5 0
v 32.83333206176758 314.5 0
v 65.66666412353516 314.5 0
v -65.66666412353516 314.5 -32.83333206176758
v -32.83333206176758 314.5 -32.83333206176758
v 0 314.5 -32.83333206176758
v 32.83333206176758 314.5 -32.83333206176758
v 65.66666412353516 314.5 -32.83333206176758
# 362 vertices

# 0 normal

vt 0.49587377905846 0.90812313556671 0
vt 0.41507425904274 0.90812277793884 0
vt 0.41507393121719 0.98892229795456 0
vt 0.49587339162827 0.98892283439636 0
vt 0.49595722556114 0.40841019153595 0
vt 0.41502806544304 0.40840685367584 0
vt 0.41503328084946 0.48933529853821 0
vt 0.49594765901566 0.48933529853821 0
vt 0.01107575371861 0.49981606006622 0
vt 0.0918762460351 0.4998174905777 0
vt 0.0918762460351 0.49674129486084 0
vt 0.01107579655945 0.49673962593079 0
vt 0.49590104818344 0.5010359287262 0
vt 0.4150670170784 0.50103741884232 0
vt 0.41507175564766 0.50411516427994 0
vt 0.49589392542839 0.50411504507065 0
vt 0.01034690067172 0.49246084690094 0
vt 0.09128744155169 0.4924521446228 0
vt 0.09128707647324 0.48937058448792 0
vt 0.01034665293992 0.48937916755676 0
vt 0.49592980742455 0.49364590644836 0
vt 0.41504791378975 0.49364924430847 0
vt 0.41505295038223 0.49672698974609 0
vt 0.49592012166977 0.49672567844391 0
vt 0.500204205513 0.50412046909332 0
vt 0.5001899600029 0.5849277973175 0
vt 0.50326627492905 0.58492815494537 0
vt 0.50328058004379 0.50412201881409 0
vt 0.49894961714745 0.98892289400101 0
vt 0.49894997477531 0.90812313556671 0
vt 0.49902799725533 0.48933959007263 0
vt 0.49903839826584 0.40841054916382 0
vt 0.50633257627487 0.98892277479172 0
vt 0.50633293390274 0.908123254776 0
vt 0.50325679779053 0.908123254776 0
vt 0.50325644016266 0.98892295360565 0
vt 0.4958733022213 0.99322962760925 0
vt 0.41507378220558 0.99322873353958 0
vt 0.41507375240326 0.99630486965179 0
vt 0.49587318301201 0.99630582332611 0
vt 0.01107665803283 0.99200063943863 0
vt 0.09187702089548 0.99199897050858 0
vt 0.09187687188387 0.98892289400101 0
vt 0.01107654999942 0.9889240860939 0
vt 0.49597057700157 0.00061726570129 0
vt 0.41502496600151 0.00061905384064 0
vt 0.4150250852108 0.00370073318481 0
vt 0.49597084522247 0.00369918346405 0
vt 0.01107694860548 0.99938416481018 0
vt 0.0918772816658 0.9993816614151 0
vt 0.09187717735767 0.99630558490753 0
vt 0.01107674371451 0.99630784988403 0
vt 0.00799911096692 0.50412315130234 0
vt 0.00799977872521 0.58492434024811 0
vt 0.011075893417 0.58492439985275 0
vt 0.01107565686107 0.50412333011627 0
vt 0.00676960824057 0.98892432451248 0
vt 0.00676974793896 0.90812337398529 0
vt 0.00369357923046 0.90812337398529 0
vt 0.00369336386211 0.98892426490784 0
vt 0.00061555887805 0.50412261486053 0
vt 0.00061714119511 0.58492434024811 0
vt 0.00369325629435 0.58492428064346 0
vt 0.00369190005586 0.50412261486053 0
vt 0.00721925636753 0.00372350215912 0
vt 0.00722520891577 0.08466804027557 0
vt 0.01030683517456 0.08466768264771 0
vt 0.01030095852911 0.00372314453125 0
vt 0.00721894390881 0.00064122676849 0
vt 0.01030086074024 0.00064146518707 0
vt 0.00800053216517 0.99938458204269 0
vt 0.00800022017211 0.99630814790726 0
vt 0.00061696901685 0.99200046062469 0
vt 0.00369313801639 0.99200057983398 0
vt 0.00061721657403 0.98892420530319 0
vt 0.00726519851014 0.49246096611023 0
vt 0.00726506952196 0.48937940597534 0
vt 0.00061536510475 0.50104612112045 0
vt 0.00369190005586 0.50104612112045 0
vt 0.0079995309934 0.49366307258606 0
vt 0.00799935869873 0.4967395067215 0
vt 0.01107591483742 0.49366343021393 0
vt 0.49901920557022 0.49242293834686 0
vt 0.49593970179558 0.4924144744873 0
vt 0.49901220202446 0.493656873703 0
vt 0.49899879097939 0.49673736095428 0
vt 0.50635749101639 0.50104737281799 0
vt 0.50328212976456 0.50104677677155 0
vt 0.50635659694672 0.50412291288376 0
vt 0.49905240535736 0.00061666965485 0
vt 0.49905267357826 0.00369882583618 0
vt 0.50633293390274 0.99199914932251 0
vt 0.50325661897659 0.99199932813644 0
vt 0.49894919991493 0.99938243627548 0
vt 0.49894949793816 0.99630612134933 0
vt 0.49587297439575 0.99938201904297 0
vt 0.00676942523569 0.99200081825256 0
vt 0.00800006929785 0.99323159456253 0
vt 0.01107664685696 0.9932314157486 0
vt 0.00800009071827 0.99200087785721 0
vt 0.0080001661554 0.98892426490784 0
vt 0.00676851021126 0.50104624032974 0
vt 0.00676832720637 0.50412279367447 0
vt 0.00799919757992 0.50104641914368 0
vt 0.01107575371861 0.50104677677155 0
vt 0.00799921900034 0.49981582164764 0
vt 0.49898532032967 0.4998140335083 0
vt 0.49591049551964 0.49980366230011 0
vt 0.4989792406559 0.50104284286499 0
vt 0.49897226691246 0.50411885976791 0
vt 0.50020790100098 0.50104522705078 0
vt 0.49894967675209 0.99199932813644 0
vt 0.4958733022213 0.99199908971786 0
vt 0.49894970655441 0.99322986602783 0
vt 0.50018018484116 0.99199938774109 0
vt 0.50018018484116 0.98892295360565 0
vt 0.50694823265076 0.99199903011322 0
vt 0.50694781541824 0.98892271518707 0
vt 0.49966910481453 0.00369882583618 0
vt 0.49966877698898 0.00061643123627 0
vt 0.00738473655656 0.99200087785721 0
vt 0.00738490885124 0.98892426490784 0
vt 0.00738369254395 0.5041229724884 0
vt 0.00738383224234 0.50104635953903 0
vt 0.49958825111389 0.50411981344223 0
vt 0.4995938539505 0.50104439258575 0
vt 0.49956494569778 0.99199932813644 0
vt 0.49956491589546 0.98892289400101 0
vt 0.50635755062103 0.5004323720932 0
vt 0.50328224897385 0.5004318356514 0
vt 0.49961450695992 0.49674022197723 0
vt 0.49962881207466 0.49365985393524 0
vt 0.49905231595039 0.00000023841858 0
vt 0.49597051739693 0.00000083446503 0
vt 0.49587291479111 0.9999971985817 0
vt 0.49894914031029 0.99999767541885 0
vt 0.4995644390583 0.99938249588013 0
vt 0.49956470727921 0.99630618095398 0
vt 0.50325661897659 0.99261462688446 0
vt 0.50633299350739 0.99261438846588 0
vt 0.00738469325006 0.99323165416718 0
vt 0.00738490885124 0.9963082075119 0
vt 0.00369309494272 0.99261581897736 0
vt 0.00676930695772 0.99261617660522 0
vt 0.00800004787743 0.99261617660522 0
vt 0.01107664685696 0.99261605739594 0
vt 0.00676857493818 0.50043088197708 0
vt 0.00369192147627 0.50043082237244 0
vt 0.00738407997414 0.49673938751221 0
vt 0.00738392909989 0.49981582164764 0
vt 0.00799924042076 0.50043112039566 0
vt 0.01107581797987 0.50043147802353 0
vt 0.49959978461266 0.49981713294983 0
vt 0.50020861625671 0.50043112039566 0
vt 0.49898192286491 0.500428378582 0
vt 0.49590569734573 0.50041949748993 0
vt 0.49894970655441 0.99261462688446 0
vt 0.4958733022213 0.99261438846588 0
vt 0.5001802444458 0.99261462688446 0
vt 0.49956503510475 0.99322992563248 0
vt 0.09124504774809 0.0006355047226 0
vt 0.09124498069286 0.00001919269562 0
vt 0.01030083931983 0.00002503395081 0
vt 0.41507369279861 0.99938088655472 0
vt 0.41507366299629 0.99999612569809 0
vt 0.09187635779381 0.50104814767838 0
vt 0.09187629073858 0.50043278932571 0
vt 0.41505780816078 0.49980473518372 0
vt 0.41506242752075 0.50042116641998 0
vt 0.00800062902272 0.99999988079071 0
vt 0.01107702404261 0.99999940395355 0
vt 0.00721889035776 0.00002503395081 0
vt 0.00726524135098 0.49307727813721 0
vt 0.01034697517753 0.49307703971863 0
vt 0.01107594743371 0.49304807186127 0
vt 0.00799955241382 0.4930477142334 0
vt 0.49901580810547 0.49303996562958 0
vt 0.49593475461006 0.49302995204926 0
vt 0.00664884317666 0.49307727813721 0
vt 0.00664883246645 0.49246096611023 0
vt 0 0.50043082237244 0
vt 0.00000005382171 0.50104612112045 0
vt 0.0006153327995 0.50043082237244 0
vt 0.00738429510966 0.4930477142334 0
vt 0.00738427368924 0.49366295337677 0
vt 0.00738390767947 0.50043106079102 0
vt 0.49963274598122 0.49304306507111 0
vt 0.50697261095047 0.50043243169785 0
vt 0.50697255134583 0.50104749202728 0
vt 0.499636054039 0.49242544174194 0
vt 0.49966862797737 0 0
vt 0.5069482922554 0.99261432886124 0
vt 0.49956440925598 0.9999977350235 0
vt 0.00738532841206 1 0
vt 0.00738523155451 0.99938470125198 0
vt 0.00000165770859 0.99261569976807 0
vt 0.00061690440634 0.99261569976807 0
vt 0.00000171153033 0.99200046062469 0
vt 0.00660257786512 0.00002503395081 0
vt 0.00660258857533 0.00064122676849 0
vt 0.00738468253985 0.99261623620987 0
vt 0.49957466125488 0.5849277973175 0
vt 0.4989592730999 0.5849277973175 0
vt 0.49964448809624 0.48934054374695 0
vt 0.49965459108353 0.40841066837311 0
vt 0.50634253025055 0.58492857217789 0
vt 0.50695776939392 0.58492863178253 0
vt 0.50697177648544 0.5041229724884 0
vt 0.49959567189217 0.50043082237244 0
vt 0.00738461827859 0.58492434024811 0
vt 0.0067694359459 0.58492428064346 0
vt 0.49956500530243 0.99261462688446 0
vt 0.00000030140157 0.50412273406982 0
vt 0.00000195911025 0.58492434024811 0
vt 0.0072568776086 0.40843975543976 0
vt 0.00664064055309 0.40843975543976 0
vt 0.00664878915995 0.48937952518463 0
vt 0.00660292245448 0.00372362136841 0
vt 0.0000019806389 0.98892414569855 0
vt 0.09187629073858 0.49366521835327 0
vt 0.09187631309032 0.4930499792099 0
vt 0.41503822803497 0.49241650104523 0
vt 0.4150430560112 0.49303317070007 0
vt 0.09187713265419 0.99322944879532 0
vt 0.09187708795071 0.9926141500473 0
vt 0.41507387161255 0.99199837446213 0
vt 0.41507384181023 0.99261355400085 0
vt 0.49588280916214 0.58492749929428 0
vt 0.41507425904274 0.58492475748062 0
vt 0.41507425904274 0.66572427749634 0
vt 0.49587571620941 0.66572761535645 0
vt 0.4958735704422 0.82732373476028 0
vt 0.41507425904274 0.82732325792313 0
vt 0.4958735704422 0.74652528762817 0
vt 0.41507425904274 0.74652379751205 0
vt 0.49597185850143 0.08464527130127 0
vt 0.41502687335014 0.0846461057663 0
vt 0.41502794623375 0.16559016704559 0
vt 0.49597153067589 0.16559052467346 0
vt 0.49596440792084 0.32747507095337 0
vt 0.41502767801285 0.32747185230255 0
vt 0.49596920609474 0.24653446674347 0
vt 0.41502806544304 0.24653255939484 0
vt 0.50018036365509 0.82732379436493 0
vt 0.50018066167831 0.908123254776 0
vt 0.50325644016266 0.82732379436493 0
vt 0.50018215179443 0.66572797298431 0
vt 0.503258228302 0.66572815179825 0
vt 0.5001802444458 0.74652534723282 0
vt 0.50325638055801 0.74652540683746 0
vt 0.49895179271698 0.66572785377502 0
vt 0.49894976615906 0.82732379436493 0
vt 0.49894970655441 0.74652534723282 0
vt 0.49905318021774 0.16559076309204 0
vt 0.49905353784561 0.08464550971985 0
vt 0.49904575943947 0.32747530937195 0
vt 0.49905076622963 0.24653470516205 0
vt 0.50633418560028 0.66572839021683 0
vt 0.50633251667023 0.82732379436493 0
vt 0.50633239746094 0.74652540683746 0
vt 0.0080006076023 0.82732331752777 0
vt 0.0080001661554 0.90812331438065 0
vt 0.01107623800635 0.908123254776 0
vt 0.01107658259571 0.82732331752777 0
vt 0.00800033845007 0.66572433710098 0
vt 0.01107643172145 0.66572433710098 0
vt 0.00800055358559 0.7465238571167 0
vt 0.01107662543654 0.7465238571167 0
vt 0.00676989881322 0.66572421789169 0
vt 0.00369372987188 0.66572421789169 0
vt 0.00677035097033 0.82732331752777 0
vt 0.00369423581287 0.82732331752777 0
vt 0.00677023269236 0.7465238571167 0
vt 0.00369416060857 0.7465238571167 0
vt 0.00061821762938 0.82732331752777 0
vt 0.00061746413121 0.90812337398529 0
vt 0.00061770097818 0.66572427749634 0
vt 0.000618099235 0.7465238571167 0
vt 0.00724797556177 0.32749855518341 0
vt 0.01033821329474 0.40843915939331 0
vt 0.01032945141196 0.32749819755554 0
vt 0.00723194750026 0.16561257839203 0
vt 0.010313520208 0.16561222076416 0
vt 0.00723954709247 0.24655628204346 0
vt 0.01032104436308 0.24655568599701 0
vt 0.49956500530243 0.82732379436493 0
vt 0.49956527352333 0.90812319517136 0
vt 0.49956694245338 0.66572797298431 0
vt 0.49956494569778 0.74652534723282 0
vt 0.4996694624424 0.16559088230133 0
vt 0.49966984987259 0.08464550971985 0
vt 0.49966204166412 0.32747554779053 0
vt 0.49966704845428 0.24653470516205 0
vt 0.50694811344147 0.908123254776 0
vt 0.50694769620895 0.82732379436493 0
vt 0.50694930553436 0.66572844982147 0
vt 0.50694757699966 0.74652540683746 0
vt 0.00738550070673 0.82732331752777 0
vt 0.00738496240228 0.90812337398529 0
vt 0.00738513469696 0.66572427749634 0
vt 0.00738539313897 0.7465238571167 0
vt 0.00000310013024 0.82732331752777 0
vt 0.00000229280477 0.90812337398529 0
vt 0.00000251885581 0.66572421789169 0
vt 0.00000293866515 0.7465238571167 0
vt 0.00660889642313 0.08466815948486 0
vt 0.00661565642804 0.16561281681061 0
vt 0.00663170637563 0.3274986743927 0
vt 0.00662328861654 0.24655640125275 0
vt 0.17267578840256 0.90812277793884 0
vt 0.09187629073858 0.90812277793884 0
vt 0.17267617583275 0.98892217874527 0
vt 0.33427479863167 0.90812277793884 0
vt 0.33427461981773 0.98892211914062 0
vt 0.25347527861595 0.90812277793884 0
vt 0.25347536802292 0.98892205953598 0
vt 0.172218516469 0.40842270851135 0
vt 0.09127865731716 0.40843057632446 0
vt 0.17222668230534 0.4893616437912 0
vt 0.33409413695335 0.40840995311737 0
vt 0.33410102128983 0.48934423923492 0
vt 0.25315725803375 0.40841579437256 0
vt 0.25316488742828 0.48935294151306 0
vt 0.3342704474926 0.49981737136841 0
vt 0.33427006006241 0.49674153327942 0
vt 0.17267569899559 0.49981868267059 0
vt 0.17267571389675 0.49674248695374 0
vt 0.25347384810448 0.49981892108917 0
vt 0.25347381830215 0.4967428445816 0
vt 0.17267571389675 0.50104928016663 0
vt 0.09187640249729 0.50412434339523 0
vt 0.17267571389675 0.50412535667419 0
vt 0.3342707157135 0.50104737281799 0
vt 0.33427104353905 0.50412321090698 0
vt 0.25347378849983 0.50104951858521 0
vt 0.25347381830215 0.50412565469742 0
vt 0.33410134911537 0.49242556095123 0
vt 0.17222699522972 0.4924430847168 0
vt 0.25316521525383 0.49243438243866 0
vt 0.17267575860023 0.49366641044617 0
vt 0.33426970243454 0.49366593360901 0
vt 0.25347381830215 0.49366688728333 0
vt 0.17267628014088 0.993228495121 0
vt 0.17267632484436 0.99630451202393 0
vt 0.33427453041077 0.99322861433029 0
vt 0.33427450060844 0.99630469083786 0
vt 0.25347530841827 0.99322855472565 0
vt 0.25347530841827 0.99630469083786 0
vt 0.33427459001541 0.99199819564819 0
vt 0.17267622053623 0.99199813604355 0
vt 0.25347530841827 0.99199813604355 0
vt 0.17218957841396 0.00063002109528 0
vt 0.09124526381493 0.00371730327606 0
vt 0.1721897572279 0.00371158123016 0
vt 0.33407965302467 0.00062143802643 0
vt 0.33407974243164 0.00370311737061 0
vt 0.2531344294548 0.00062501430511 0
vt 0.25313457846642 0.00370669364929 0
vt 0.3342744410038 0.99938070774078 0
vt 0.17267636954784 0.9993804693222 0
vt 0.25347530841827 0.99938064813614 0
vt 0.41502496600151 0.00000274181366 0
vt 0.33407962322235 0.00000524520874 0
vt 0.17218953371048 0.00001358985901 0
vt 0.25313439965248 0.00000858306885 0
vt 0.09187732636929 0.99999684095383 0
vt 0.17267638444901 0.99999558925629 0
vt 0.3342744410038 0.99999582767487 0
vt 0.25347530841827 0.99999588727951 0
vt 0.33427056670189 0.5004323720932 0
vt 0.17267571389675 0.50043398141861 0
vt 0.25347381830215 0.50043421983719 0
vt 0.33426967263222 0.49305081367493 0
vt 0.17267575860023 0.49305129051208 0
vt 0.25347381830215 0.49305176734924 0
vt 0.09128756821156 0.49306857585907 0
vt 0.17222708463669 0.49305939674377 0
vt 0.33410140872002 0.49304187297821 0
vt 0.25316527485847 0.49305069446564 0
vt 0.33427453041077 0.99261343479156 0
vt 0.17267626523972 0.99261331558228 0
vt 0.25347530841827 0.99261331558228 0
vt 0.17267578840256 0.58492475748062 0
vt 0.09187629073858 0.58492475748062 0
vt 0.09187629073858 0.66572427749634 0
vt 0.17267578840256 0.66572427749634 0
vt 0.33427479863167 0.58492475748062 0
vt 0.33427479863167 0.66572427749634 0
vt 0.25347527861595 0.58492475748062 0
vt 0.25347527861595 0.66572427749634 0
vt 0.17267578840256 0.82732325792313 0
vt 0.09187629073858 0.82732325792313 0
vt 0.33427479863167 0.82732325792313 0
vt 0.25347527861595 0.82732325792313 0
vt 0.17267578840256 0.74652379751205 0
vt 0.09187629073858 0.74652379751205 0
vt 0.33427479863167 0.74652379751205 0
vt 0.25347527861595 0.74652379751205 0
vt 0.17219485342503 0.08465600013733 0
vt 0.09125101566315 0.08466160297394 0
vt 0.09125702083111 0.16560542583466 0
vt 0.17219997942448 0.16559946537018 0
vt 0.33408263325691 0.08464801311493 0
vt 0.33408516645432 0.16559171676636 0
vt 0.25313866138458 0.08465147018433 0
vt 0.25314262509346 0.16559481620789 0
vt 0.17221154272556 0.32748293876648 0
vt 0.09127077460289 0.32748997211456 0
vt 0.3340902030468 0.32747316360474 0
vt 0.25315141677856 0.32747721672058 0
vt 0.17220544815063 0.24654197692871 0
vt 0.09126356244087 0.24654817581177 0
vt 0.33408755064011 0.24653363227844 0
vt 0.25314673781395 0.24653697013855 0
# 414 texture coordinates

o Haupe_Top
usemtl Glas
f 2902/3402/5 3115/3401/5 3110/3400/5 3020/3399/5
f 2894/3406/1 3185/3405/1 3180/3404/1 3066/3403/1
f 2898/3410/45 3201/3409/45 3206/3408/45 2964/3407/45
f 2903/3414/5 3225/3413/5 3220/3412/5 2947/3411/5
f 2893/3418/1 3181/3417/1 3186/3416/1 2956/3415/1
f 2899/3422/45 3205/3421/45 3200/3420/45 2960/3419/45
f 2904/3426/2 3086/3425/2 3091/3424/2 2942/3423/2
f 2902/3402/5 3020/3399/5 3105/3428/5 2928/3427/5
f 2894/3406/1 3066/3403/1 3071/3430/1 3001/3429/1
f 2905/3434/2 3090/3433/2 3085/3432/2 3008/3431/2
f 2906/3438/16 3135/3437/16 3130/3436/16 2949/3435/16
f 2901/3442/5 3111/3441/5 3116/3440/5 2938/3439/5
f 2895/3446/1 3155/3445/1 3150/3444/1 2961/3443/1
f 2907/3450/16 3131/3449/16 3136/3448/16 2955/3447/16
f 2900/3454/5 3021/3453/5 3026/3452/5 3014/3451/5
f 2896/3458/29 3045/3457/29 3040/3456/29 3012/3455/29
f 2897/3462/29 3041/3461/29 3046/3460/29 2998/3459/29
f 2892/3466/1 3065/3465/1 3060/3464/1 2991/3463/1
f 2963/3468/1 2892/3466/1 2991/3463/1 2990/3467/1
f 3010/3470/16 2907/3450/16 2955/3447/16 2989/3469/16
f 2936/3473/29 2896/3458/29 2994/3472/29 2993/3471/29
f 2935/3475/1 2893/3418/1 2956/3415/1 2992/3474/1
f 2940/3477/29 2897/3462/29 2998/3459/29 2997/3476/29
f 2954/3480/45 2898/3410/45 2996/3479/45 2995/3478/45
f 2957/3482/1 2894/3406/1 3001/3429/1 3000/3481/1
f 2945/3484/45 2899/3422/45 2960/3419/45 2999/3483/45
f 2932/3487/2 2904/3426/2 3004/3486/2 3003/3485/2
f 2931/3489/1 2895/3446/1 2961/3443/1 3002/3488/1
f 2951/3491/2 2905/3434/2 3008/3431/2 3007/3490/2
f 2962/3494/16 2906/3438/16 3006/3493/16 3005/3492/16
f 2994/3472/29 2896/3458/29 3012/3455/29 3011/3495/29
f 2959/3497/16 2907/3450/16 3010/3470/16 3009/3496/16
f 2934/3499/5 2901/3442/5 2938/3439/5 2937/3498/5
f 2933/3501/29 2897/3462/29 2940/3477/29 2939/3500/29
f 2952/3503/5 2900/3454/5 3014/3451/5 3013/3502/5
f 2996/3479/45 2898/3410/45 2964/3407/45 3015/3504/45
f 2953/3506/45 2899/3422/45 2945/3484/45 2944/3505/45
f 2930/3508/5 2903/3414/5 2947/3411/5 2946/3507/5
f 3004/3486/2 2904/3426/2 2942/3423/2 2941/3509/2
f 2958/3511/5 2902/3402/5 2928/3427/5 2943/3510/5
f 3006/3493/16 2906/3438/16 2949/3435/16 2948/3512/16
f 2929/3514/2 2905/3434/2 2951/3491/2 2950/3513/2
f 3007/3490/2 3008/3431/2 2917/3516/2 2975/3515/2
f 2931/3489/1 3002/3488/1 2975/3518/1 2917/3517/1
f 3011/3495/29 3012/3455/29 2924/3520/29 2977/3519/29
f 2934/3499/5 2937/3498/5 2977/3519/5 2924/3520/5
f 2933/3501/29 2939/3500/29 2981/3522/29 2925/3521/29
f 2930/3508/5 2946/3507/5 2985/3524/5 2915/3523/5
f 2943/3510/5 2928/3427/5 2914/3526/5 2986/3525/5
f 2929/3514/2 2950/3513/2 2986/3525/2 2914/3526/2
f 3003/3485/2 3004/3486/2 2911/3528/2 2973/3527/2
f 2945/3484/45 2999/3483/45 2973/3530/45 2911/3529/45
f 3002/3488/1 2961/3443/1 2923/3532/1 2974/3531/1
f 2962/3494/16 3005/3492/16 2974/3534/16 2923/3533/16
f 3005/3492/16 3006/3493/16 2916/3536/16 2976/3535/16
f 2951/3491/2 3007/3490/2 2976/3538/2 2916/3537/2
f 3009/3496/16 3010/3470/16 2921/3540/16 2978/3539/16
f 2994/3472/29 3011/3495/29 2978/3542/29 2921/3541/29
f 2937/3498/5 2938/3439/5 2919/3544/5 2979/3543/5
f 2959/3497/16 3009/3496/16 2979/3543/16 2919/3544/16
f 2939/3500/29 2940/3477/29 2908/3546/29 2980/3545/29
f 2996/3479/45 3015/3504/45 2980/3548/45 2908/3547/45
f 3013/3502/5 3014/3451/5 2925/3521/5 2981/3522/5
f 3015/3504/45 2964/3407/45 2910/3550/45 2982/3549/45
f 2952/3503/5 3013/3502/5 2982/3549/5 2910/3550/5
f 2944/3505/45 2945/3484/45 2911/3529/45 2983/3551/45
f 3004/3486/2 2941/3509/2 2983/3552/2 2911/3528/2
f 2946/3507/5 2947/3411/5 2909/3554/5 2984/3553/5
f 2953/3506/45 2944/3505/45 2984/3553/45 2909/3554/45
f 2941/3509/2 2942/3423/2 2915/3523/2 2985/3524/2
f 2948/3512/16 2949/3435/16 2920/3556/16 2987/3555/16
f 2958/3511/5 2943/3510/5 2987/3555/5 2920/3556/5
f 2950/3513/2 2951/3491/2 2916/3537/2 2988/3557/2
f 3006/3493/16 2948/3512/16 2988/3558/16 2916/3536/16
f 2922/3561/1 3141/3560/1 3146/3559/1 2963/3468/1
f 2923/3533/16 3145/3563/16 3140/3562/16 2962/3494/16
f 2910/3550/5 3211/3565/5 3216/3564/5 2952/3503/5
f 2909/3554/45 3215/3567/45 3210/3566/45 2953/3506/45
f 2989/3469/16 2955/3447/16 2922/3569/16 2966/3568/16
f 2963/3468/1 2990/3467/1 2966/3570/1 2922/3561/1
f 2992/3474/1 2956/3415/1 2913/3572/1 2968/3571/1
f 2954/3480/45 2995/3478/45 2968/3574/45 2913/3573/45
f 2999/3483/45 2960/3419/45 2912/3576/45 2972/3575/45
f 2957/3482/1 3000/3481/1 2972/3575/1 2912/3576/1
f 2969/3578/1 2992/3474/1 2968/3571/1 2884/3577/1
f 2970/3581/29 2997/3476/29 2969/3580/29 2884/3579/29
f 2968/3574/45 2995/3478/45 2970/3583/45 2884/3582/45
f 2982/3549/5 3013/3502/5 2981/3522/5 2885/3584/5
f 2980/3548/45 3015/3504/45 2982/3549/45 2885/3584/45
f 2981/3522/29 2939/3500/29 2980/3545/29 2885/3584/29
f 2973/3530/45 2999/3483/45 2972/3575/45 2886/3585/45
f 2971/3587/2 3003/3485/2 2973/3527/2 2886/3586/2
f 2972/3575/1 3000/3481/1 2971/3588/1 2886/3585/1
f 2975/3518/1 3002/3488/1 2974/3531/1 2888/3589/1
f 2976/3538/2 3007/3490/2 2975/3515/2 2888/3590/2
f 2974/3534/16 3005/3492/16 2976/3535/16 2888/3591/16
f 2967/3593/16 2989/3469/16 2966/3568/16 2890/3592/16
f 2965/3596/29 2993/3471/29 2967/3595/29 2890/3594/29
f 2966/3570/1 2990/3467/1 2965/3598/1 2890/3597/1
f 2979/3543/16 3009/3496/16 2978/3539/16 2891/3599/16
f 2942/3423/2 3091/3424/2 3096/3600/2 2915/3523/2
f 2915/3523/5 3096/3600/5 3101/3601/5 2930/3508/5
f 2977/3519/5 2937/3498/5 2979/3543/5 2891/3599/5
f 2978/3542/29 3011/3495/29 2977/3519/29 2891/3599/29
f 3001/3429/1 3071/3430/1 3076/3603/1 2918/3602/1
f 2918/3606/2 3076/3605/2 3081/3604/2 2932/3487/2
f 2983/3552/2 2941/3509/2 2985/3524/2 2887/3607/2
f 2984/3553/45 2944/3505/45 2983/3551/45 2887/3607/45
f 3014/3451/5 3026/3452/5 3031/3608/5 2925/3521/5
f 2925/3521/29 3031/3608/29 3036/3609/29 2933/3501/29
f 2985/3524/5 2946/3507/5 2984/3553/5 2887/3607/5
f 2987/3555/5 2943/3510/5 2986/3525/5 2889/3610/5
f 2998/3459/29 3046/3460/29 3051/3612/29 2927/3611/29
f 2927/3615/1 3051/3614/1 3056/3613/1 2935/3475/1
f 2988/3558/16 2948/3512/16 2987/3555/16 2889/3610/16
f 2986/3525/2 2950/3513/2 2988/3557/2 2889/3610/2
f 2990/3467/1 2991/3463/1 2926/3616/1 2965/3598/1
f 2936/3473/29 2993/3471/29 2965/3596/29 2926/3617/29
f 2993/3471/29 2994/3472/29 2921/3541/29 2967/3595/29
f 3010/3470/16 2989/3469/16 2967/3593/16 2921/3540/16
f 2997/3476/29 2998/3459/29 2927/3611/29 2969/3580/29
f 2935/3475/1 2992/3474/1 2969/3578/1 2927/3615/1
f 2913/3573/45 3191/3619/45 3196/3618/45 2954/3480/45
f 2912/3576/1 3195/3621/1 3190/3620/1 2957/3482/1
f 2995/3478/45 2996/3479/45 2908/3547/45 2970/3583/45
f 2940/3477/29 2997/3476/29 2970/3581/29 2908/3546/29
f 3000/3481/1 3001/3429/1 2918/3602/1 2971/3588/1
f 2932/3487/2 3003/3485/2 2971/3587/2 2918/3606/2
f 2919/3544/16 3121/3623/16 3126/3622/16 2959/3497/16
f 2920/3556/5 3125/3625/5 3120/3624/5 2958/3511/5
f 3017/3629/5 3235/3628/5 3230/3627/5 3016/3626/5
f 3016/3626/5 3230/3627/5 3225/3413/5 2903/3414/5
f 3020/3399/5 3110/3400/5 3245/3631/5 3019/3630/5
f 3019/3630/5 3245/3631/5 3240/3633/5 3018/3632/5
f 3018/3632/5 3240/3633/5 3235/3628/5 3017/3629/5
f 3069/3637/1 3165/3636/1 3160/3635/1 3070/3634/1
f 3070/3634/1 3160/3635/1 3155/3445/1 2895/3446/1
f 3066/3403/1 3180/3404/1 3175/3639/1 3067/3638/1
f 3067/3638/1 3175/3639/1 3170/3641/1 3068/3640/1
f 3068/3640/1 3170/3641/1 3165/3636/1 3069/3637/1
f 3089/3644/2 3090/3433/2 3095/3643/2 3094/3642/2
f 3090/3433/2 2905/3434/2 2929/3514/2 3095/3643/2
f 3086/3425/2 3087/3646/2 3092/3645/2 3091/3424/2
f 3087/3646/2 3088/3648/2 3093/3647/2 3092/3645/2
f 3088/3648/2 3089/3644/2 3094/3642/2 3093/3647/2
f 3017/3629/5 3016/3626/5 3101/3601/5 3102/3649/5
f 3016/3626/5 2903/3414/5 2930/3508/5 3101/3601/5
f 3020/3399/5 3019/3630/5 3104/3650/5 3105/3428/5
f 3019/3630/5 3018/3632/5 3103/3651/5 3104/3650/5
f 3018/3632/5 3017/3629/5 3102/3649/5 3103/3651/5
f 3069/3637/1 3070/3634/1 3075/3653/1 3074/3652/1
f 3070/3634/1 2895/3446/1 2931/3489/1 3075/3653/1
f 3066/3403/1 3067/3638/1 3072/3654/1 3071/3430/1
f 3067/3638/1 3068/3640/1 3073/3655/1 3072/3654/1
f 3068/3640/1 3069/3637/1 3074/3652/1 3073/3655/1
f 3087/3646/2 3086/3425/2 3081/3604/2 3082/3656/2
f 3086/3425/2 2904/3426/2 2932/3487/2 3081/3604/2
f 3090/3433/2 3089/3644/2 3084/3657/2 3085/3432/2
f 3089/3644/2 3088/3648/2 3083/3658/2 3084/3657/2
f 3088/3648/2 3087/3646/2 3082/3656/2 3083/3658/2
f 3024/3662/5 3025/3661/5 3030/3660/5 3029/3659/5
f 3025/3661/5 2901/3442/5 2934/3499/5 3030/3660/5
f 3021/3453/5 3022/3664/5 3027/3663/5 3026/3452/5
f 3022/3664/5 3023/3666/5 3028/3665/5 3027/3663/5
f 3023/3666/5 3024/3662/5 3029/3659/5 3028/3665/5
f 3042/3668/29 3041/3461/29 3036/3609/29 3037/3667/29
f 3041/3461/29 2897/3462/29 2933/3501/29 3036/3609/29
f 3045/3457/29 3044/3670/29 3039/3669/29 3040/3456/29
f 3044/3670/29 3043/3672/29 3038/3671/29 3039/3669/29
f 3043/3672/29 3042/3668/29 3037/3667/29 3038/3671/29
f 3044/3670/29 3045/3457/29 3050/3674/29 3049/3673/29
f 3045/3457/29 2896/3458/29 2936/3473/29 3050/3674/29
f 3041/3461/29 3042/3668/29 3047/3675/29 3046/3460/29
f 3042/3668/29 3043/3672/29 3048/3676/29 3047/3675/29
f 3043/3672/29 3044/3670/29 3049/3673/29 3048/3676/29
f 3062/3679/1 3061/3678/1 3056/3613/1 3057/3677/1
f 3061/3678/1 2893/3418/1 2935/3475/1 3056/3613/1
f 3065/3465/1 3064/3681/1 3059/3680/1 3060/3464/1
f 3064/3681/1 3063/3683/1 3058/3682/1 3059/3680/1
f 3063/3683/1 3062/3679/1 3057/3677/1 3058/3682/1
f 3094/3642/2 3095/3643/2 3100/3685/2 3099/3684/2
f 3095/3643/2 2929/3514/2 2914/3526/2 3100/3685/2
f 3091/3424/2 3092/3645/2 3097/3686/2 3096/3600/2
f 3092/3645/2 3093/3647/2 3098/3687/2 3097/3686/2
f 3093/3647/2 3094/3642/2 3099/3684/2 3098/3687/2
f 3099/3684/5 3100/3685/5 3105/3428/5 3104/3650/5
f 3100/3685/5 2914/3526/5 2928/3427/5 3105/3428/5
f 3096/3600/5 3097/3686/5 3102/3649/5 3101/3601/5
f 3097/3686/5 3098/3687/5 3103/3651/5 3102/3649/5
f 3098/3687/5 3099/3684/5 3104/3650/5 3103/3651/5
f 3074/3652/1 3075/3653/1 3080/3689/1 3079/3688/1
f 3075/3653/1 2931/3489/1 2917/3517/1 3080/3689/1
f 3071/3430/1 3072/3654/1 3077/3690/1 3076/3603/1
f 3072/3654/1 3073/3655/1 3078/3691/1 3077/3690/1
f 3073/3655/1 3074/3652/1 3079/3688/1 3078/3691/1
f 3079/3693/2 3080/3692/2 3085/3432/2 3084/3657/2
f 3080/3692/2 2917/3516/2 3008/3431/2 3085/3432/2
f 3076/3605/2 3077/3694/2 3082/3656/2 3081/3604/2
f 3077/3694/2 3078/3695/2 3083/3658/2 3082/3656/2
f 3078/3695/2 3079/3693/2 3084/3657/2 3083/3658/2
f 3029/3659/5 3030/3660/5 3035/3697/5 3034/3696/5
f 3030/3660/5 2934/3499/5 2924/3520/5 3035/3697/5
f 3026/3452/5 3027/3663/5 3032/3698/5 3031/3608/5
f 3027/3663/5 3028/3665/5 3033/3699/5 3032/3698/5
f 3028/3665/5 3029/3659/5 3034/3696/5 3033/3699/5
f 3034/3696/29 3035/3697/29 3040/3456/29 3039/3669/29
f 3035/3697/29 2924/3520/29 3012/3455/29 3040/3456/29
f 3031/3608/29 3032/3698/29 3037/3667/29 3036/3609/29
f 3032/3698/29 3033/3699/29 3038/3671/29 3037/3667/29
f 3033/3699/29 3034/3696/29 3039/3669/29 3038/3671/29
f 3049/3673/29 3050/3674/29 3055/3701/29 3054/3700/29
f 3050/3674/29 2936/3473/29 2926/3617/29 3055/3701/29
f 3046/3460/29 3047/3675/29 3052/3702/29 3051/3612/29
f 3047/3675/29 3048/3676/29 3053/3703/29 3052/3702/29
f 3048/3676/29 3049/3673/29 3054/3700/29 3053/3703/29
f 3054/3705/1 3055/3704/1 3060/3464/1 3059/3680/1
f 3055/3704/1 2926/3616/1 2991/3463/1 3060/3464/1
f 3051/3614/1 3052/3706/1 3057/3677/1 3056/3613/1
f 3052/3706/1 3053/3707/1 3058/3682/1 3057/3677/1
f 3053/3707/1 3054/3705/1 3059/3680/1 3058/3682/1
f 3112/3710/5 3111/3441/5 3106/3709/5 3107/3708/5
f 3111/3441/5 2901/3442/5 3025/3661/5 3106/3709/5
f 3115/3401/5 3114/3712/5 3109/3711/5 3110/3400/5
f 3114/3712/5 3113/3714/5 3108/3713/5 3109/3711/5
f 3113/3714/5 3112/3710/5 3107/3708/5 3108/3713/5
f 3182/3717/1 3181/3417/1 3176/3716/1 3177/3715/1
f 3181/3417/1 2893/3418/1 3061/3678/1 3176/3716/1
f 3185/3405/1 3184/3719/1 3179/3718/1 3180/3404/1
f 3184/3719/1 3183/3721/1 3178/3720/1 3179/3718/1
f 3183/3721/1 3182/3717/1 3177/3715/1 3178/3720/1
f 3204/3723/45 3205/3421/45 3210/3566/45 3209/3722/45
f 3205/3421/45 2899/3422/45 2953/3506/45 3210/3566/45
f 3201/3409/45 3202/3725/45 3207/3724/45 3206/3408/45
f 3202/3725/45 3203/3727/45 3208/3726/45 3207/3724/45
f 3203/3727/45 3204/3723/45 3209/3722/45 3208/3726/45
f 3222/3730/5 3221/3729/5 3216/3564/5 3217/3728/5
f 3221/3729/5 2900/3454/5 2952/3503/5 3216/3564/5
f 3225/3413/5 3224/3732/5 3219/3731/5 3220/3412/5
f 3224/3732/5 3223/3734/5 3218/3733/5 3219/3731/5
f 3223/3734/5 3222/3730/5 3217/3728/5 3218/3733/5
f 3184/3719/1 3185/3405/1 3190/3620/1 3189/3735/1
f 3185/3405/1 2894/3406/1 2957/3482/1 3190/3620/1
f 3181/3417/1 3182/3717/1 3187/3736/1 3186/3416/1
f 3182/3717/1 3183/3721/1 3188/3737/1 3187/3736/1
f 3183/3721/1 3184/3719/1 3189/3735/1 3188/3737/1
f 3202/3725/45 3201/3409/45 3196/3618/45 3197/3738/45
f 3201/3409/45 2898/3410/45 2954/3480/45 3196/3618/45
f 3205/3421/45 3204/3723/45 3199/3739/45 3200/3420/45
f 3204/3723/45 3203/3727/45 3198/3740/45 3199/3739/45
f 3203/3727/45 3202/3725/45 3197/3738/45 3198/3740/45
f 3132/3742/16 3131/3449/16 3126/3622/16 3127/3741/16
f 3131/3449/16 2907/3450/16 2959/3497/16 3126/3622/16
f 3135/3437/16 3134/3744/16 3129/3743/16 3130/3436/16
f 3134/3744/16 3133/3746/16 3128/3745/16 3129/3743/16
f 3133/3746/16 3132/3742/16 3127/3741/16 3128/3745/16
f 3114/3712/5 3115/3401/5 3120/3624/5 3119/3747/5
f 3115/3401/5 2902/3402/5 2958/3511/5 3120/3624/5
f 3111/3441/5 3112/3710/5 3117/3748/5 3116/3440/5
f 3112/3710/5 3113/3714/5 3118/3749/5 3117/3748/5
f 3113/3714/5 3114/3712/5 3119/3747/5 3118/3749/5
f 3152/3752/1 3151/3751/1 3146/3559/1 3147/3750/1
f 3151/3751/1 2892/3466/1 2963/3468/1 3146/3559/1
f 3155/3445/1 3154/3754/1 3149/3753/1 3150/3444/1
f 3154/3754/1 3153/3756/1 3148/3755/1 3149/3753/1
f 3153/3756/1 3152/3752/1 3147/3750/1 3148/3755/1
f 3134/3744/16 3135/3437/16 3140/3562/16 3139/3757/16
f 3135/3437/16 2906/3438/16 2962/3494/16 3140/3562/16
f 3131/3449/16 3132/3742/16 3137/3758/16 3136/3448/16
f 3132/3742/16 3133/3746/16 3138/3759/16 3137/3758/16
f 3133/3746/16 3134/3744/16 3139/3757/16 3138/3759/16
f 3144/3761/1 3145/3760/1 3150/3444/1 3149/3753/1
f 3145/3760/1 2923/3532/1 2961/3443/1 3150/3444/1
f 3141/3560/1 3142/3762/1 3147/3750/1 3146/3559/1
f 3142/3762/1 3143/3763/1 3148/3755/1 3147/3750/1
f 3143/3763/1 3144/3761/1 3149/3753/1 3148/3755/1
f 3142/3765/16 3141/3764/16 3136/3448/16 3137/3758/16
f 3141/3764/16 2922/3569/16 2955/3447/16 3136/3448/16
f 3145/3563/16 3144/3766/16 3139/3757/16 3140/3562/16
f 3144/3766/16 3143/3767/16 3138/3759/16 3139/3757/16
f 3143/3767/16 3142/3765/16 3137/3758/16 3138/3759/16
f 3214/3768/5 3215/3567/5 3220/3412/5 3219/3731/5
f 3215/3567/5 2909/3554/5 2947/3411/5 3220/3412/5
f 3211/3565/5 3212/3769/5 3217/3728/5 3216/3564/5
f 3212/3769/5 3213/3770/5 3218/3733/5 3217/3728/5
f 3213/3770/5 3214/3768/5 3219/3731/5 3218/3733/5
f 3212/3769/45 3211/3565/45 3206/3408/45 3207/3724/45
f 3211/3565/45 2910/3550/45 2964/3407/45 3206/3408/45
f 3215/3567/45 3214/3768/45 3209/3722/45 3210/3566/45
f 3214/3768/45 3213/3770/45 3208/3726/45 3209/3722/45
f 3213/3770/45 3212/3769/45 3207/3724/45 3208/3726/45
f 3194/3771/45 3195/3621/45 3200/3420/45 3199/3739/45
f 3195/3621/45 2912/3576/45 2960/3419/45 3200/3420/45
f 3191/3619/45 3192/3772/45 3197/3738/45 3196/3618/45
f 3192/3772/45 3193/3773/45 3198/3740/45 3197/3738/45
f 3193/3773/45 3194/3771/45 3199/3739/45 3198/3740/45
f 3192/3775/1 3191/3774/1 3186/3416/1 3187/3736/1
f 3191/3774/1 2913/3572/1 2956/3415/1 3186/3416/1
f 3195/3621/1 3194/3776/1 3189/3735/1 3190/3620/1
f 3194/3776/1 3193/3777/1 3188/3737/1 3189/3735/1
f 3193/3777/1 3192/3775/1 3187/3736/1 3188/3737/1
f 3124/3778/16 3125/3625/16 3130/3436/16 3129/3743/16
f 3125/3625/16 2920/3556/16 2949/3435/16 3130/3436/16
f 3121/3623/16 3122/3779/16 3127/3741/16 3126/3622/16
f 3122/3779/16 3123/3780/16 3128/3745/16 3127/3741/16
f 3123/3780/16 3124/3778/16 3129/3743/16 3128/3745/16
f 3122/3779/5 3121/3623/5 3116/3440/5 3117/3748/5
f 3121/3623/5 2919/3544/5 2938/3439/5 3116/3440/5
f 3125/3625/5 3124/3778/5 3119/3747/5 3120/3624/5
f 3124/3778/5 3123/3780/5 3118/3749/5 3119/3747/5
f 3123/3780/5 3122/3779/5 3117/3748/5 3118/3749/5
f 3232/3784/5 3231/3783/5 3226/3782/5 3227/3781/5
f 3231/3783/5 3022/3664/5 3021/3453/5 3226/3782/5
f 3235/3628/5 3234/3786/5 3229/3785/5 3230/3627/5
f 3234/3786/5 3233/3788/5 3228/3787/5 3229/3785/5
f 3233/3788/5 3232/3784/5 3227/3781/5 3228/3787/5
f 3227/3781/5 3226/3782/5 3221/3729/5 3222/3730/5
f 3226/3782/5 3021/3453/5 2900/3454/5 3221/3729/5
f 3230/3627/5 3229/3785/5 3224/3732/5 3225/3413/5
f 3229/3785/5 3228/3787/5 3223/3734/5 3224/3732/5
f 3228/3787/5 3227/3781/5 3222/3730/5 3223/3734/5
f 3107/3708/5 3106/3709/5 3241/3790/5 3242/3789/5
f 3106/3709/5 3025/3661/5 3024/3662/5 3241/3790/5
f 3110/3400/5 3109/3711/5 3244/3791/5 3245/3631/5
f 3109/3711/5 3108/3713/5 3243/3792/5 3244/3791/5
f 3108/3713/5 3107/3708/5 3242/3789/5 3243/3792/5
f 3242/3789/5 3241/3790/5 3236/3794/5 3237/3793/5
f 3241/3790/5 3024/3662/5 3023/3666/5 3236/3794/5
f 3245/3631/5 3244/3791/5 3239/3795/5 3240/3633/5
f 3244/3791/5 3243/3792/5 3238/3796/5 3239/3795/5
f 3243/3792/5 3242/3789/5 3237/3793/5 3238/3796/5
f 3237/3793/5 3236/3794/5 3231/3783/5 3232/3784/5
f 3236/3794/5 3023/3666/5 3022/3664/5 3231/3783/5
f 3240/3633/5 3239/3795/5 3234/3786/5 3235/3628/5
f 3239/3795/5 3238/3796/5 3233/3788/5 3234/3786/5
f 3238/3796/5 3237/3793/5 3232/3784/5 3233/3788/5
f 3162/3800/1 3161/3799/1 3156/3798/1 3157/3797/1
f 3161/3799/1 3064/3681/1 3065/3465/1 3156/3798/1
f 3165/3636/1 3164/3802/1 3159/3801/1 3160/3635/1
f 3164/3802/1 3163/3804/1 3158/3803/1 3159/3801/1
f 3163/3804/1 3162/3800/1 3157/3797/1 3158/3803/1
f 3157/3797/1 3156/3798/1 3151/3751/1 3152/3752/1
f 3156/3798/1 3065/3465/1 2892/3466/1 3151/3751/1
f 3160/3635/1 3159/3801/1 3154/3754/1 3155/3445/1
f 3159/3801/1 3158/3803/1 3153/3756/1 3154/3754/1
f 3158/3803/1 3157/3797/1 3152/3752/1 3153/3756/1
f 3177/3715/1 3176/3716/1 3171/3806/1 3172/3805/1
f 3176/3716/1 3061/3678/1 3062/3679/1 3171/3806/1
f 3180/3404/1 3179/3718/1 3174/3807/1 3175/3639/1
f 3179/3718/1 3178/3720/1 3173/3808/1 3174/3807/1
f 3178/3720/1 3177/3715/1 3172/3805/1 3173/3808/1
f 3172/3805/1 3171/3806/1 3166/3810/1 3167/3809/1
f 3171/3806/1 3062/3679/1 3063/3683/1 3166/3810/1
f 3175/3639/1 3174/3807/1 3169/3811/1 3170/3641/1
f 3174/3807/1 3173/3808/1 3168/3812/1 3169/3811/1
f 3173/3808/1 3172/3805/1 3167/3809/1 3168/3812/1
f 3167/3809/1 3166/3810/1 3161/3799/1 3162/3800/1
f 3166/3810/1 3063/3683/1 3064/3681/1 3161/3799/1
f 3170/3641/1 3169/3811/1 3164/3802/1 3165/3636/1
f 3169/3811/1 3168/3812/1 3163/3804/1 3164/3802/1
f 3168/3812/1 3167/3809/1 3162/3800/1 3163/3804/1

v -100 101.5 99.90000152587891
v -100 311.5 99.90000152587891
v 100 101.5 99.90000152587891
v 100 311.5 99.90000152587891
v -97 311.5 96.90000152587891
v -97 101.5 96.90000152587891
v 97 311.5 96.90000152587891
v 97 101.5 96.90000152587891
v 98.5 101.5 99.90000152587891
v -98.5 101.5 99.90000152587891
v 98.5 311.5 99.90000152587891
v -98.5 311.5 99.90000152587891
v 98.5 103 99.90000152587891
v 98.5 310 99.90000152587891
v -98.5 310 99.90000152587891
v -98.5 103 99.90000152587891
v -96.37867736816406 101.5 98.40000152587891
v 96.37867736816406 101.5 98.40000152587891
v 96.37867736816406 311.5 98.40000152587891
v -96.37867736816406 311.5 98.40000152587891
v 100 310 99.90000152587891
v 100 103 99.90000152587891
v -100 310 99.90000152587891
v -100 103 99.90000152587891
v -95.5 103 96.90000152587891
v -95.5 310 96.90000152587891
v 95.5 310 96.90000152587891
v 95.5 103 96.90000152587891
v -97 103 96.90000152587891
v -97 310 96.90000152587891
v 95.5 311.5 96.90000152587891
v -95.5 311.5 96.90000152587891
v 97 103 96.90000152587891
v 97 310 96.90000152587891
v 95.5 101.5 96.90000152587891
v -95.5 101.5 96.90000152587891
v 98.5 103 98.40000152587891
v 98.5 310 98.40000152587891
v 98.5 311.5 98.40000152587891
v 98.5 101.5 98.40000152587891
v -98.5 103 98.40000152587891
v -98.5 310 98.40000152587891
v -98.5 311.5 98.40000152587891
v -98.5 101.5 98.40000152587891
v -99.75 101.75 99.90000152587891
v -99.75 103 99.90000152587891
v -99.82322692871094 101.75 99.72322082519531
v -98.5 101.75 98.40000152587891
v -98.14644622802734 101.5 99.65000152587891
v -99.39644622802734 101.5 99.65000152587891
v -99.82322692871094 311.25 99.72322082519531
v -99.82322692871094 310 99.72322082519531
v -99.75 311.25 99.90000152587891
v -98.5 311.25 99.90000152587891
v -98.14644622802734 311.5 98.40000152587891
v -99.39644622802734 311.5 99.65000152587891
v 99.82322692871094 101.75 99.72322082519531
v 99.82322692871094 103 99.72322082519531
v 99.75 101.75 99.90000152587891
v 98.5 101.75 99.90000152587891
v 98.14644622802734 101.5 98.40000152587891
v 99.39644622802734 101.5 99.65000152587891
v 99.75 311.25 99.90000152587891
v 99.75 310 99.90000152587891
v 98.14644622802734 311.5 99.65000152587891
v 99.39644622802734 311.5 99.65000152587891
v 99.82322692871094 311.25 99.72322082519531
v 98.5 311.25 98.40000152587891
v -96.75 311.25 96.90000152587891
v -96.75 310 96.90000152587891
v -96.89644622802734 311.5 97.15000152587891
v -95.64644622802734 311.5 97.15000152587891
v -97.17677307128906 311.25 97.07677459716797
v -98.5 311.25 98.40000152587891
v -97.17677307128906 101.75 97.07677459716797
v -97.17677307128906 103 97.07677459716797
v -96.75 101.75 96.90000152587891
v -95.5 101.75 96.90000152587891
v -96.89644622802734 101.5 97.15000152587891
v -98.14644622802734 101.5 98.40000152587891
v 97.17677307128906 311.25 97.07677459716797
v 97.17677307128906 310 97.07677459716797
v 96.75 311.25 96.90000152587891
v 95.5 311.25 96.90000152587891
v 96.89644622802734 311.5 97.15000152587891
v 98.14644622802734 311.5 98.40000152587891
v 96.75 101.75 96.90000152587891
v 96.75 103 96.90000152587891
v 96.89644622802734 101.5 97.15000152587891
v 95.64644622802734 101.5 97.15000152587891
v 97.17677307128906 101.75 97.07677459716797
v 98.5 101.75 98.40000152587891
v 98.14644622802734 101.5 99.65000152587891
v -98.5 101.75 99.90000152587891
v 98.5 311.25 99.90000152587891
v -98.14644622802734 311.5 99.65000152587891
v 99.75 103 99.90000152587891
v 99.82322692871094 310 99.72322082519531
v -99.82322692871094 103 99.72322082519531
v -99.75 310 99.90000152587891
v -96.75 103 96.90000152587891
v -97.17677307128906 310 97.07677459716797
v 95.64644622802734 311.5 97.15000152587891
v -95.5 311.25 96.90000152587891
v 97.17677307128906 103 97.07677459716797
v 96.75 310 96.90000152587891
v 95.5 101.75 96.90000152587891
v -95.64644622802734 101.5 97.15000152587891
v -99.82322692871094 101.5 99.72322082519531
v -99.75 101.5 99.90000152587891
v -97.17677307128906 101.5 97.07677459716797
v -96.75 101.5 96.90000152587891
v -100 101.75 99.90000152587891
v 97 101.75 96.90000152587891
v 97.17677307128906 101.5 97.07677459716797
v 99.75 101.5 99.90000152587891
v 99.82322692871094 101.5 99.72322082519531
v 97.17677307128906 311.5 97.07677459716797
v 96.75 311.5 96.90000152587891
v 100 311.25 99.90000152587891
v 99.82322692871094 311.5 99.72322082519531
v -97 311.25 96.90000152587891
v -97.17677307128906 311.5 97.07677459716797
v -99.75 311.5 99.90000152587891
v -99.82322692871094 311.5 99.72322082519531
v 96.75 101.5 96.90000152587891
v 99.75 311.5 99.90000152587891
v -100 311.25 99.90000152587891
v -96.75 311.5 96.90000152587891
v 100 101.75 99.90000152587891
v -97 101.75 96.90000152587891
v 97 311.25 96.90000152587891
v -63.66666793823242 310 96.90000152587891
v -31.83333396911621 310 96.90000152587891
v 0 310 96.90000152587891
v 31.83333396911621 310 96.90000152587891
v 63.66666793823242 310 96.90000152587891
v -63.66666793823242 103 96.90000152587891
v -31.83333396911621 103 96.90000152587891
v 0 103 96.90000152587891
v 31.83333396911621 103 96.90000152587891
v 63.66666793823242 103 96.90000152587891
v -63.66666793823242 101.75 96.90000152587891
v -31.83333396911621 101.75 96.90000152587891
v 0 101.75 96.90000152587891
v 31.83333396911621 101.75 96.90000152587891
v 63.66666793823242 101.75 96.90000152587891
v -63.66666793823242 101.5 96.90000152587891
v -31.83333396911621 101.5 96.90000152587891
v 0 101.5 96.90000152587891
v 31.83333396911621 101.5 96.90000152587891
v 63.66666793823242 101.5 96.90000152587891
v -63.76429748535156 101.5 97.15000152587891
v -31.88214874267578 101.5 97.15000152587891
v 0 101.5 97.15000152587891
v 31.88214874267578 101.5 97.15000152587891
v 63.76429748535156 101.5 97.15000152587891
v -64.25245666503906 101.5 98.40000152587891
v -32.12622833251953 101.5 98.40000152587891
v 0 101.5 98.40000152587891
v 32.12622833251953 101.5 98.40000152587891
v 64.25245666503906 101.5 98.40000152587891
v -65.43096160888672 101.5 99.65000152587891
v -32.71548080444336 101.5 99.65000152587891
v 0 101.5 99.65000152587891
v 32.71548080444336 101.5 99.65000152587891
v 65.43096160888672 101.5 99.65000152587891
v -65.66666412353516 101.5 99.90000152587891
v -32.83333206176758 101.5 99.90000152587891
v 0 101.5 99.90000152587891
v 32.83333206176758 101.5 99.90000152587891
v 65.66666412353516 101.5 99.90000152587891
v -65.66666412353516 101.75 99.90000152587891
v -32.83333206176758 101.75 99.90000152587891
v 0 101.75 99.90000152587891
v 32.83333206176758 101.75 99.90000152587891
v 65.66666412353516 101.75 99.90000152587891
v -65.66666412353516 103 99.90000152587891
v -32.83333206176758 103 99.90000152587891
v 0 103 99.90000152587891
v 32.83333206176758 103 99.90000152587891
v 65.66666412353516 103 99.90000152587891
v -65.66666412353516 310 99.90000152587891
v -32.83333206176758 310 99.90000152587891
v 0 310 99.90000152587891
v 32.83333206176758 310 99.90000152587891
v 65.66666412353516 310 99.90000152587891
v -65.66666412353516 311.25 99.90000152587891
v -32.83333206176758 311.25 99.90000152587891
v 0 311.25 99.90000152587891
v 32.83333206176758 311.25 99.90000152587891
v 65.66666412353516 311.25 99.90000152587891
v -65.66666412353516 311.5 99.90000152587891
v -32.83333206176758 311.5 99.90000152587891
v 0 311.5 99.90000152587891
v 32.83333206176758 311.5 99.90000152587891
v 65.66666412353516 311.5 99.90000152587891
v -65.43096160888672 311.5 99.65000152587891
v -32.71548080444336 311.5 99.65000152587891
v 0 311.5 99.65000152587891
v 32.71548080444336 311.5 99.65000152587891
v 65.43096160888672 311.5 99.65000152587891
v -64.25245666503906 311.5 98.40000152587891
v -32.12622833251953 311.5 98.40000152587891
v 0 311.5 98.40000152587891
v 32.12622833251953 311.5 98.40000152587891
v 64.25245666503906 311.5 98.40000152587891
v -63.76429748535156 311.5 97.15000152587891
v -31.88214874267578 311.5 97.15000152587891
v 0 311.5 97.15000152587891
v 31.88214874267578 311.5 97.15000152587891
v 63.76429748535156 311.5 97.15000152587891
v -63.66666793823242 311.5 96.90000152587891
v -31.83333396911621 311.5 96.90000152587891
v 0 311.5 96.90000152587891
v 31.83333396911621 311.5 96.90000152587891
v 63.66666793823242 311.5 96.90000152587891
v -63.66666793823242 311.25 96.90000152587891
v -31.83333396911621 311.25 96.90000152587891
v 0 311.25 96.90000152587891
v 31.83333396911621 311.25 96.90000152587891
v 63.66666793823242 311.25 96.90000152587891
v 63.66666793823242 137.5 96.90000152587891
v 63.66666793823242 172 96.90000152587891
v 63.66666793823242 206.5 96.90000152587891
v 63.66666793823242 241 96.90000152587891
v 63.66666793823242 275.5 96.90000152587891
v 95.5 137.5 96.90000152587891
v 95.5 172 96.90000152587891
v 95.5 206.5 96.90000152587891
v 95.5 241 96.90000152587891
v 95.5 275.5 96.90000152587891
v 96.75 137.5 96.90000152587891
v 96.75 172 96.90000152587891
v 96.75 206.5 96.90000152587891
v 96.75 241 96.90000152587891
v 96.75 275.5 96.90000152587891
v 97 137.5 96.90000152587891
v 97 172 96.90000152587891
v 97 206.5 96.90000152587891
v 97 241 96.90000152587891
v 97 275.5 96.90000152587891
v 97.17677307128906 137.5 97.07677459716797
v 97.17677307128906 172 97.07677459716797
v 97.17677307128906 206.5 97.07677459716797
v 97.17677307128906 241 97.07677459716797
v 97.17677307128906 275.5 97.07677459716797
v 98.5 137.5 98.40000152587891
v 98.5 172 98.40000152587891
v 98.5 206.5 98.40000152587891
v 98.5 241 98.40000152587891
v 98.5 275.5 98.40000152587891
v 99.82322692871094 137.5 99.72322082519531
v 99.82322692871094 172 99.72322082519531
v 99.82322692871094 206.5 99.72322082519531
v 99.82322692871094 241 99.72322082519531
v 99.82322692871094 275.5 99.72322082519531
v 100 137.5 99.90000152587891
v 100 172 99.90000152587891
v 100 206.5 99.90000152587891
v 100 241 99.90000152587891
v 100 275.5 99.90000152587891
v 99.75 137.5 99.90000152587891
v 99.75 172 99.90000152587891
v 99.75 206.5 99.90000152587891
v 99.75 241 99.90000152587891
v 99.75 275.5 99.90000152587891
v 98.5 137.5 99.90000152587891
v 98.5 172 99.90000152587891
v 98.5 206.5 99.90000152587891
v 98.5 241 99.90000152587891
v 98.5 275.5 99.90000152587891
v 65.66666412353516 137.5 99.90000152587891
v 65.66666412353516 172 99.90000152587891
v 65.66666412353516 206.5 99.90000152587891
v 65.66666412353516 241 99.90000152587891
v 65.66666412353516 275.5 99.90000152587891
v 32.83333206176758 137.5 99.90000152587891
v 32.83333206176758 172 99.90000152587891
v 32.83333206176758 206.5 99.90000152587891
v 32.83333206176758 241 99.90000152587891
v 32.83333206176758 275.5 99.90000152587891
v 0 137.5 99.90000152587891
v 0 172 99.90000152587891
v 0 206.5 99.90000152587891
v 0 241 99.90000152587891
v 0 275.5 99.90000152587891
v -32.83333206176758 137.5 99.90000152587891
v -32.83333206176758 172 99.90000152587891
v -32.83333206176758 206.5 99.90000152587891
v -32.83333206176758 241 99.90000152587891
v -32.83333206176758 275.5 99.90000152587891
v -65.66666412353516 137.5 99.90000152587891
v -65.66666412353516 172 99.90000152587891
v -65.66666412353516 206.5 99.90000152587891
v -65.66666412353516 241 99.90000152587891
v -65.66666412353516 275.5 99.90000152587891
v -98.5 137.5 99.90000152587891
v -98.5 172 99.90000152587891
v -98.5 206.5 99.90000152587891
v -98.5 241 99.90000152587891
v -98.5 275.5 99.90000152587891
v -99.75 137.5 99.90000152587891
v -99.75 172 99.90000152587891
v -99.75 206.5 99.90000152587891
v -99.75 241 99.90000152587891
v -99.75 275.5 99.90000152587891
v -100 137.5 99.90000152587891
v -100 172 99.90000152587891
v -100 206.5 99.90000152587891
v -100 241 99.90000152587891
v -100 275.5 99.90000152587891
v -99.82322692871094 137.5 99.72322082519531
v -99.82322692871094 172 99.72322082519531
v -99.82322692871094 206.5 99.72322082519531
v -99.82322692871094 241 99.72322082519531
v -99.82322692871094 275.5 99.72322082519531
v -98.5 137.5 98.40000152587891
v -98.5 172 98.40000152587891
v -98.5 206.5 98.40000152587891
v -98.5 241 98.40000152587891
v -98.5 275.5 98.40000152587891
v -97.17677307128906 137.5 97.07677459716797
v -97.17677307128906 172 97.07677459716797
v -97.17677307128906 206.5 97.07677459716797
v -97.17677307128906 241 97.07677459716797
v -97.17677307128906 275.5 97.07677459716797
v -97 137.5 96.90000152587891
v -97 172 96.90000152587891
v -97 206.5 96.90000152587891
v -97 241 96.90000152587891
v -97 275.5 96.90000152587891
v -96.75 137.5 96.90000152587891
v -96.75 172 96.90000152587891
v -96.75 206.5 96.90000152587891
v -96.75 241 96.90000152587891
v -96.75 275.5 96.90000152587891
v -95.5 137.5 96.90000152587891
v -95.5 172 96.90000152587891
v -95.5 206.5 96.90000152587891
v -95.5 241 96.90000152587891
v -95.5 275.5 96.90000152587891
v -63.66666793823242 137.5 96.90000152587891
v -63.66666793823242 172 96.90000152587891
v -63.66666793823242 206.5 96.90000152587891
v -63.66666793823242 241 96.90000152587891
v -63.66666793823242 275.5 96.90000152587891
v -31.83333396911621 137.5 96.90000152587891
v -31.83333396911621 172 96.90000152587891
v -31.83333396911621 206.5 96.90000152587891
v -31.83333396911621 241 96.90000152587891
v -31.83333396911621 275.5 96.90000152587891
v 0 137.5 96.90000152587891
v 0 172 96.90000152587891
v 0 206.5 96.90000152587891
v 0 241 96.90000152587891
v 0 275.5 96.90000152587891
v 31.83333396911621 137.5 96.90000152587891
v 31.83333396911621 172 96.90000152587891
v 31.83333396911621 206.5 96.90000152587891
v 31.83333396911621 241 96.90000152587891
v 31.83333396911621 275.5 96.90000152587891
v 99.82322692871094 120.25 99.72322082519531
v 98.5 120.25 98.40000152587891
v 97.17677307128906 120.25 97.07677459716797
v 97 120.25 96.90000152587891
v 96.75 120.25 96.90000152587891
v 95.5 120.25 96.90000152587891
v 63.66666793823242 120.25 96.90000152587891
v 31.83333396911621 120.25 96.90000152587891
v 0 120.25 96.90000152587891
v -31.83333396911621 120.25 96.90000152587891
v -63.66666793823242 120.25 96.90000152587891
v -95.5 120.25 96.90000152587891
v -96.75 120.25 96.90000152587891
v -97 120.25 96.90000152587891
v -97.17677307128906 120.25 97.07677459716797
v -98.5 120.25 98.40000152587891
v -99.82322692871094 120.25 99.72322082519531
v -100 120.25 99.90000152587891
v -99.75 120.25 99.90000152587891
v -98.5 120.25 99.90000152587891
v -65.66666412353516 120.25 99.90000152587891
v -32.83333206176758 120.25 99.90000152587891
v 0 120.25 99.90000152587891
v 32.83333206176758 120.25 99.90000152587891
v 65.66666412353516 120.25 99.90000152587891
v 98.5 120.25 99.90000152587891
v 99.75 120.25 99.90000152587891
v 100 120.25 99.90000152587891
v -15.91666698455811 275.5 96.90000152587891
v -15.91666698455811 310 96.90000152587891
v -15.91666698455811 311.25 96.90000152587891
v -15.91666698455811 311.5 96.90000152587891
v -15.94107437133789 311.5 97.15000152587891
v -16.06311416625977 311.5 98.40000152587891
v -16.35774040222168 311.5 99.65000152587891
v -16.41666603088379 311.5 99.90000152587891
v -16.41666603088379 311.25 99.90000152587891
v -16.41666603088379 310 99.90000152587891
v -16.41666603088379 275.5 99.90000152587891
v -16.41666603088379 241 99.90000152587891
v -16.41666603088379 206.5 99.90000152587891
v -16.41666603088379 172 99.90000152587891
v -16.41666603088379 137.5 99.90000152587891
v -16.41666603088379 120.25 99.90000152587891
v -16.41666603088379 103 99.90000152587891
v -16.41666603088379 101.75 99.90000152587891
v -16.41666603088379 101.5 99.90000152587891
v -16.35774040222168 101.5 99.65000152587891
v -16.06311416625977 101.5 98.40000152587891
v -15.94107437133789 101.5 97.15000152587891
v -15.91666698455811 101.5 96.90000152587891
v -15.91666698455811 101.75 96.90000152587891
v -15.91666698455811 103 96.90000152587891
v -15.91666698455811 120.25 96.90000152587891
v -15.91666698455811 137.5 96.90000152587891
v -15.91666698455811 172 96.90000152587891
v -15.91666698455811 206.5 96.90000152587891
v -15.91666698455811 241 96.90000152587891
v 15.91666698455811 275.5 96.90000152587891
v 15.91666698455811 310 96.90000152587891
v 15.91666698455811 311.25 96.90000152587891
v 15.91666698455811 311.5 96.90000152587891
v 15.94107437133789 311.5 97.15000152587891
v 16.06311416625977 311.5 98.40000152587891
v 16.35774040222168 311.5 99.65000152587891
v 16.41666603088379 311.5 99.90000152587891
v 16.41666603088379 311.25 99.90000152587891
v 16.41666603088379 310 99.90000152587891
v 16.41666603088379 275.5 99.90000152587891
v 16.41666603088379 241 99.90000152587891
v 16.41666603088379 206.5 99.90000152587891
v 16.41666603088379 172 99.90000152587891
v 16.41666603088379 137.5 99.90000152587891
v 16.41666603088379 120.25 99.90000152587891
v 16.41666603088379 103 99.90000152587891
v 16.41666603088379 101.75 99.90000152587891
v 16.41666603088379 101.5 99.90000152587891
v 16.35774040222168 101.5 99.65000152587891
v 16.06311416625977 101.5 98.40000152587891
v 15.94107437133789 101.5 97.15000152587891
v 15.91666698455811 101.5 96.90000152587891
v 15.91666698455811 101.75 96.90000152587891
v 15.91666698455811 103 96.90000152587891
v 15.91666698455811 120.25 96.90000152587891
v 15.91666698455811 137.5 96.90000152587891
v 15.91666698455811 172 96.90000152587891
v 15.91666698455811 206.5 96.90000152587891
v 15.91666698455811 241 96.90000152587891
# 450 vertices

vn 0.70710474252701 0 -0.70710879564285
vn 0.70710569620132 0 -0.70710784196854
vn 0.70710575580597 0 -0.70710778236389
vn -0.70710676908493 0 -0.70710676908493
vn -0.70710575580597 0 -0.70710778236389
vn -0.70710575580597 0 -0.70710784196854
vn -0.70710474252701 0 -0.70710879564285
vn -0.70710474252701 0 -0.70710879564285
vn -0.70710575580597 0 -0.70710778236389
vn 0.70710676908493 0 -0.70710676908493
vn 0.70710575580597 0 -0.70710778236389
vn 0.70710474252701 0 -0.70710879564285
vn 0.70712202787399 0 -0.70709151029587
vn 0.70712202787399 0 -0.70709151029587
vn -0.7071133852005 0 -0.70710015296936
vn -0.70711630582809 0 -0.70709729194641
vn -0.70710676908493 0 -0.70710676908493
vn -0.70712202787399 0 -0.70709151029587
vn 0.70710676908493 0 -0.70710676908493
vn 0.70710575580597 0 -0.70710784196854
vn 0.7071133852005 0 -0.70710015296936
vn 0.70711624622345 0 -0.70709735155106
vn 0.70711630582809 0 -0.70709729194641
vn -0.70711624622345 0 -0.70709735155106
vn -0.70712202787399 0 -0.70709151029587
vn -0.70710569620132 0 -0.70710784196854
# 26 normals

vt 0.08278352022171 0.98797708749771 0
vt 0.08288025856018 0.90230077505112 0
vt 0.00382792949677 0.90220975875854 0
vt 0.00372934341431 0.98788660764694 0
vt 0.99008065462112 0.47480428218842 0
vt 0.99003964662552 0.51764285564423 0
vt 0.99468678236008 0.51764738559723 0
vt 0.99472814798355 0.47480857372284 0
vt 0.57759034633636 0.98847198486328 0
vt 0.57767069339752 0.90279746055603 0
vt 0.49613618850708 0.9027207493782 0
vt 0.49605482816696 0.98839443922043 0
vt 0.48290693759918 0.47438657283783 0
vt 0.48286324739456 0.51720350980759 0
vt 0.48750883340836 0.51720803976059 0
vt 0.48754894733429 0.47438943386078 0
vt 0.4974137544632 0.4700471162796 0
vt 0.50180447101593 0.46694672107697 0
vt 0.49741554260254 0.46694386005402 0
vt 0.49431043863297 0.47004592418671 0
vt 0.47856962680817 0.47438955307007 0
vt 0.47852522134781 0.51722013950348 0
vt 0.48162895441055 0.5172233581543 0
vt 0.48167324066162 0.47439289093018 0
vt 0.47805696725845 0.9883913397789 0
vt 0.3990051150322 0.98831284046173 0
vt 0.39900207519531 0.99141705036163 0
vt 0.47805392742157 0.9914955496788 0
vt 0.97999429702759 0.99627375602722 0
vt 0.90021777153015 0.99620515108109 0
vt 0.89900302886963 0.99930810928345 0
vt 0.97817355394363 0.99937653541565 0
vt 0.00072371959686 0.90220618247986 0
vt 0.00062507390976 0.98788321018219 0
vt 0.58157134056091 0.46700763702393 0
vt 0.58278584480286 0.46390473842621 0
vt 0.50362455844879 0.46384418010712 0
vt 0.00432395935059 0.47386932373047 0
vt 0.08336699008942 0.47395920753479 0
vt 0.08337050676346 0.47085523605347 0
vt 0.00432747602463 0.47076535224915 0
vt 0.50052094459534 0.46384227275848 0
vt 0.49219232797623 0.47439074516296 0
vt 0.49219185113907 0.47128844261169 0
vt 0.48754918575287 0.4712895154953 0
vt 0.99937552213669 0.47481298446655 0
vt 0.99937856197357 0.47170865535736 0
vt 0.99473112821579 0.47170400619507 0
vt 0.98486328125 0.46734988689423 0
vt 0.98047375679016 0.4673455953598 0
vt 0.98486030101776 0.47045385837555 0
vt 0.98796421289444 0.4704567193985 0
vt 0.4965341091156 0.47439014911652 0
vt 0.57805407047272 0.47445404529572 0
vt 0.57805639505386 0.47135043144226 0
vt 0.49653559923172 0.47128748893738 0
vt 0.90069162845612 0.46727228164673 0
vt 0.90361547470093 0.47037887573242 0
vt 0.98127782344818 0.99937897920609 0
vt 0.98438441753387 0.99627691507339 0
vt 0.98961120843887 0.98882818222046 0
vt 0.98961073160172 0.99193203449249 0
vt 0.99425637722015 0.99193233251572 0
vt 0.99425691366196 0.98883008956909 0
vt 0.48241502046585 0.98838192224503 0
vt 0.48241209983826 0.99148613214493 0
vt 0.48705917596817 0.991490483284 0
vt 0.48706209659576 0.98838627338409 0
vt 0.49692630767822 0.99584317207336 0
vt 0.50131523609161 0.99584704637527 0
vt 0.49692875146866 0.99273961782455 0
vt 0.49382519721985 0.99273753166199 0
vt 0.58109486103058 0.99592554569244 0
vt 0.57817125320435 0.99281847476959 0
vt 0.98526668548584 0.98882740736008 0
vt 0.90373605489731 0.98875916004181 0
vt 0.90373343229294 0.99186307191849 0
vt 0.98526477813721 0.99193125963211 0
vt 0.98573410511017 0.47480058670044 0
vt 0.98569369316101 0.51763862371445 0
vt 0.98879796266556 0.51764154434204 0
vt 0.98883867263794 0.47480344772339 0
vt 0.98176252841949 0.46424293518066 0
vt 0.97865855693817 0.46423971652985 0
vt 0.49303209781647 0.90271782875061 0
vt 0.49295079708099 0.98839169740677 0
vt 0.98438632488251 0.9931725859642 0
vt 0.9874906539917 0.99317401647568 0
vt 0.49294817447662 0.9914955496788 0
vt 0.49605190753937 0.99149817228317 0
vt 0.50002682209015 0.9989492893219 0
vt 0.5031304359436 0.99895256757736 0
vt 0.48115813732147 0.99149882793427 0
vt 0.481161236763 0.98839449882507 0
vt 0.98884135484695 0.47169899940491 0
vt 0.98573696613312 0.47169637680054 0
vt 0.48167651891708 0.47128891944885 0
vt 0.47857278585434 0.47128593921661 0
vt 0.98836898803711 0.99193233251572 0
vt 0.98837018013 0.98882877826691 0
vt 0.0012235045433 0.47076177597046 0
vt 0.00122010707855 0.47386586666107 0
vt 0.00062149763107 0.99098765850067 0
vt 0.00372588634491 0.99099099636078 0
vt 0.49343281984329 0.4712872505188 0
vt 0.49343210458755 0.47438931465149 0
vt 0.99933397769928 0.51765185594559 0
vt 0.49215430021286 0.51721251010895 0
vt 0.48291063308716 0.47128975391388 0
vt 0.99008339643478 0.47169971466064 0
vt 0.99889916181564 0.99193239212036 0
vt 0.99890148639679 0.98883259296417 0
vt 0.49170643091202 0.99149459600449 0
vt 0.49170911312103 0.98839056491852 0
vt 0.98899066448212 0.98882853984833 0
vt 0.98906451463699 0.9031628370285 0
vt 0.98844385147095 0.90316224098206 0
vt 0.98945963382721 0.47480380535126 0
vt 0.98941880464554 0.51764219999313 0
vt 0.48228710889816 0.47438561916351 0
vt 0.48224264383316 0.51720285415649 0
vt 0.48178207874298 0.98839515447617 0
vt 0.48186671733856 0.90272080898285 0
vt 0.48124593496323 0.9027202129364 0
vt 0.49219143390656 0.47066795825958 0
vt 0.48754894733429 0.47066962718964 0
vt 0.49653774499893 0.46694338321686 0
vt 0.49325078725815 0.47022783756256 0
vt 0.493432700634 0.47066676616669 0
vt 0.49653577804565 0.47066700458527 0
vt 0.00372517108917 0.99161183834076 0
vt 0.08277928829193 0.99170219898224 0
vt 0.08278000354767 0.99108129739761 0
vt 0.50349342823029 0.99957370758057 0
vt 0.58254599571228 0.99965196847916 0
vt 0.58230412006378 0.99903094768524 0
vt 0.00059932470322 0.47386527061462 0
vt 0.00055068731308 0.51669728755951 0
vt 0.00117146968842 0.51669800281525 0
vt 0.99952173233032 0.98883318901062 0
vt 0.99959921836853 0.90317231416702 0
vt 0.99897843599319 0.90317171812058 0
vt 0.97829556465149 0.463618516922 0
vt 0.89924037456512 0.46354591846466 0
vt 0.89948225021362 0.46416687965393 0
vt 0.47857338190079 0.47066521644592 0
vt 0.39953392744064 0.470583319664 0
vt 0.39953327178955 0.47120416164398 0
vt 0.49982500076294 0.46366012096405 0
vt 0.48291039466858 0.4706723690033 0
vt 0.48167711496353 0.47066819667816 0
vt 0.50398862361908 0.463223695755 0
vt 0.50088489055634 0.46322178840637 0
vt 0.49281227588654 0.47128772735596 0
vt 0.49281221628189 0.47439002990723 0
vt 0.00060278177261 0.47076117992401 0
vt 0.99999642372131 0.474813580513 0
vt 0.9999994635582 0.47170925140381 0
vt 0.99937915802002 0.47108769416809 0
vt 0.99473172426224 0.47108316421509 0
vt 0.98574113845825 0.46735084056854 0
vt 0.98245888948441 0.46406173706055 0
vt 0.98884177207947 0.47107815742493 0
vt 0.98573750257492 0.47107553482056 0
vt 0.98902380466461 0.4706392288208 0
vt 0.99008393287659 0.47107875347137 0
vt 0.90420031547546 0.47100007534027 0
vt 0.90419977903366 0.47162067890167 0
vt 0.57805693149567 0.47072970867157 0
vt 0.57864272594452 0.47010934352875 0
vt 0.98197388648987 0.9995613694191 0
vt 0.98526251316071 0.99627751111984 0
vt 0.99425649642944 0.99255281686783 0
vt 0.9988996386528 0.99255120754242 0
vt 0.00062084197998 0.99160850048065 0
vt 0.97780936956406 0.99999701976776 0
vt 0.9809136390686 0.99999952316284 0
vt 0.98898988962173 0.99193221330643 0
vt 0.989610850811 0.99255287647247 0
vt 0.98855078220367 0.99299240112305 0
vt 0.4817790389061 0.99149942398071 0
vt 0.48179417848587 0.98838138580322 0
vt 0.48179125785828 0.99148553609848 0
vt 0.48241150379181 0.99210697412491 0
vt 0.48705863952637 0.99211132526398 0
vt 0.49604856967926 0.99584239721298 0
vt 0.49933058023453 0.99913048744202 0
vt 0.49294769763947 0.99211627244949 0
vt 0.49605137109756 0.99211865663528 0
vt 0.49276566505432 0.99255508184433 0
vt 0.4917060136795 0.99211543798447 0
vt 0.98526453971863 0.99255222082138 0
vt 0.90373283624649 0.99248373508453 0
vt 0.90314698219299 0.99310380220413 0
vt 0.57758665084839 0.99219703674316 0
vt 0.57758730649948 0.99157619476318 0
vt 0.98139959573746 0.4636218547821 0
vt 0.00432819128036 0.47014462947845 0
vt 0.00122421979904 0.47014105319977 0
vt 0.49232989549637 0.98839116096497 0
vt 0.49241119623184 0.90271729230881 0
vt 0.49179041385651 0.90271669626236 0
vt 0.49277466535568 0.51721316576004 0
vt 0.4933950304985 0.51721388101578 0
vt 0.98836886882782 0.9925531744957 0
vt 0.49232733249664 0.99149507284164 0
vt 0.50038981437683 0.9995704293251 0
vt 0.47805333137512 0.99211639165878 0
vt 0.48115748167038 0.99211966991425 0
vt 0.98946243524551 0.47169923782349 0
vt 0.48229348659515 0.4712895154953 0
vt 0.48229402303696 0.47439348697662 0
vt 0.48229730129242 0.4712895154953 0
vt 0.99951791763306 0.99193221330643 0
vt 0.00000411272049 0.98788249492645 0
vt 0.00000065565109 0.99098700284958 0
vt 0.49281185865402 0.47066712379456 0
vt 0.49232685565948 0.99211591482162 0
vt 0.98946279287338 0.47107827663422 0
vt 0.98899000883102 0.9925531744957 0
vt 0.481778383255 0.99212032556534 0
vt 0.49976915121078 0.99956977367401 0
vt 0.48179072141647 0.99210637807846 0
vt 0.48229515552521 0.47067499160767 0
vt 0.50026422739029 0.4632214307785 0
vt 0.48229789733887 0.47066879272461 0
vt 0.99951750040054 0.99254900217056 0
vt 0.98153448104858 1 0
vt 0 0.99160784482956 0
vt 0.00060343742371 0.47014033794403 0
vt 0.98202037811279 0.46362245082855 0
vt 1 0.47108829021454 0
vt 0.39909142255783 0.9026386141777 0
vt 0.32003974914551 0.9025582075119 0
vt 0.31995195150375 0.98823338747025 0
vt 0.47814178466797 0.90271717309952 0
vt 0.16183894872665 0.9880662560463 0
vt 0.16193413734436 0.90238958597183 0
vt 0.24098724126816 0.90247529745102 0
vt 0.20146065950394 0.90243244171143 0
vt 0.20136749744415 0.98810976743698 0
vt 0.24089604616165 0.98815208673477 0
vt 0.28051352500916 0.90251678228378 0
vt 0.28042429685593 0.98819321393967 0
vt 0.90380918979645 0.90308856964111 0
vt 0.82227617502213 0.90301787853241 0
vt 0.82220262289047 0.98869109153748 0
vt 0.98534005880356 0.90315943956375 0
vt 0.65912711620331 0.98854809999466 0
vt 0.65920585393906 0.90287280082703 0
vt 0.74074137210846 0.90294623374939 0
vt 0.69997364282608 0.90290975570679 0
vt 0.69989633560181 0.98858541250229 0
vt 0.74066555500031 0.98862171173096 0
vt 0.7815089225769 0.90298223495483 0
vt 0.78143447637558 0.98865693807602 0
vt 0.16183549165726 0.99117058515549 0
vt 0.31994885206223 0.99133759737015 0
vt 0.28042113780975 0.99129754304886 0
vt 0.20136415958405 0.99121409654617 0
vt 0.24089276790619 0.99125641584396 0
vt 0.66087627410889 0.99599975347519 0
vt 0.66147947311401 0.99910461902618 0
vt 0.82044053077698 0.99614012241364 0
vt 0.81983184814453 0.99924379587173 0
vt 0.78055012226105 0.99610662460327 0
vt 0.78024441003799 0.99921059608459 0
vt 0.74065899848938 0.99607199430466 0
vt 0.70076757669449 0.99603641033173 0
vt 0.70106780529022 0.99914103746414 0
vt 0.74065625667572 0.99917620420456 0
vt 0.82090997695923 0.46719741821289 0
vt 0.82030665874481 0.46409237384796 0
vt 0.66134321689606 0.46706783771515 0
vt 0.66195166110992 0.46396434307098 0
vt 0.70123243331909 0.4670969247818 0
vt 0.70153784751892 0.46399295330048 0
vt 0.7411242723465 0.46712791919708 0
vt 0.78101718425751 0.46716153621674 0
vt 0.78071677684784 0.46405708789825 0
vt 0.74112677574158 0.4640234708786 0
vt 0.32049089670181 0.4742237329483 0
vt 0.39953005313873 0.47430777549744 0
vt 0.32049429416656 0.47112023830414 0
vt 0.16240966320038 0.47404825687408 0
vt 0.16241312026978 0.47094428539276 0
vt 0.20193070173264 0.4740926027298 0
vt 0.20193409919739 0.47098875045776 0
vt 0.24145126342773 0.47413671016693 0
vt 0.28097134828568 0.47418057918549 0
vt 0.28097474575043 0.47107684612274 0
vt 0.24145472049713 0.47103309631348 0
vt 0.82265901565552 0.47464966773987 0
vt 0.90419691801071 0.47472476959229 0
vt 0.82266187667847 0.4715451002121 0
vt 0.65958172082901 0.47451627254486 0
vt 0.65958404541016 0.47141218185425 0
vt 0.7003487944603 0.4745466709137 0
vt 0.70035111904144 0.4714423418045 0
vt 0.74111819267273 0.47457873821259 0
vt 0.78188866376877 0.47461307048798 0
vt 0.78189140558243 0.47150862216949 0
vt 0.74112069606781 0.47147417068481 0
vt 0.65987765789032 0.47017061710358 0
vt 0.82237040996552 0.47030305862427 0
vt 0.78174614906311 0.47026669979095 0
vt 0.70049840211868 0.47020065784454 0
vt 0.74112176895142 0.47023224830627 0
vt 0.82190638780594 0.99303704500198 0
vt 0.65941572189331 0.9928942322731 0
vt 0.70003867149353 0.99293148517609 0
vt 0.78128445148468 0.99300295114517 0
vt 0.74066174030304 0.99296778440475 0
vt 0.65912425518036 0.99165236949921 0
vt 0.82220005989075 0.99179536104202 0
vt 0.78143185377121 0.99176132678986 0
vt 0.69989347457886 0.99168974161148 0
vt 0.74066281318665 0.99172604084015 0
vt 0.31994819641113 0.99195849895477 0
vt 0.39900147914886 0.99203789234161 0
vt 0.16183477640152 0.99179142713547 0
vt 0.20136344432831 0.99183493852615 0
vt 0.2408921122551 0.99187731742859 0
vt 0.28042048215866 0.99191844463348 0
vt 0.8197101354599 0.99986451864243 0
vt 0.89876002073288 0.99992871284485 0
vt 0.66160011291504 0.99972558021545 0
vt 0.70112788677216 0.99976199865341 0
vt 0.74065572023392 0.99979704618454 0
vt 0.7801833152771 0.99983143806458 0
vt 0.66207331418991 0.463343501091 0
vt 0.58302873373032 0.4632842540741 0
vt 0.82018601894379 0.46347141265869 0
vt 0.78065669536591 0.46343612670898 0
vt 0.74112725257874 0.46340262889862 0
vt 0.70159888267517 0.46337223052979 0
vt 0.16241377592087 0.47032356262207 0
vt 0.0833712220192 0.47023451328278 0
vt 0.32049494981766 0.47049951553345 0
vt 0.28097546100616 0.47045600414276 0
vt 0.24145537614822 0.4704122543335 0
vt 0.20193481445312 0.47036790847778 0
vt 0.65958452224731 0.47079122066498 0
vt 0.82266247272491 0.47092425823212 0
vt 0.78189194202423 0.47088766098022 0
vt 0.74112129211426 0.47085320949554 0
vt 0.7003515958786 0.47082138061523 0
vt 0.65912365913391 0.99227321147919 0
vt 0.82219952344894 0.99241632223129 0
vt 0.78143131732941 0.99238216876984 0
vt 0.7406622171402 0.99234694242477 0
vt 0.69989293813705 0.99231058359146 0
vt 0.08317410945892 0.64528912305832 0
vt 0.08327043056488 0.5596239566803 0
vt 0.00422674417496 0.55953407287598 0
vt 0.00412917137146 0.64519894123077 0
vt 0.0833186507225 0.51679140329361 0
vt 0.00427532196045 0.51670163869858 0
vt 0.0829786658287 0.81662654876709 0
vt 0.00392866134644 0.81653535366058 0
vt 0.08307683467865 0.73095631599426 0
vt 0.00402969121933 0.73086529970169 0
vt 0.98976141214371 0.81749445199966 0
vt 0.98968523740768 0.90316343307495 0
vt 0.99433183670044 0.90316754579544 0
vt 0.99440813064575 0.81749868392944 0
vt 0.98999851942062 0.56048023700714 0
vt 0.98991930484772 0.6461529135704 0
vt 0.99456626176834 0.64615720510483 0
vt 0.99464547634125 0.56048464775085 0
vt 0.98983991146088 0.73182451725006 0
vt 0.99448674917221 0.73182886838913 0
vt 0.57790803909302 0.64578408002853 0
vt 0.57798385620117 0.56011742353439 0
vt 0.49645918607712 0.56004565954208 0
vt 0.49637985229492 0.64570951461792 0
vt 0.57801985740662 0.51728540658951 0
vt 0.4964981675148 0.51721686124802 0
vt 0.57775050401688 0.81712448596954 0
vt 0.49621737003326 0.81704807281494 0
vt 0.57782983779907 0.73145318031311 0
vt 0.49629878997803 0.73137724399567 0
vt 0.48257768154144 0.81703519821167 0
vt 0.48249644041061 0.90270793437958 0
vt 0.48714345693588 0.90271234512329 0
vt 0.48722463846207 0.81703960895538 0
vt 0.48282170295715 0.56003266572952 0
vt 0.482741355896 0.64569669961929 0
vt 0.48738795518875 0.64570111036301 0
vt 0.48746800422668 0.56003707647324 0
vt 0.48265945911407 0.73136425018311 0
vt 0.48730635643005 0.73136872053146 0
vt 0.47822552919388 0.81704521179199 0
vt 0.4813295006752 0.81704825162888 0
vt 0.47848093509674 0.56005072593689 0
vt 0.47839373350143 0.64571261405945 0
vt 0.48149752616882 0.64571571350098 0
vt 0.48158466815948 0.56005388498306 0
vt 0.47830897569656 0.73137694597244 0
vt 0.4814128279686 0.73138004541397 0
vt 0.00112289190292 0.55953049659729 0
vt 0.00102537870407 0.64519536495209 0
vt 0.00082463026047 0.81653165817261 0
vt 0.00092577934265 0.73086166381836 0
vt 0.98541617393494 0.81749057769775 0
vt 0.98852002620697 0.81749337911606 0
vt 0.98565310239792 0.56047582626343 0
vt 0.9855734705925 0.64614897966385 0
vt 0.98867762088776 0.64615178108215 0
vt 0.98875713348389 0.56047886610031 0
vt 0.98549425601959 0.73182052373886 0
vt 0.98859828710556 0.73182338476181 0
vt 0.49335563182831 0.56004273891449 0
vt 0.49327605962753 0.64570659399033 0
vt 0.49311321973801 0.81704515218735 0
vt 0.4931948184967 0.73137432336807 0
vt 0.9990548491478 0.81750285625458 0
vt 0.99921321868896 0.6461615562439 0
vt 0.99929249286652 0.56048905849457 0
vt 0.99913370609283 0.73183310031891 0
vt 0.49187153577805 0.8170440196991 0
vt 0.49203455448151 0.64570546150208 0
vt 0.49211436510086 0.56004148721695 0
vt 0.49195319414139 0.73137313127518 0
vt 0.98929846286774 0.64615231752396 0
vt 0.98937779664993 0.56047958135605 0
vt 0.98914074897766 0.81749391555786 0
vt 0.98921912908554 0.73182398080826 0
vt 0.48195683956146 0.81703460216522 0
vt 0.48187559843063 0.90270733833313 0
vt 0.48220092058182 0.56003206968307 0
vt 0.48212051391602 0.64569610357285 0
vt 0.48203867673874 0.73136365413666 0
vt 0.48211824893951 0.64571630954742 0
vt 0.48220539093018 0.5600546002388 0
vt 0.48224967718124 0.51722395420074 0
vt 0.48195034265518 0.81704884767532 0
vt 0.48203361034393 0.73138064146042 0
vt 0.00020384788513 0.81653094291687 0
vt 0.00010287761688 0.90220546722412 0
vt 0.00050216913223 0.5595298409462 0
vt 0.00040459632874 0.64519459009171 0
vt 0.00030499696732 0.73086094856262 0
vt 0.99983406066895 0.6461620926857 0
vt 0.9999133348465 0.56048965454102 0
vt 0.9999548792839 0.51765245199203 0
vt 0.99967563152313 0.81750345230103 0
vt 0.99975448846817 0.73183369636536 0
vt 0.49265533685684 0.64570605754852 0
vt 0.49273496866226 0.56004214286804 0
vt 0.49249243736267 0.81704461574554 0
vt 0.49257397651672 0.73137372732162 0
vt 0.39935088157654 0.64563220739365 0
vt 0.3994397521019 0.55996960401535 0
vt 0.32039898633957 0.55988562107086 0
vt 0.32030773162842 0.64554935693741 0
vt 0.39948493242264 0.51713836193085 0
vt 0.3204448223114 0.51705425977707 0
vt 0.39917725324631 0.81696653366089 0
vt 0.32012832164764 0.81688559055328 0
vt 0.39926356077194 0.73129761219025 0
vt 0.32021772861481 0.73121589422226 0
vt 0.16221880912781 0.64537751674652 0
vt 0.16231381893158 0.55971217155457 0
vt 0.16236168146133 0.51688003540039 0
vt 0.16202902793884 0.81671571731567 0
vt 0.16212391853333 0.73104524612427 0
vt 0.24135684967041 0.55979955196381 0
vt 0.20183533430099 0.55975586175919 0
vt 0.20174127817154 0.64542102813721 0
vt 0.24126368761063 0.64546447992325 0
vt 0.24140387773514 0.51696789264679 0
vt 0.20188289880753 0.51692408323288 0
vt 0.24107885360718 0.81680190563202 0
vt 0.20155394077301 0.81675887107849 0
vt 0.241171002388 0.73113173246384 0
vt 0.20164746046066 0.73108851909637 0
vt 0.28087794780731 0.55984258651733 0
vt 0.28078573942184 0.64550697803497 0
vt 0.28092449903488 0.51701128482819 0
vt 0.28060364723206 0.81684374809265 0
vt 0.28069430589676 0.73117387294769 0
vt 0.90403962135315 0.64607399702072 0
vt 0.90411794185638 0.5604003071785 0
vt 0.82258206605911 0.56032633781433 0
vt 0.82250529527664 0.64600044488907 0
vt 0.90415734052658 0.517562687397 0
vt 0.8226203918457 0.51748836040497 0
vt 0.90388470888138 0.81741774082184 0
vt 0.8223517537117 0.81734538078308 0
vt 0.90396171808243 0.73174643516541 0
vt 0.82242834568024 0.73167318105698 0
vt 0.6594386100769 0.645856320858 0
vt 0.65951293706894 0.56018632650375 0
vt 0.659548163414 0.51735121011734 0
vt 0.65928411483765 0.81719923019409 0
vt 0.65936195850372 0.73152720928192 0
vt 0.74104624986649 0.56025511026382 0
vt 0.70027911663055 0.56022053956985 0
vt 0.70020473003387 0.64589220285416 0
vt 0.740971326828 0.64592808485031 0
vt 0.74108266830444 0.51741755008698 0
vt 0.70031476020813 0.51738399267197 0
vt 0.74081802368164 0.81727278232574 0
vt 0.70005106925964 0.81723618507385 0
vt 0.7408949136734 0.73160034418106 0
vt 0.70012831687927 0.73156386613846 0
vt 0.78181403875351 0.56029033660889 0
vt 0.78173822164536 0.6459641456604 0
vt 0.78185141086578 0.51745235919952 0
vt 0.78158497810364 0.81730914115906 0
vt 0.78166162967682 0.73163670301437 0
# 512 texture coordinates

o Haube.4
usemtl Glas
f 3272/3816/16 3477/3815/16 3472/3814/16 3382/3813/16
f 3282/3820/649 3609/3819/648 3608/3818/647 3303/3817/647
f 3260/3824/45 3547/3823/45 3542/3822/45 3428/3821/45
f 3286/3828/652 3623/3827/651 3622/3826/650 3321/3825/650
f 3295/3832/1 3325/3831/1 3262/3830/1 3294/3829/1
f 3346/3836/16 3620/3835/16 3619/3834/16 3270/3833/16
f 3349/3840/16 3463/3839/16 3378/3838/16 3271/3837/16
f 3348/3844/5 3457/3843/5 3452/3842/5 3264/3841/5
f 3351/3846/16 3482/3845/16 3477/3815/16 3272/3816/16
f 3353/3849/1 3398/3848/1 3403/3847/1 3262/3830/1
f 3352/3853/16 3392/3852/16 3387/3851/16 3273/3850/16
f 3353/3849/1 3262/3830/1 3325/3831/1 3324/3854/1
f 3286/3828/652 3293/3857/655 3292/3856/654 3344/3855/653
f 3282/3820/649 3337/3860/657 3336/3859/656 3350/3858/656
f 3307/3864/1 3338/3863/1 3263/3862/1 3306/3861/1
f 3339/3868/45 3418/3867/45 3423/3866/45 3261/3865/45
f 3338/3863/1 3412/3870/1 3407/3869/1 3263/3862/1
f 3348/3844/5 3264/3841/5 3331/3872/5 3330/3871/5
f 3283/3876/649 3313/3875/657 3312/3874/658 3343/3873/647
f 3287/3880/652 3319/3879/655 3318/3878/650 3347/3877/650
f 3301/3884/5 3341/3883/5 3265/3882/5 3300/3881/5
f 3341/3883/5 3443/3886/5 3448/3885/5 3265/3882/5
f 3340/3890/45 3437/3889/45 3432/3888/45 3259/3887/45
f 3342/3894/45 3634/3893/45 3633/3892/45 3258/3891/45
f 3335/3896/1 3334/3895/1 3306/3861/1 3263/3862/1
f 3345/3898/45 3552/3897/45 3547/3823/45 3260/3824/45
f 3311/3900/5 3331/3872/5 3264/3841/5 3310/3899/5
f 3345/3898/45 3260/3824/45 3299/3902/45 3298/3901/45
f 3317/3904/5 3316/3903/5 3300/3881/5 3265/3882/5
f 3349/3840/16 3271/3837/16 3315/3906/16 3314/3905/16
f 3342/3894/45 3258/3891/45 3305/3908/45 3304/3907/45
f 3346/3836/16 3270/3833/16 3323/3910/16 3322/3909/16
f 3340/3890/45 3259/3887/45 3309/3912/45 3308/3911/45
f 3352/3853/16 3273/3850/16 3333/3914/16 3332/3913/16
f 3351/3846/16 3272/3816/16 3329/3916/16 3328/3915/16
f 3339/3868/45 3261/3865/45 3291/3918/45 3290/3917/45
f 3350/3858/656 3610/3919/656 3609/3819/648 3282/3820/649
f 3344/3855/653 3624/3920/653 3623/3827/651 3286/3828/652
f 3321/3825/650 3320/3921/650 3293/3857/655 3286/3828/652
f 3303/3817/647 3302/3922/658 3337/3860/657 3282/3820/649
f 3327/3924/656 3326/3923/656 3313/3875/657 3283/3876/649
f 3297/3926/653 3296/3925/654 3319/3879/655 3287/3880/652
f 3309/3912/45 3512/3929/45 3507/3928/45 3266/3927/45
f 3303/3817/659 3608/3818/660 3635/3931/660 3267/3930/659
f 3321/3825/650 3622/3826/650 3621/3933/650 3274/3932/650
f 3315/3906/16 3582/3936/16 3577/3935/16 3275/3934/16
f 3292/3856/662 3293/3857/652 3289/3938/652 3354/3937/661
f 3325/3831/1 3295/3832/1 3354/3940/1 3289/3939/1
f 3295/3832/1 3294/3829/1 3255/3942/1 3355/3941/1
f 3339/3868/45 3290/3917/45 3355/3941/45 3255/3942/45
f 3329/3916/16 3467/3945/16 3462/3944/16 3276/3943/16
f 3317/3904/5 3453/3948/5 3458/3947/5 3277/3946/5
f 3333/3914/16 3612/3951/16 3611/3950/16 3278/3949/16
f 3327/3924/656 3492/3954/656 3487/3953/656 3279/3952/656
f 3335/3896/1 3402/3957/1 3397/3956/1 3280/3955/1
f 3323/3910/16 3388/3960/16 3393/3959/16 3281/3958/16
f 3324/3854/1 3325/3831/1 3289/3939/1 3356/3961/1
f 3293/3857/652 3320/3921/663 3356/3962/650 3289/3938/652
f 3322/3909/16 3323/3910/16 3281/3958/16 3357/3963/16
f 3353/3849/1 3324/3854/1 3357/3965/1 3281/3964/1
f 3290/3917/45 3291/3918/45 3269/3967/45 3358/3966/45
f 3344/3855/664 3292/3856/662 3358/3966/664 3269/3967/664
f 3332/3913/16 3333/3914/16 3278/3949/16 3359/3968/16
f 3350/3858/656 3336/3859/665 3359/3970/656 3278/3969/656
f 3336/3859/665 3337/3860/666 3285/3972/666 3360/3971/656
f 3306/3861/1 3334/3895/1 3360/3974/1 3285/3973/1
f 3304/3907/45 3305/3908/45 3254/3976/45 3361/3975/45
f 3338/3863/1 3307/3864/1 3361/3975/1 3254/3976/1
f 3307/3864/1 3306/3861/1 3285/3973/1 3362/3977/1
f 3337/3860/666 3302/3922/668 3362/3978/667 3285/3972/666
f 3305/3908/45 3422/3980/45 3417/3979/45 3254/3976/45
f 3294/3829/1 3408/3982/1 3413/3981/1 3255/3942/1
f 3330/3871/5 3331/3872/5 3284/3984/5 3363/3983/5
f 3313/3875/666 3326/3923/665 3363/3986/656 3284/3985/666
f 3328/3915/16 3329/3916/16 3276/3943/16 3364/3987/16
f 3348/3844/5 3330/3871/5 3364/3989/5 3276/3988/5
f 3308/3911/45 3309/3912/45 3266/3927/45 3365/3990/45
f 3343/3873/659 3312/3874/669 3365/3990/659 3266/3927/659
f 3312/3874/669 3313/3875/666 3284/3985/666 3366/3991/667
f 3331/3872/5 3311/3900/5 3366/3992/5 3284/3984/5
f 3314/3905/16 3315/3906/16 3275/3934/16 3367/3993/16
f 3347/3877/650 3318/3878/663 3367/3995/650 3275/3994/650
f 3318/3878/663 3319/3879/652 3288/3997/652 3368/3996/650
f 3300/3881/5 3316/3903/5 3368/3999/5 3288/3998/5
f 3298/3901/45 3299/3902/45 3257/4001/45 3369/4000/45
f 3341/3883/5 3301/3884/5 3369/4000/5 3257/4001/5
f 3301/3884/5 3300/3881/5 3288/3998/5 3370/4002/5
f 3319/3879/652 3296/3925/670 3370/4003/661 3288/3997/652
f 3310/3899/5 3447/4006/5 3442/4005/5 3256/4004/5
f 3299/3902/45 3433/4008/45 3438/4007/45 3257/4001/45
f 3334/3895/1 3335/3896/1 3280/3955/1 3371/4009/1
f 3352/3853/16 3332/3913/16 3371/4011/16 3280/4010/16
f 3297/3926/664 3562/4014/671 3557/4013/671 3268/4012/664
f 3291/3918/45 3626/4016/45 3625/4015/45 3269/3967/45
f 3311/3900/5 3310/3899/5 3256/4004/5 3372/4017/5
f 3340/3890/45 3308/3911/45 3372/4017/45 3256/4004/45
f 3296/3925/670 3297/3926/664 3268/4012/664 3373/4018/664
f 3345/3898/45 3298/3901/45 3373/4018/45 3268/4012/45
f 3316/3903/5 3317/3904/5 3277/3946/5 3374/4019/5
f 3349/3840/16 3314/3905/16 3374/4021/16 3277/4020/16
f 3302/3922/668 3303/3817/659 3267/3930/659 3375/4022/659
f 3342/3894/45 3304/3907/45 3375/4022/45 3267/3930/45
f 3320/3921/663 3321/3825/650 3274/3932/650 3376/4023/650
f 3346/3836/16 3322/3909/16 3376/4025/16 3274/4024/16
f 3326/3923/665 3327/3924/656 3279/3952/656 3377/4026/656
f 3351/3846/16 3328/3915/16 3377/4028/16 3279/4027/16
f 3355/3941/45 3290/3917/45 3358/3966/45 3246/4029/45
f 3354/3940/1 3295/3832/1 3355/3941/1 3246/4029/1
f 3358/3966/664 3292/3856/662 3354/3937/661 3246/4029/671
f 3370/4003/661 3296/3925/670 3373/4018/664 3247/4030/671
f 3369/4000/5 3301/3884/5 3370/4002/5 3247/4030/5
f 3373/4018/45 3298/3901/45 3369/4000/45 3247/4030/45
f 3362/3978/667 3302/3922/668 3375/4022/659 3248/4031/660
f 3361/3975/1 3307/3864/1 3362/3977/1 3248/4031/1
f 3375/4022/45 3304/3907/45 3361/3975/45 3248/4031/45
f 3372/4017/45 3308/3911/45 3365/3990/45 3249/4032/45
f 3366/3992/5 3311/3900/5 3372/4017/5 3249/4032/5
f 3365/3990/659 3312/3874/669 3366/3991/667 3249/4032/660
f 3374/4021/16 3314/3905/16 3367/3993/16 3250/4033/16
f 3368/3999/5 3316/3903/5 3374/4019/5 3250/4034/5
f 3367/3995/650 3318/3878/663 3368/3996/650 3250/4035/650
f 3356/3962/650 3320/3921/663 3376/4023/650 3251/4036/650
f 3357/3965/1 3324/3854/1 3356/3961/1 3251/4037/1
f 3376/4025/16 3322/3909/16 3357/3963/16 3251/4038/16
f 3363/3986/656 3326/3923/665 3377/4026/656 3252/4039/656
f 3364/3989/5 3330/3871/5 3363/3983/5 3252/4040/5
f 3377/4028/16 3328/3915/16 3364/3987/16 3252/4041/16
f 3371/4011/16 3332/3913/16 3359/3968/16 3253/4042/16
f 3360/3974/1 3334/3895/1 3371/4009/1 3253/4043/1
f 3359/3970/656 3336/3859/665 3360/3971/656 3253/4044/656
f 3379/4047/16 3597/4046/16 3592/4045/16 3378/3838/16
f 3378/3838/16 3592/4045/16 3587/4048/16 3271/3837/16
f 3382/3813/16 3472/3814/16 3607/4050/16 3381/4049/16
f 3380/4054/16 3667/4053/16 3666/4052/16 3602/4051/16
f 3379/4047/16 3637/4056/16 3636/4055/16 3597/4046/16
f 3431/4059/45 3527/4058/45 3522/4057/45 3432/3888/45
f 3432/3888/45 3522/4057/45 3517/4060/45 3259/3887/45
f 3428/3821/45 3542/3822/45 3537/4062/45 3429/4061/45
f 3430/4066/45 3645/4065/45 3646/4064/45 3532/4063/45
f 3431/4059/45 3675/4068/45 3676/4067/45 3527/4058/45
f 3466/4069/16 3467/3945/16 3382/3813/16 3381/4049/16
f 3467/3945/16 3329/3916/16 3272/3816/16 3382/3813/16
f 3463/3839/16 3464/4070/16 3379/4047/16 3378/3838/16
f 3464/4070/16 3638/4071/16 3637/4056/16 3379/4047/16
f 3465/4073/16 3668/4072/16 3667/4053/16 3380/4054/16
f 3454/4075/5 3453/3948/5 3448/3885/5 3449/4074/5
f 3453/3948/5 3317/3904/5 3265/3882/5 3448/3885/5
f 3457/3843/5 3456/4077/5 3451/4076/5 3452/3842/5
f 3456/4077/5 3670/4079/5 3671/4078/5 3451/4076/5
f 3455/4083/5 3640/4082/5 3641/4081/5 3450/4080/5
f 3401/4085/1 3402/3957/1 3407/3869/1 3406/4084/1
f 3402/3957/1 3335/3896/1 3263/3862/1 3407/3869/1
f 3398/3848/1 3399/4087/1 3404/4086/1 3403/3847/1
f 3399/4087/1 3657/4089/1 3656/4088/1 3404/4086/1
f 3400/4093/1 3687/4092/1 3686/4091/1 3405/4090/1
f 3389/4096/16 3388/3960/16 3383/4095/16 3384/4094/16
f 3388/3960/16 3323/3910/16 3270/3833/16 3383/4095/16
f 3392/3852/16 3391/4098/16 3386/4097/16 3387/3851/16
f 3391/4098/16 3689/4100/16 3690/4099/16 3386/4097/16
f 3390/4104/16 3659/4103/16 3660/4102/16 3385/4101/16
f 3421/4107/45 3422/3980/45 3427/4106/45 3426/4105/45
f 3422/3980/45 3305/3908/45 3258/3891/45 3427/4106/45
f 3418/3867/45 3419/4109/45 3424/4108/45 3423/3866/45
f 3419/4109/45 3653/4111/45 3652/4110/45 3424/4108/45
f 3420/4115/45 3683/4114/45 3682/4113/45 3425/4112/45
f 3409/4116/1 3408/3982/1 3403/3847/1 3404/4086/1
f 3408/3982/1 3294/3829/1 3262/3830/1 3403/3847/1
f 3412/3870/1 3411/4117/1 3406/4084/1 3407/3869/1
f 3411/4117/1 3685/4118/1 3686/4091/1 3406/4084/1
f 3410/4120/1 3655/4119/1 3656/4088/1 3405/4090/1
f 3446/4121/5 3447/4006/5 3452/3842/5 3451/4076/5
f 3447/4006/5 3310/3899/5 3264/3841/5 3452/3842/5
f 3443/3886/5 3444/4122/5 3449/4074/5 3448/3885/5
f 3444/4122/5 3642/4123/5 3641/4081/5 3449/4074/5
f 3445/4125/5 3672/4124/5 3671/4078/5 3450/4080/5
f 3434/4126/45 3433/4008/45 3428/3821/45 3429/4061/45
f 3433/4008/45 3299/3902/45 3260/3824/45 3428/3821/45
f 3437/3889/45 3436/4127/45 3431/4059/45 3432/3888/45
f 3436/4127/45 3674/4128/45 3675/4068/45 3431/4059/45
f 3435/4130/45 3644/4129/45 3645/4065/45 3430/4066/45
f 3464/4070/16 3463/3839/16 3458/4132/16 3459/4131/16
f 3463/3839/16 3349/3840/16 3277/4020/16 3458/4132/16
f 3467/3945/16 3466/4069/16 3461/4133/16 3462/3944/16
f 3466/4069/16 3668/4072/16 3669/4134/16 3461/4133/16
f 3465/4073/16 3638/4071/16 3639/4136/16 3460/4135/16
f 3456/4077/5 3457/3843/5 3462/4138/5 3461/4137/5
f 3457/3843/5 3348/3844/5 3276/3988/5 3462/4138/5
f 3453/3948/5 3454/4075/5 3459/4139/5 3458/3947/5
f 3454/4075/5 3640/4082/5 3639/4140/5 3459/4139/5
f 3455/4083/5 3670/4079/5 3669/4142/5 3460/4141/5
f 3399/4087/1 3398/3848/1 3393/4144/1 3394/4143/1
f 3398/3848/1 3353/3849/1 3281/3964/1 3393/4144/1
f 3402/3957/1 3401/4085/1 3396/4145/1 3397/3956/1
f 3401/4085/1 3687/4092/1 3688/4146/1 3396/4145/1
f 3400/4093/1 3657/4089/1 3658/4148/1 3395/4147/1
f 3391/4098/16 3392/3852/16 3397/4150/16 3396/4149/16
f 3392/3852/16 3352/3853/16 3280/4010/16 3397/4150/16
f 3388/3960/16 3389/4096/16 3394/4151/16 3393/3959/16
f 3389/4096/16 3659/4103/16 3658/4152/16 3394/4151/16
f 3390/4104/16 3689/4100/16 3688/4154/16 3395/4153/16
f 3419/4109/45 3418/3867/45 3413/3981/45 3414/4155/45
f 3418/3867/45 3339/3868/45 3255/3942/45 3413/3981/45
f 3422/3980/45 3421/4107/45 3416/4156/45 3417/3979/45
f 3421/4107/45 3683/4114/45 3684/4157/45 3416/4156/45
f 3420/4115/45 3653/4111/45 3654/4159/45 3415/4158/45
f 3411/4117/1 3412/3870/1 3417/3979/1 3416/4156/1
f 3412/3870/1 3338/3863/1 3254/3976/1 3417/3979/1
f 3408/3982/1 3409/4116/1 3414/4155/1 3413/3981/1
f 3409/4116/1 3655/4119/1 3654/4159/1 3414/4155/1
f 3410/4120/1 3685/4118/1 3684/4157/1 3415/4158/1
f 3444/4122/5 3443/3886/5 3438/4007/5 3439/4160/5
f 3443/3886/5 3341/3883/5 3257/4001/5 3438/4007/5
f 3447/4006/5 3446/4121/5 3441/4161/5 3442/4005/5
f 3446/4121/5 3672/4124/5 3673/4162/5 3441/4161/5
f 3445/4125/5 3642/4123/5 3643/4164/5 3440/4163/5
f 3436/4127/45 3437/3889/45 3442/4005/45 3441/4161/45
f 3437/3889/45 3340/3890/45 3256/4004/45 3442/4005/45
f 3433/4008/45 3434/4126/45 3439/4160/45 3438/4007/45
f 3434/4126/45 3644/4129/45 3643/4164/45 3439/4160/45
f 3435/4130/45 3674/4128/45 3673/4162/45 3440/4163/45
f 3474/4168/16 3473/4167/16 3468/4166/16 3469/4165/16
f 3473/4167/16 3613/4170/16 3614/4169/16 3468/4166/16
f 3477/3815/16 3476/4172/16 3471/4171/16 3472/3814/16
f 3476/4172/16 3475/4174/16 3470/4173/16 3471/4171/16
f 3475/4174/16 3474/4168/16 3469/4165/16 3470/4173/16
f 3496/4178/649 3497/4177/648 3502/4176/647 3501/4175/647
f 3497/4177/648 3283/3876/649 3343/3873/647 3502/4176/647
f 3493/4182/649 3494/4181/648 3499/4180/647 3498/4179/647
f 3494/4181/648 3495/4184/648 3500/4183/647 3499/4180/647
f 3495/4184/648 3496/4178/649 3501/4175/647 3500/4183/647
f 3544/4188/45 3543/4187/45 3538/4186/45 3539/4185/45
f 3543/4187/45 3627/4190/45 3628/4189/45 3538/4186/45
f 3547/3823/45 3546/4192/45 3541/4191/45 3542/3822/45
f 3546/4192/45 3545/4194/45 3540/4193/45 3541/4191/45
f 3545/4194/45 3544/4188/45 3539/4185/45 3540/4193/45
f 3566/4198/672 3567/4197/651 3572/4196/650 3571/4195/650
f 3567/4197/651 3287/3880/652 3347/3877/650 3572/4196/650
f 3563/4202/672 3564/4201/651 3569/4200/650 3568/4199/650
f 3564/4201/651 3565/4204/651 3570/4203/650 3569/4200/650
f 3565/4204/651 3566/4198/672 3571/4195/650 3570/4203/650
f 3581/4206/16 3582/3936/16 3587/4048/16 3586/4205/16
f 3582/3936/16 3315/3906/16 3271/3837/16 3587/4048/16
f 3578/4210/16 3579/4209/16 3584/4208/16 3583/4207/16
f 3579/4209/16 3580/4212/16 3585/4211/16 3584/4208/16
f 3580/4212/16 3581/4206/16 3586/4205/16 3585/4211/16
f 3479/4214/16 3478/4213/16 3473/4167/16 3474/4168/16
f 3478/4213/16 3612/3951/16 3613/4170/16 3473/4167/16
f 3482/3845/16 3481/4215/16 3476/4172/16 3477/3815/16
f 3481/4215/16 3480/4216/16 3475/4174/16 3476/4172/16
f 3480/4216/16 3479/4214/16 3474/4168/16 3475/4174/16
f 3511/4218/45 3512/3929/45 3517/4060/45 3516/4217/45
f 3512/3929/45 3309/3912/45 3259/3887/45 3517/4060/45
f 3508/4222/45 3509/4221/45 3514/4220/45 3513/4219/45
f 3509/4221/45 3510/4224/45 3515/4223/45 3514/4220/45
f 3510/4224/45 3511/4218/45 3516/4217/45 3515/4223/45
f 3549/4226/45 3548/4225/45 3543/4187/45 3544/4188/45
f 3548/4225/45 3626/4016/45 3627/4190/45 3543/4187/45
f 3552/3897/45 3551/4227/45 3546/4192/45 3547/3823/45
f 3551/4227/45 3550/4228/45 3545/4194/45 3546/4192/45
f 3550/4228/45 3549/4226/45 3544/4188/45 3545/4194/45
f 3491/4229/656 3492/3954/656 3497/4177/648 3496/4178/649
f 3492/3954/656 3327/3924/656 3283/3876/649 3497/4177/648
f 3488/4231/656 3489/4230/656 3494/4181/648 3493/4182/649
f 3489/4230/656 3490/4232/656 3495/4184/648 3494/4181/648
f 3490/4232/656 3491/4229/656 3496/4178/649 3495/4184/648
f 3561/4233/653 3562/4014/653 3567/4197/651 3566/4198/672
f 3562/4014/653 3297/3926/653 3287/3880/652 3567/4197/651
f 3558/4235/653 3559/4234/653 3564/4201/651 3563/4202/672
f 3559/4234/653 3560/4236/653 3565/4204/651 3564/4201/651
f 3560/4236/653 3561/4233/653 3566/4198/672 3565/4204/651
f 3509/4221/45 3508/4222/45 3503/4238/45 3504/4237/45
f 3508/4222/45 3634/3893/45 3635/3931/45 3503/4238/45
f 3512/3929/45 3511/4218/45 3506/4239/45 3507/3928/45
f 3511/4218/45 3510/4224/45 3505/4240/45 3506/4239/45
f 3510/4224/45 3509/4221/45 3504/4237/45 3505/4240/45
f 3501/4175/660 3502/4176/660 3507/3928/660 3506/4239/660
f 3502/4176/660 3343/3873/659 3266/3927/659 3507/3928/660
f 3498/4179/660 3499/4180/660 3504/4237/660 3503/4238/660
f 3499/4180/660 3500/4183/660 3505/4240/660 3504/4237/660
f 3500/4183/660 3501/4175/660 3506/4239/660 3505/4240/660
f 3571/4195/650 3572/4196/650 3577/4242/650 3576/4241/650
f 3572/4196/650 3347/3877/650 3275/3994/650 3577/4242/650
f 3568/4199/650 3569/4200/650 3574/4244/650 3573/4243/650
f 3569/4200/650 3570/4203/650 3575/4245/650 3574/4244/650
f 3570/4203/650 3571/4195/650 3576/4241/650 3575/4245/650
f 3579/4209/16 3578/4210/16 3573/4247/16 3574/4246/16
f 3578/4210/16 3620/3835/16 3621/4248/16 3573/4247/16
f 3582/3936/16 3581/4206/16 3576/4249/16 3577/3935/16
f 3581/4206/16 3580/4212/16 3575/4250/16 3576/4249/16
f 3580/4212/16 3579/4209/16 3574/4246/16 3575/4250/16
f 3481/4215/16 3482/3845/16 3487/4252/16 3486/4251/16
f 3482/3845/16 3351/3846/16 3279/4027/16 3487/4252/16
f 3478/4213/16 3479/4214/16 3484/4254/16 3483/4253/16
f 3479/4214/16 3480/4216/16 3485/4255/16 3484/4254/16
f 3480/4216/16 3481/4215/16 3486/4251/16 3485/4255/16
f 3489/4230/656 3488/4231/656 3483/4257/656 3484/4256/656
f 3488/4231/656 3610/3919/656 3611/4258/656 3483/4257/656
f 3492/3954/656 3491/4229/656 3486/4259/656 3487/3953/656
f 3491/4229/656 3490/4232/656 3485/4260/656 3486/4259/656
f 3490/4232/656 3489/4230/656 3484/4256/656 3485/4260/656
f 3559/4234/671 3558/4235/671 3553/4262/671 3554/4261/671
f 3558/4235/671 3624/3920/671 3625/4015/671 3553/4262/671
f 3562/4014/671 3561/4233/671 3556/4263/671 3557/4013/671
f 3561/4233/671 3560/4236/671 3555/4264/671 3556/4263/671
f 3560/4236/671 3559/4234/671 3554/4261/671 3555/4264/671
f 3551/4227/45 3552/3897/45 3557/4013/45 3556/4263/45
f 3552/3897/45 3345/3898/45 3268/4012/45 3557/4013/45
f 3548/4225/45 3549/4226/45 3554/4261/45 3553/4262/45
f 3549/4226/45 3550/4228/45 3555/4264/45 3554/4261/45
f 3550/4228/45 3551/4227/45 3556/4263/45 3555/4264/45
f 3594/4268/16 3593/4267/16 3588/4266/16 3589/4265/16
f 3593/4267/16 3617/4270/16 3618/4269/16 3588/4266/16
f 3597/4046/16 3596/4272/16 3591/4271/16 3592/4045/16
f 3596/4272/16 3595/4274/16 3590/4273/16 3591/4271/16
f 3595/4274/16 3594/4268/16 3589/4265/16 3590/4273/16
f 3589/4265/16 3588/4266/16 3583/4207/16 3584/4208/16
f 3588/4266/16 3618/4269/16 3619/3834/16 3583/4207/16
f 3592/4045/16 3591/4271/16 3586/4205/16 3587/4048/16
f 3591/4271/16 3590/4273/16 3585/4211/16 3586/4205/16
f 3590/4273/16 3589/4265/16 3584/4208/16 3585/4211/16
f 3469/4165/16 3468/4166/16 3603/4276/16 3604/4275/16
f 3468/4166/16 3614/4169/16 3615/4277/16 3603/4276/16
f 3472/3814/16 3471/4171/16 3606/4278/16 3607/4050/16
f 3471/4171/16 3470/4173/16 3605/4279/16 3606/4278/16
f 3470/4173/16 3469/4165/16 3604/4275/16 3605/4279/16
f 3599/4283/16 3693/4282/16 3692/4281/16 3598/4280/16
f 3598/4280/16 3692/4281/16 3691/4285/16 3616/4284/16
f 3602/4051/16 3666/4052/16 3695/4287/16 3601/4286/16
f 3601/4286/16 3695/4287/16 3694/4289/16 3600/4288/16
f 3600/4288/16 3694/4289/16 3693/4282/16 3599/4283/16
f 3594/4268/16 3663/4291/16 3662/4290/16 3593/4267/16
f 3593/4267/16 3662/4290/16 3661/4292/16 3617/4270/16
f 3597/4046/16 3636/4055/16 3665/4293/16 3596/4272/16
f 3596/4272/16 3665/4293/16 3664/4294/16 3595/4274/16
f 3595/4274/16 3664/4294/16 3663/4291/16 3594/4268/16
f 3524/4298/45 3523/4297/45 3518/4296/45 3519/4295/45
f 3523/4297/45 3631/4300/45 3632/4299/45 3518/4296/45
f 3527/4058/45 3526/4302/45 3521/4301/45 3522/4057/45
f 3526/4302/45 3525/4304/45 3520/4303/45 3521/4301/45
f 3525/4304/45 3524/4298/45 3519/4295/45 3520/4303/45
f 3519/4295/45 3518/4296/45 3513/4219/45 3514/4220/45
f 3518/4296/45 3632/4299/45 3633/3892/45 3513/4219/45
f 3522/4057/45 3521/4301/45 3516/4217/45 3517/4060/45
f 3521/4301/45 3520/4303/45 3515/4223/45 3516/4217/45
f 3520/4303/45 3519/4295/45 3514/4220/45 3515/4223/45
f 3539/4185/45 3538/4186/45 3533/4306/45 3534/4305/45
f 3538/4186/45 3628/4189/45 3629/4307/45 3533/4306/45
f 3542/3822/45 3541/4191/45 3536/4308/45 3537/4062/45
f 3541/4191/45 3540/4193/45 3535/4309/45 3536/4308/45
f 3540/4193/45 3539/4185/45 3534/4305/45 3535/4309/45
f 3529/4313/45 3649/4312/45 3650/4311/45 3528/4310/45
f 3528/4310/45 3650/4311/45 3651/4315/45 3630/4314/45
f 3532/4063/45 3646/4064/45 3647/4317/45 3531/4316/45
f 3531/4316/45 3647/4317/45 3648/4319/45 3530/4318/45
f 3530/4318/45 3648/4319/45 3649/4312/45 3529/4313/45
f 3524/4298/45 3679/4321/45 3680/4320/45 3523/4297/45
f 3523/4297/45 3680/4320/45 3681/4322/45 3631/4300/45
f 3527/4058/45 3676/4067/45 3677/4323/45 3526/4302/45
f 3526/4302/45 3677/4323/45 3678/4324/45 3525/4304/45
f 3525/4304/45 3678/4324/45 3679/4321/45 3524/4298/45
f 3609/3819/648 3493/4182/649 3498/4179/647 3608/3818/647
f 3623/3827/651 3563/4202/672 3568/4199/650 3622/3826/650
f 3620/3835/16 3578/4210/16 3583/4207/16 3619/3834/16
f 3634/3893/45 3508/4222/45 3513/4219/45 3633/3892/45
f 3610/3919/656 3488/4231/656 3493/4182/649 3609/3819/648
f 3624/3920/653 3558/4235/653 3563/4202/672 3623/3827/651
f 3608/3818/660 3498/4179/660 3503/4238/660 3635/3931/660
f 3622/3826/650 3568/4199/650 3573/4243/650 3621/3933/650
f 3612/3951/16 3478/4213/16 3483/4253/16 3611/3950/16
f 3626/4016/45 3548/4225/45 3553/4262/45 3625/4015/45
f 3613/4170/16 3273/3850/16 3387/3851/16 3614/4169/16
f 3627/4190/45 3261/3865/45 3423/3866/45 3628/4189/45
f 3612/3951/16 3333/3914/16 3273/3850/16 3613/4170/16
f 3626/4016/45 3291/3918/45 3261/3865/45 3627/4190/45
f 3634/3893/45 3342/3894/45 3267/3930/45 3635/3931/45
f 3620/3835/16 3346/3836/16 3274/4024/16 3621/4248/16
f 3610/3919/656 3350/3858/656 3278/3969/656 3611/4258/656
f 3624/3920/671 3344/3855/664 3269/3967/664 3625/4015/671
f 3617/4270/16 3384/4094/16 3383/4095/16 3618/4269/16
f 3618/4269/16 3383/4095/16 3270/3833/16 3619/3834/16
f 3614/4169/16 3387/3851/16 3386/4097/16 3615/4277/16
f 3616/4284/16 3691/4285/16 3690/4099/16 3385/4101/16
f 3617/4270/16 3661/4292/16 3660/4102/16 3384/4094/16
f 3631/4300/45 3426/4105/45 3427/4106/45 3632/4299/45
f 3632/4299/45 3427/4106/45 3258/3891/45 3633/3892/45
f 3628/4189/45 3423/3866/45 3424/4108/45 3629/4307/45
f 3630/4314/45 3651/4315/45 3652/4110/45 3425/4112/45
f 3631/4300/45 3681/4322/45 3682/4113/45 3426/4105/45
f 3637/4056/16 3380/4054/16 3602/4051/16 3636/4055/16
f 3645/4065/45 3429/4061/45 3537/4062/45 3646/4064/45
f 3638/4071/16 3465/4073/16 3380/4054/16 3637/4056/16
f 3640/4082/5 3454/4075/5 3449/4074/5 3641/4081/5
f 3657/4089/1 3400/4093/1 3405/4090/1 3656/4088/1
f 3659/4103/16 3389/4096/16 3384/4094/16 3660/4102/16
f 3653/4111/45 3420/4115/45 3425/4112/45 3652/4110/45
f 3655/4119/1 3409/4116/1 3404/4086/1 3656/4088/1
f 3642/4123/5 3445/4125/5 3450/4080/5 3641/4081/5
f 3644/4129/45 3434/4126/45 3429/4061/45 3645/4065/45
f 3638/4071/16 3464/4070/16 3459/4131/16 3639/4136/16
f 3640/4082/5 3455/4083/5 3460/4141/5 3639/4140/5
f 3657/4089/1 3399/4087/1 3394/4143/1 3658/4148/1
f 3659/4103/16 3390/4104/16 3395/4153/16 3658/4152/16
f 3653/4111/45 3419/4109/45 3414/4155/45 3654/4159/45
f 3655/4119/1 3410/4120/1 3415/4158/1 3654/4159/1
f 3642/4123/5 3444/4122/5 3439/4160/5 3643/4164/5
f 3644/4129/45 3435/4130/45 3440/4163/45 3643/4164/45
f 3663/4291/16 3599/4283/16 3598/4280/16 3662/4290/16
f 3662/4290/16 3598/4280/16 3616/4284/16 3661/4292/16
f 3636/4055/16 3602/4051/16 3601/4286/16 3665/4293/16
f 3665/4293/16 3601/4286/16 3600/4288/16 3664/4294/16
f 3664/4294/16 3600/4288/16 3599/4283/16 3663/4291/16
f 3649/4312/45 3534/4305/45 3533/4306/45 3650/4311/45
f 3650/4311/45 3533/4306/45 3629/4307/45 3651/4315/45
f 3646/4064/45 3537/4062/45 3536/4308/45 3647/4317/45
f 3647/4317/45 3536/4308/45 3535/4309/45 3648/4319/45
f 3648/4319/45 3535/4309/45 3534/4305/45 3649/4312/45
f 3661/4292/16 3616/4284/16 3385/4101/16 3660/4102/16
f 3651/4315/45 3629/4307/45 3424/4108/45 3652/4110/45
f 3667/4053/16 3381/4049/16 3607/4050/16 3666/4052/16
f 3675/4068/45 3430/4066/45 3532/4063/45 3676/4067/45
f 3668/4072/16 3466/4069/16 3381/4049/16 3667/4053/16
f 3670/4079/5 3455/4083/5 3450/4080/5 3671/4078/5
f 3687/4092/1 3401/4085/1 3406/4084/1 3686/4091/1
f 3689/4100/16 3390/4104/16 3385/4101/16 3690/4099/16
f 3683/4114/45 3421/4107/45 3426/4105/45 3682/4113/45
f 3685/4118/1 3410/4120/1 3405/4090/1 3686/4091/1
f 3672/4124/5 3446/4121/5 3451/4076/5 3671/4078/5
f 3674/4128/45 3435/4130/45 3430/4066/45 3675/4068/45
f 3668/4072/16 3465/4073/16 3460/4135/16 3669/4134/16
f 3670/4079/5 3456/4077/5 3461/4137/5 3669/4142/5
f 3687/4092/1 3400/4093/1 3395/4147/1 3688/4146/1
f 3689/4100/16 3391/4098/16 3396/4149/16 3688/4154/16
f 3683/4114/45 3420/4115/45 3415/4158/45 3684/4157/45
f 3685/4118/1 3411/4117/1 3416/4156/1 3684/4157/1
f 3672/4124/5 3445/4125/5 3440/4163/5 3673/4162/5
f 3674/4128/45 3436/4127/45 3441/4161/45 3673/4162/45
f 3693/4282/16 3604/4275/16 3603/4276/16 3692/4281/16
f 3692/4281/16 3603/4276/16 3615/4277/16 3691/4285/16
f 3666/4052/16 3607/4050/16 3606/4278/16 3695/4287/16
f 3695/4287/16 3606/4278/16 3605/4279/16 3694/4289/16
f 3694/4289/16 3605/4279/16 3604/4275/16 3693/4282/16
f 3679/4321/45 3529/4313/45 3528/4310/45 3680/4320/45
f 3680/4320/45 3528/4310/45 3630/4314/45 3681/4322/45
f 3676/4067/45 3532/4063/45 3531/4316/45 3677/4323/45
f 3677/4323/45 3531/4316/45 3530/4318/45 3678/4324/45
f 3678/4324/45 3530/4318/45 3529/4313/45 3679/4321/45
f 3691/4285/16 3615/4277/16 3386/4097/16 3690/4099/16
f 3681/4322/45 3630/4314/45 3425/4112/45 3682/4113/45

v -99.90000152587891 101.5 -100
v -99.90000152587891 311.5 -100
v -99.90000152587891 101.5 100
v -99.90000152587891 311.5 100
v -96.90000152587891 311.5 -97
v -96.90000152587891 101.5 -97
v -96.90000152587891 311.5 97
v -96.90000152587891 101.5 97
v -99.90000152587891 101.5 98.5
v -99.90000152587891 101.5 -98.5
v -99.90000152587891 311.5 98.5
v -99.90000152587891 311.5 -98.5
v -99.90000152587891 103 98.5
v -99.90000152587891 310 98.5
v -99.90000152587891 310 -98.5
v -99.90000152587891 103 -98.5
v -98.40000152587891 101.5 -96.37867736816406
v -98.40000152587891 101.5 96.37867736816406
v -98.40000152587891 311.5 96.37867736816406
v -98.40000152587891 311.5 -96.37867736816406
v -99.90000152587891 310 100
v -99.90000152587891 103 100
v -99.90000152587891 310 -100
v -99.90000152587891 103 -100
v -96.90000152587891 103 -95.5
v -96.90000152587891 310 -95.5
v -96.90000152587891 310 95.5
v -96.90000152587891 103 95.5
v -96.90000152587891 103 -97
v -96.90000152587891 310 -97
v -96.90000152587891 311.5 95.5
v -96.90000152587891 311.5 -95.5
v -96.90000152587891 103 97
v -96.90000152587891 310 97
v -96.90000152587891 101.5 95.5
v -96.90000152587891 101.5 -95.5
v -98.40000152587891 103 98.5
v -98.40000152587891 310 98.5
v -98.40000152587891 311.5 98.5
v -98.40000152587891 101.5 98.5
v -98.40000152587891 103 -98.5
v -98.40000152587891 310 -98.5
v -98.40000152587891 311.5 -98.5
v -98.40000152587891 101.5 -98.5
v -99.90000152587891 101.75 -99.75
v -99.90000152587891 103 -99.75
v -99.72322082519531 101.75 -99.82322692871094
v -98.40000152587891 101.75 -98.5
v -99.65000152587891 101.5 -98.14644622802734
v -99.65000152587891 101.5 -99.39644622802734
v -99.72322082519531 311.25 -99.82322692871094
v -99.72322082519531 310 -99.82322692871094
v -99.90000152587891 311.25 -99.75
v -99.90000152587891 311.25 -98.5
v -98.40000152587891 311.5 -98.14644622802734
v -99.65000152587891 311.5 -99.39644622802734
v -99.72322082519531 101.75 99.82322692871094
v -99.72322082519531 103 99.82322692871094
v -99.90000152587891 101.75 99.75
v -99.90000152587891 101.75 98.5
v -98.40000152587891 101.5 98.14644622802734
v -99.65000152587891 101.5 99.39644622802734
v -99.90000152587891 311.25 99.75
v -99.90000152587891 310 99.75
v -99.65000152587891 311.5 98.14644622802734
v -99.65000152587891 311.5 99.39644622802734
v -99.72322082519531 311.25 99.82322692871094
v -98.40000152587891 311.25 98.5
v -96.90000152587891 311.25 -96.75
v -96.90000152587891 310 -96.75
v -97.15000152587891 311.5 -96.89644622802734
v -97.15000152587891 311.5 -95.64644622802734
v -97.07677459716797 311.25 -97.17677307128906
v -98.40000152587891 311.25 -98.5
v -97.07677459716797 101.75 -97.17677307128906
v -97.07677459716797 103 -97.17677307128906
v -96.90000152587891 101.75 -96.75
v -96.90000152587891 101.75 -95.5
v -97.15000152587891 101.5 -96.89644622802734
v -98.40000152587891 101.5 -98.14644622802734
v -97.07677459716797 311.25 97.17677307128906
v -97.07677459716797 310 97.17677307128906
v -96.90000152587891 311.25 96.75
v -96.90000152587891 311.25 95.5
v -97.15000152587891 311.5 96.89644622802734
v -98.40000152587891 311.5 98.14644622802734
v -96.90000152587891 101.75 96.75
v -96.90000152587891 103 96.75
v -97.15000152587891 101.5 96.89644622802734
v -97.15000152587891 101.5 95.64644622802734
v -97.07677459716797 101.75 97.17677307128906
v -98.40000152587891 101.75 98.5
v -99.65000152587891 101.5 98.14644622802734
v -99.90000152587891 101.75 -98.5
v -99.90000152587891 311.25 98.5
v -99.65000152587891 311.5 -98.14644622802734
v -99.90000152587891 103 99.75
v -99.72322082519531 310 99.82322692871094
v -99.72322082519531 103 -99.82322692871094
v -99.90000152587891 310 -99.75
v -96.90000152587891 103 -96.75
v -97.07677459716797 310 -97.17677307128906
v -97.15000152587891 311.5 95.64644622802734
v -96.90000152587891 311.25 -95.5
v -97.07677459716797 103 97.17677307128906
v -96.90000152587891 310 96.75
v -96.90000152587891 101.75 95.5
v -97.15000152587891 101.5 -95.64644622802734
v -99.72322082519531 101.5 -99.82322692871094
v -99.90000152587891 101.5 -99.75
v -97.07677459716797 101.5 -97.17677307128906
v -96.90000152587891 101.5 -96.75
v -99.90000152587891 101.75 -100
v -96.90000152587891 101.75 97
v -97.07677459716797 101.5 97.17677307128906
v -99.90000152587891 101.5 99.75
v -99.72322082519531 101.5 99.82322692871094
v -97.07677459716797 311.5 97.17677307128906
v -96.90000152587891 311.5 96.75
v -99.90000152587891 311.25 100
v -99.72322082519531 311.5 99.82322692871094
v -96.90000152587891 311.25 -97
v -97.07677459716797 311.5 -97.17677307128906
v -99.90000152587891 311.5 -99.75
v -99.72322082519531 311.5 -99.82322692871094
v -96.90000152587891 101.5 96.75
v -99.90000152587891 311.5 99.75
v -99.90000152587891 311.25 -100
v -96.90000152587891 311.5 -96.75
v -99.90000152587891 101.75 100
v -96.90000152587891 101.75 -97
v -96.90000152587891 311.25 97
v -96.90000152587891 310 -63.66666793823242
v -96.90000152587891 310 -31.83333396911621
v -96.90000152587891 310 0.00000000000001
v -96.90000152587891 310 31.83333396911621
v -96.90000152587891 310 63.66666793823242
v -96.90000152587891 103 -63.66666793823242
v -96.90000152587891 103 -31.83333396911621
v -96.90000152587891 103 0.00000000000001
v -96.90000152587891 103 31.83333396911621
v -96.90000152587891 103 63.66666793823242
v -96.90000152587891 101.75 -63.66666793823242
v -96.90000152587891 101.75 -31.83333396911621
v -96.90000152587891 101.75 0.00000000000001
v -96.90000152587891 101.75 31.83333396911621
v -96.90000152587891 101.75 63.66666793823242
v -96.90000152587891 101.5 -63.66666793823242
v -96.90000152587891 101.5 -31.83333396911621
v -96.90000152587891 101.5 0.00000000000001
v -96.90000152587891 101.5 31.83333396911621
v -96.90000152587891 101.5 63.66666793823242
v -97.15000152587891 101.5 -63.76429748535156
v -97.15000152587891 101.5 -31.88214874267578
v -97.15000152587891 101.5 0.00000000000001
v -97.15000152587891 101.5 31.88214874267578
v -97.15000152587891 101.5 63.76429748535156
v -98.40000152587891 101.5 -64.25245666503906
v -98.40000152587891 101.5 -32.12622833251953
v -98.40000152587891 101.5 0.00000000000001
v -98.40000152587891 101.5 32.12622833251953
v -98.40000152587891 101.5 64.25245666503906
v -99.65000152587891 101.5 -65.43096160888672
v -99.65000152587891 101.5 -32.71548080444336
v -99.65000152587891 101.5 0.00000000000001
v -99.65000152587891 101.5 32.71548080444336
v -99.65000152587891 101.5 65.43096160888672
v -99.90000152587891 101.5 -65.66666412353516
v -99.90000152587891 101.5 -32.83333206176758
v -99.90000152587891 101.5 0.00000000000001
v -99.90000152587891 101.5 32.83333206176758
v -99.90000152587891 101.5 65.66666412353516
v -99.90000152587891 101.75 -65.66666412353516
v -99.90000152587891 101.75 -32.83333206176758
v -99.90000152587891 101.75 0.00000000000001
v -99.90000152587891 101.75 32.83333206176758
v -99.90000152587891 101.75 65.66666412353516
v -99.90000152587891 103 -65.66666412353516
v -99.90000152587891 103 -32.83333206176758
v -99.90000152587891 103 0.00000000000001
v -99.90000152587891 103 32.83333206176758
v -99.90000152587891 103 65.66666412353516
v -99.90000152587891 310 -65.66666412353516
v -99.90000152587891 310 -32.83333206176758
v -99.90000152587891 310 0.00000000000001
v -99.90000152587891 310 32.83333206176758
v -99.90000152587891 310 65.66666412353516
v -99.90000152587891 311.25 -65.66666412353516
v -99.90000152587891 311.25 -32.83333206176758
v -99.90000152587891 311.25 0.00000000000001
v -99.90000152587891 311.25 32.83333206176758
v -99.90000152587891 311.25 65.66666412353516
v -99.90000152587891 311.5 -65.66666412353516
v -99.90000152587891 311.5 -32.83333206176758
v -99.90000152587891 311.5 0.00000000000001
v -99.90000152587891 311.5 32.83333206176758
v -99.90000152587891 311.5 65.66666412353516
v -99.65000152587891 311.5 -65.43096160888672
v -99.65000152587891 311.5 -32.71548080444336
v -99.65000152587891 311.5 0.00000000000001
v -99.65000152587891 311.5 32.71548080444336
v -99.65000152587891 311.5 65.43096160888672
v -98.40000152587891 311.5 -64.25245666503906
v -98.40000152587891 311.5 -32.12622833251953
v -98.40000152587891 311.5 0.00000000000001
v -98.40000152587891 311.5 32.12622833251953
v -98.40000152587891 311.5 64.25245666503906
v -97.15000152587891 311.5 -63.76429748535156
v -97.15000152587891 311.5 -31.88214874267578
v -97.15000152587891 311.5 0.00000000000001
v -97.15000152587891 311.5 31.88214874267578
v -97.15000152587891 311.5 63.76429748535156
v -96.90000152587891 311.5 -63.66666793823242
v -96.90000152587891 311.5 -31.83333396911621
v -96.90000152587891 311.5 0.00000000000001
v -96.90000152587891 311.5 31.83333396911621
v -96.90000152587891 311.5 63.66666793823242
v -96.90000152587891 311.25 -63.66666793823242
v -96.90000152587891 311.25 -31.83333396911621
v -96.90000152587891 311.25 0.00000000000001
v -96.90000152587891 311.25 31.83333396911621
v -96.90000152587891 311.25 63.66666793823242
v -96.90000152587891 137.5 63.66666793823242
v -96.90000152587891 172 63.66666793823242
v -96.90000152587891 206.5 63.66666793823242
v -96.90000152587891 241 63.66666793823242
v -96.90000152587891 275.5 63.66666793823242
v -96.90000152587891 137.5 95.5
v -96.90000152587891 172 95.5
v -96.90000152587891 206.5 95.5
v -96.90000152587891 241 95.5
v -96.90000152587891 275.5 95.5
v -96.90000152587891 137.5 96.75
v -96.90000152587891 172 96.75
v -96.90000152587891 206.5 96.75
v -96.90000152587891 241 96.75
v -96.90000152587891 275.5 96.75
v -96.90000152587891 137.5 97
v -96.90000152587891 172 97
v -96.90000152587891 206.5 97
v -96.90000152587891 241 97
v -96.90000152587891 275.5 97
v -97.07677459716797 137.5 97.17677307128906
v -97.07677459716797 172 97.17677307128906
v -97.07677459716797 206.5 97.17677307128906
v -97.07677459716797 241 97.17677307128906
v -97.07677459716797 275.5 97.17677307128906
v -98.40000152587891 137.5 98.5
v -98.40000152587891 172 98.5
v -98.40000152587891 206.5 98.5
v -98.40000152587891 241 98.5
v -98.40000152587891 275.5 98.5
v -99.72322082519531 137.5 99.82322692871094
v -99.72322082519531 172 99.82322692871094
v -99.72322082519531 206.5 99.82322692871094
v -99.72322082519531 241 99.82322692871094
v -99.72322082519531 275.5 99.82322692871094
v -99.90000152587891 137.5 100
v -99.90000152587891 172 100
v -99.90000152587891 206.5 100
v -99.90000152587891 241 100
v -99.90000152587891 275.5 100
v -99.90000152587891 137.5 99.75
v -99.90000152587891 172 99.75
v -99.90000152587891 206.5 99.75
v -99.90000152587891 241 99.75
v -99.90000152587891 275.5 99.75
v -99.90000152587891 137.5 98.5
v -99.90000152587891 172 98.5
v -99.90000152587891 206.5 98.5
v -99.90000152587891 241 98.5
v -99.90000152587891 275.5 98.5
v -99.90000152587891 137.5 65.66666412353516
v -99.90000152587891 172 65.66666412353516
v -99.90000152587891 206.5 65.66666412353516
v -99.90000152587891 241 65.66666412353516
v -99.90000152587891 275.5 65.66666412353516
v -99.90000152587891 137.5 32.83333206176758
v -99.90000152587891 172 32.83333206176758
v -99.90000152587891 206.5 32.83333206176758
v -99.90000152587891 241 32.83333206176758
v -99.90000152587891 275.5 32.83333206176758
v -99.90000152587891 137.5 0.00000000000001
v -99.90000152587891 172 0.00000000000001
v -99.90000152587891 206.5 0.00000000000001
v -99.90000152587891 241 0.00000000000001
v -99.90000152587891 275.5 0.00000000000001
v -99.90000152587891 137.5 -32.83333206176758
v -99.90000152587891 172 -32.83333206176758
v -99.90000152587891 206.5 -32.83333206176758
v -99.90000152587891 241 -32.83333206176758
v -99.90000152587891 275.5 -32.83333206176758
v -99.90000152587891 137.5 -65.66666412353516
v -99.90000152587891 172 -65.66666412353516
v -99.90000152587891 206.5 -65.66666412353516
v -99.90000152587891 241 -65.66666412353516
v -99.90000152587891 275.5 -65.66666412353516
v -99.90000152587891 137.5 -98.5
v -99.90000152587891 172 -98.5
v -99.90000152587891 206.5 -98.5
v -99.90000152587891 241 -98.5
v -99.90000152587891 275.5 -98.5
v -99.90000152587891 137.5 -99.75
v -99.90000152587891 172 -99.75
v -99.90000152587891 206.5 -99.75
v -99.90000152587891 241 -99.75
v -99.90000152587891 275.5 -99.75
v -99.90000152587891 137.5 -100
v -99.90000152587891 172 -100
v -99.90000152587891 206.5 -100
v -99.90000152587891 241 -100
v -99.90000152587891 275.5 -100
v -99.72322082519531 137.5 -99.82322692871094
v -99.72322082519531 172 -99.82322692871094
v -99.72322082519531 206.5 -99.82322692871094
v -99.72322082519531 241 -99.82322692871094
v -99.72322082519531 275.5 -99.82322692871094
v -98.40000152587891 137.5 -98.5
v -98.40000152587891 172 -98.5
v -98.40000152587891 206.5 -98.5
v -98.40000152587891 241 -98.5
v -98.40000152587891 275.5 -98.5
v -97.07677459716797 137.5 -97.17677307128906
v -97.07677459716797 172 -97.17677307128906
v -97.07677459716797 206.5 -97.17677307128906
v -97.07677459716797 241 -97.17677307128906
v -97.07677459716797 275.5 -97.17677307128906
v -96.90000152587891 137.5 -97
v -96.90000152587891 172 -97
v -96.90000152587891 206.5 -97
v -96.90000152587891 241 -97
v -96.90000152587891 275.5 -97
v -96.90000152587891 137.5 -96.75
v -96.90000152587891 172 -96.75
v -96.90000152587891 206.5 -96.75
v -96.90000152587891 241 -96.75
v -96.90000152587891 275.5 -96.75
v -96.90000152587891 137.5 -95.5
v -96.90000152587891 172 -95.5
v -96.90000152587891 206.5 -95.5
v -96.90000152587891 241 -95.5
v -96.90000152587891 275.5 -95.5
v -96.90000152587891 137.5 -63.66666793823242
v -96.90000152587891 172 -63.66666793823242
v -96.90000152587891 206.5 -63.66666793823242
v -96.90000152587891 241 -63.66666793823242
v -96.90000152587891 275.5 -63.66666793823242
v -96.90000152587891 137.5 -31.83333396911621
v -96.90000152587891 172 -31.83333396911621
v -96.90000152587891 206.5 -31.83333396911621
v -96.90000152587891 241 -31.83333396911621
v -96.90000152587891 275.5 -31.83333396911621
v -96.90000152587891 137.5 0.00000000000001
v -96.90000152587891 172 0.00000000000001
v -96.90000152587891 206.5 0.00000000000001
v -96.90000152587891 241 0.00000000000001
v -96.90000152587891 275.5 0.00000000000001
v -96.90000152587891 137.5 31.83333396911621
v -96.90000152587891 172 31.83333396911621
v -96.90000152587891 206.5 31.83333396911621
v -96.90000152587891 241 31.83333396911621
v -96.90000152587891 275.5 31.83333396911621
v -99.72322082519531 120.25 99.82322692871094
v -98.40000152587891 120.25 98.5
v -97.07677459716797 120.25 97.17677307128906
v -96.90000152587891 120.25 97
v -96.90000152587891 120.25 96.75
v -96.90000152587891 120.25 95.5
v -96.90000152587891 120.25 63.66666793823242
v -96.90000152587891 120.25 31.83333396911621
v -96.90000152587891 120.25 0.00000000000001
v -96.90000152587891 120.25 -31.83333396911621
v -96.90000152587891 120.25 -63.66666793823242
v -96.90000152587891 120.25 -95.5
v -96.90000152587891 120.25 -96.75
v -96.90000152587891 120.25 -97
v -97.07677459716797 120.25 -97.17677307128906
v -98.40000152587891 120.25 -98.5
v -99.72322082519531 120.25 -99.82322692871094
v -99.90000152587891 120.25 -100
v -99.90000152587891 120.25 -99.75
v -99.90000152587891 120.25 -98.5
v -99.90000152587891 120.25 -65.66666412353516
v -99.90000152587891 120.25 -32.83333206176758
v -99.90000152587891 120.25 0.00000000000001
v -99.90000152587891 120.25 32.83333206176758
v -99.90000152587891 120.25 65.66666412353516
v -99.90000152587891 120.25 98.5
v -99.90000152587891 120.25 99.75
v -99.90000152587891 120.25 100
v -96.90000152587891 275.5 -15.91666698455811
v -96.90000152587891 310 -15.91666698455811
v -96.90000152587891 311.25 -15.91666698455811
v -96.90000152587891 311.5 -15.91666698455811
v -97.15000152587891 311.5 -15.94107437133789
v -98.40000152587891 311.5 -16.06311416625977
v -99.65000152587891 311.5 -16.35774040222168
v -99.90000152587891 311.5 -16.41666603088379
v -99.90000152587891 311.25 -16.41666603088379
v -99.90000152587891 310 -16.41666603088379
v -99.90000152587891 275.5 -16.41666603088379
v -99.90000152587891 241 -16.41666603088379
v -99.90000152587891 206.5 -16.41666603088379
v -99.90000152587891 172 -16.41666603088379
v -99.90000152587891 137.5 -16.41666603088379
v -99.90000152587891 120.25 -16.41666603088379
v -99.90000152587891 103 -16.41666603088379
v -99.90000152587891 101.75 -16.41666603088379
v -99.90000152587891 101.5 -16.41666603088379
v -99.65000152587891 101.5 -16.35774040222168
v -98.40000152587891 101.5 -16.06311416625977
v -97.15000152587891 101.5 -15.94107437133789
v -96.90000152587891 101.5 -15.91666698455811
v -96.90000152587891 101.75 -15.91666698455811
v -96.90000152587891 103 -15.91666698455811
v -96.90000152587891 120.25 -15.91666698455811
v -96.90000152587891 137.5 -15.91666698455811
v -96.90000152587891 172 -15.91666698455811
v -96.90000152587891 206.5 -15.91666698455811
v -96.90000152587891 241 -15.91666698455811
v -96.90000152587891 275.5 15.91666698455811
v -96.90000152587891 310 15.91666698455811
v -96.90000152587891 311.25 15.91666698455811
v -96.90000152587891 311.5 15.91666698455811
v -97.15000152587891 311.5 15.94107437133789
v -98.40000152587891 311.5 16.06311416625977
v -99.65000152587891 311.5 16.35774040222168
v -99.90000152587891 311.5 16.41666603088379
v -99.90000152587891 311.25 16.41666603088379
v -99.90000152587891 310 16.41666603088379
v -99.90000152587891 275.5 16.41666603088379
v -99.90000152587891 241 16.41666603088379
v -99.90000152587891 206.5 16.41666603088379
v -99.90000152587891 172 16.41666603088379
v -99.90000152587891 137.5 16.41666603088379
v -99.90000152587891 120.25 16.41666603088379
v -99.90000152587891 103 16.41666603088379
v -99.90000152587891 101.75 16.41666603088379
v -99.90000152587891 101.5 16.41666603088379
v -99.65000152587891 101.5 16.35774040222168
v -98.40000152587891 101.5 16.06311416625977
v -97.15000152587891 101.5 15.94107437133789
v -96.90000152587891 101.5 15.91666698455811
v -96.90000152587891 101.75 15.91666698455811
v -96.90000152587891 103 15.91666698455811
v -96.90000152587891 120.25 15.91666698455811
v -96.90000152587891 137.5 15.91666698455811
v -96.90000152587891 172 15.91666698455811
v -96.90000152587891 206.5 15.91666698455811
v -96.90000152587891 241 15.91666698455811
# 450 vertices

vn 0.70710879564285 0 0.70710474252701
vn 0.70710784196854 0 0.70710569620132
vn 0.70710778236389 0 0.70710575580597
vn 0.70710778236389 0 -0.70710575580597
vn 0.70710784196854 0 -0.70710575580597
vn 0.70710879564285 0 -0.70710474252701
vn 0.70710879564285 0 -0.70710474252701
vn 0.70710778236389 0 -0.70710575580597
vn 0.70710676908493 0 0.70710676908493
vn 0.70710778236389 0 0.70710575580597
vn 0.70710879564285 0 0.70710474252701
vn 0.70709151029587 0 0.70712202787399
vn 0.70709151029587 0 0.70712202787399
vn 0.70710015296936 0 -0.7071133852005
vn 0.70709729194641 0 -0.70711630582809
vn 0.70709151029587 0 -0.70712202787399
vn 0.70710676908493 0 0.70710676908493
vn 0.70710784196854 0 0.70710575580597
vn 0.70710015296936 0 0.7071133852005
vn 0.70709735155106 0 0.70711624622345
vn 0.70709729194641 0 0.70711630582809
vn 0.70709735155106 0 -0.70711624622345
vn 0.70709151029587 0 -0.70712202787399
vn 0.70710784196854 0 -0.70710569620132
# 24 normals

vt 0.09539875388145 0.48931050300598 0
vt 0.09540832042694 0.4083446264267 0
vt 0.02070088684559 0.40833902359009 0
vt 0.02068976871669 0.48930156230927 0
vt 0.00937455520034 0.98932951688766 0
vt 0.00938889756799 0.94883120059967 0
vt 0.00499557424337 0.94882959127426 0
vt 0.00498136691749 0.98932749032974 0
vt 0.39895525574684 0.50339710712433 0
vt 0.39896881580353 0.58438456058502 0
vt 0.47604820132256 0.58437061309814 0
vt 0.47602874040604 0.50338190793991 0
vt 0.48900589346886 0.98942691087723 0
vt 0.48900291323662 0.94891279935837 0
vt 0.4846079647541 0.94891309738159 0
vt 0.48461073637009 0.98942738771439 0
vt 0.47527396678925 0.99353927373886 0
vt 0.47112229466438 0.99647665023804 0
vt 0.47527480125427 0.99647605419159 0
vt 0.47821050882339 0.99353832006454 0
vt 0.46894192695618 0.00352048873901 0
vt 0.46894183754921 0.04400312900543 0
vt 0.47187533974648 0.04400300979614 0
vt 0.47187539935112 0.0035206079483 0
vt 0.46895676851273 0.48930370807648 0
vt 0.39424532651901 0.48931300640106 0
vt 0.39424708485603 0.49224710464478 0
vt 0.46896022558212 0.49223780632019 0
vt 0.01861742138863 0.49634003639221 0
vt 0.09401778876781 0.49635148048401 0
vt 0.09516522288322 0.49341785907745 0
vt 0.02033993043005 0.49340772628784 0
vt 0.01776754669845 0.40833878517151 0
vt 0.01775640808046 0.48929977416992 0
vt 0.39567485451698 0.99647057056427 0
vt 0.39452841877937 0.99940603971481 0
vt 0.46940264105797 0.99941259622574 0
vt 0.02070214226842 0.00352120399475 0
vt 0.09540827572346 0.00352096557617 0
vt 0.09540824592113 0.0005875825882 0
vt 0.02070220001042 0.00058770179749 0
vt 0.47233873605728 0.99941259622574 0
vt 0.4802154302597 0.98942738771439 0
vt 0.48021548986435 0.99236369132996 0
vt 0.48461103439331 0.99236357212067 0
vt 0.00058825552696 0.98932564258575 0
vt 0.00058703921968 0.99226003885269 0
vt 0.00498007331043 0.99226206541061 0
vt 0.01430864725262 0.99637490510941 0
vt 0.01845899783075 0.99637711048126 0
vt 0.01431021094322 0.99344021081924 0
vt 0.0113758072257 0.99343872070312 0
vt 0.47610452771187 0.98942655324936 0
vt 0.39899632334709 0.9894272685051 0
vt 0.39899629354477 0.99236238002777 0
vt 0.47610431909561 0.9923632144928 0
vt 0.09388688951731 0.99640792608261 0
vt 0.09112104028463 0.99347186088562 0
vt 0.01740639656782 0.49340343475342 0
vt 0.01446556579322 0.49633359909058 0
vt 0.00951570272446 0.50337290763855 0
vt 0.00951699540019 0.5004386305809 0
vt 0.00512419315055 0.50043731927872 0
vt 0.00512326648459 0.50337153673172 0
vt 0.48892220854759 0.50337719917297 0
vt 0.48892143368721 0.50044274330139 0
vt 0.48452845215797 0.50044393539429 0
vt 0.48452925682068 0.50337839126587 0
vt 0.47518461942673 0.49633753299713 0
vt 0.47103106975555 0.49634408950806 0
vt 0.47518941760063 0.49927580356598 0
vt 0.47812855243683 0.49927115440369 0
vt 0.39562705159187 0.49635529518127 0
vt 0.39839592576027 0.49928915500641 0
vt 0.01362258102745 0.50337499380112 0
vt 0.09069005399942 0.5033922791481 0
vt 0.09069187939167 0.50045835971832 0
vt 0.01362526416779 0.50044178962708 0
vt 0.01348228380084 0.98933219909668 0
vt 0.01349724363536 0.94883286952972 0
vt 0.01056262757629 0.94883179664612 0
vt 0.0105481306091 0.98933058977127 0
vt 0.01724181510508 0.99931132793427 0
vt 0.02017664350569 0.99931287765503 0
vt 0.47898280620575 0.58437007665634 0
vt 0.4789627790451 0.50338035821915 0
vt 0.01446070149541 0.49927031993866 0
vt 0.01152320951223 0.49926555156708 0
vt 0.47896069288254 0.50044548511505 0
vt 0.47602584958076 0.50044816732407 0
vt 0.47224217653275 0.49340629577637 0
vt 0.46930769085884 0.49341106414795 0
vt 0.47189483046532 0.49223399162292 0
vt 0.47189062833786 0.48930168151855 0
vt 0.01054668333381 0.99226450920105 0
vt 0.01348087470978 0.99226641654968 0
vt 0.47187551856041 0.00058686733246 0
vt 0.46894192695618 0.00058698654175 0
vt 0.01069124694914 0.50043916702271 0
vt 0.01068889256567 0.503373503685 0
vt 0.01776858791709 0.0005875825882 0
vt 0.01776862703264 0.00352120399475 0
vt 0.01775304973125 0.49223160743713 0
vt 0.02068681456149 0.49223494529724 0
vt 0.47904083132744 0.99236345291138 0
vt 0.47904077172279 0.98942679166794 0
vt 0.00060221139574 0.94882827997208 0
vt 0.48021304607391 0.94891357421875 0
vt 0.48900631070137 0.99236297607422 0
vt 0.00937312655151 0.9922639131546 0
vt 0.00073169969255 0.50043612718582 0
vt 0.00073079176946 0.50337022542953 0
vt 0.48013526201248 0.50044518709183 0
vt 0.48013636469841 0.5033797621727 0
vt 0.01010227762163 0.50337320566177 0
vt 0.01007919106632 0.58435559272766 0
vt 0.01066605653614 0.5843557715416 0
vt 0.00996142067015 0.98932987451553 0
vt 0.0099757630378 0.94883149862289 0
vt 0.48959308862686 0.98942691087723 0
vt 0.48959010839462 0.94891279935837 0
vt 0.47247716784477 0.48930108547211 0
vt 0.47246396541595 0.40833830833435 0
vt 0.47187730669975 0.40833842754364 0
vt 0.48021551966667 0.99295097589493 0
vt 0.48461112380028 0.99295085668564 0
vt 0.4761053621769 0.99647581577301 0
vt 0.47921296954155 0.99336618185043 0
vt 0.47904083132744 0.99295085668564 0
vt 0.47610431909561 0.99295097589493 0
vt 0.02068536728621 0.49282157421112 0
vt 0.09539586305618 0.49283111095428 0
vt 0.09539717435837 0.49224424362183 0
vt 0.46896189451218 0.49282467365265 0
vt 0.39424860477448 0.49283421039581 0
vt 0.39447939395905 0.49342119693756 0
vt 0.01718191616237 0.00352120399475 0
vt 0.01718197390437 0.0440034866333 0
vt 0.01776864565909 0.0440034866333 0
vt 0.00014402336092 0.50336998701096 0
vt 0.00011993317457 0.58435267210007 0
vt 0.00070681725629 0.584352850914 0
vt 0.02052018791437 0.99990022182465 0
vt 0.09526083618402 0.99993067979813 0
vt 0.09503184258938 0.99934351444244 0
vt 0.46894192695618 0.00000011920929 0
vt 0.3942351937294 0.00000011920929 0
vt 0.39423516392708 0.00058686733246 0
vt 0.47299721837044 0.99958449602127 0
vt 0.48900645971298 0.9929501414299 0
vt 0.47187551856041 0.00000011920929 0
vt 0.46905869245529 1 0
vt 0.47199481725693 0.99999976158142 0
vt 0.47962817549706 0.99236369132996 0
vt 0.47962811589241 0.98942703008652 0
vt 0.01718187704682 0.0005875825882 0
vt 0.00000137052325 0.98932540416718 0
vt 0.00000021205014 0.99225980043411 0
vt 0.00058682629606 0.99284684658051 0
vt 0.00497984141111 0.99284899234772 0
vt 0.01347865443677 0.99637418985367 0
vt 0.01658348739147 0.99948287010193 0
vt 0.01054633595049 0.99285119771957 0
vt 0.01348054595292 0.9928532242775 0
vt 0.01037412881851 0.99326610565186 0
vt 0.00937283691019 0.99285060167313 0
vt 0.09056796878576 0.99288445711136 0
vt 0.09056828916073 0.99229753017426 0
vt 0.39899623394012 0.99294918775558 0
vt 0.39844259619713 0.99353551864624 0
vt 0.0167488027364 0.49322998523712 0
vt 0.01363491639495 0.49633204936981 0
vt 0.00512436684221 0.4998505115509 0
vt 0.00073185388464 0.49984931945801 0
vt 0.01775158196688 0.49281775951386 0
vt 0.01010415051132 0.50043886899948 0
vt 0.00951714999974 0.49985158443451 0
vt 0.01052014064044 0.499436378479 0
vt 0.47248136997223 0.49223256111145 0
vt 0.48950910568237 0.50337707996368 0
vt 0.48950839042664 0.5004426240921 0
vt 0.48892125487328 0.49985587596893 0
vt 0.48452830314636 0.49985706806183 0
vt 0.47601568698883 0.49633598327637 0
vt 0.4729001224041 0.49323260784149 0
vt 0.47896018624306 0.49985802173614 0
vt 0.47602397203445 0.49986159801483 0
vt 0.47913214564323 0.49944221973419 0
vt 0.48013517260551 0.49985814094543 0
vt 0.01362694334239 0.49985551834106 0
vt 0.09069339185953 0.49987149238586 0
vt 0.09124916791916 0.49928486347198 0
vt 0.39895191788673 0.49987602233887 0
vt 0.39895343780518 0.50046288967133 0
vt 0.01758526265621 0.99989861249924 0
vt 0.02070220001042 0.00000095367432 0
vt 0.01776856929064 0.00000083446503 0
vt 0.47954958677292 0.50338006019592 0
vt 0.4795697927475 0.58437007665634 0
vt 0.4801567196846 0.58436995744705 0
vt 0.47962591052055 0.94891363382339 0
vt 0.47903874516487 0.94891357421875 0
vt 0.01069190353155 0.49985194206238 0
vt 0.47954803705215 0.50044530630112 0
vt 0.47189661860466 0.49282038211823 0
vt 0.00995995290577 0.99226403236389 0
vt 0.48959347605705 0.99236273765564 0
vt 0.47246214747429 0.0035206079483 0
vt 0.47246226668358 0.00058686733246 0
vt 0.00014489174646 0.50043600797653 0
vt 0.01716994866729 0.48929929733276 0
vt 0.01716672442853 0.49223041534424 0
vt 0.47962820529938 0.99295097589493 0
vt 0.47954794764519 0.49985790252686 0
vt 0.00995954778045 0.99285084009171 0
vt 0.0101044010371 0.49985158443451 0
vt 0.47248342633247 0.49281871318817 0
vt 0.48950818181038 0.49985575675964 0
vt 0.48959365487099 0.99295002222061 0
vt 0.47258198261261 0.99999976158142 0
vt 0.47246223688126 0.00000011920929 0
vt 0.00014504688443 0.49984920024872 0
vt 0.01716510206461 0.49281620979309 0
vt 0.01718185842037 0.00000083446503 0
vt 0.01699826307595 0.99989825487137 0
vt 0 0.99284672737122 0
vt 0.3942349255085 0.4083446264267 0
vt 0.31952828168869 0.4083446264267 0
vt 0.31953349709511 0.4893171787262 0
vt 0.4689439535141 0.40833866596222 0
vt 0.17010898888111 0.48931539058685 0
vt 0.17011496424675 0.4083446264267 0
vt 0.24482162296772 0.4083446264267 0
vt 0.20746830105782 0.4083446264267 0
vt 0.20746463537216 0.48931741714478 0
vt 0.24482083320618 0.48931860923767 0
vt 0.28217497467995 0.4083446264267 0
vt 0.28217726945877 0.48931860923767 0
vt 0.09067304432392 0.58437436819077 0
vt 0.16774563491344 0.58438640832901 0
vt 0.16775639355183 0.50340348482132 0
vt 0.01360034383833 0.58435642719269 0
vt 0.32188531756401 0.5034059882164 0
vt 0.32189202308655 0.5843917131424 0
vt 0.24481810629368 0.58439213037491 0
vt 0.28335481882095 0.584392786026 0
vt 0.2833526134491 0.50340807437897 0
vt 0.24482034146786 0.50340819358826 0
vt 0.20628178119659 0.5843899846077 0
vt 0.2062883079052 0.50340658426285 0
vt 0.17010821402073 0.49224984645844 0
vt 0.31953424215317 0.49225187301636 0
vt 0.28217750787735 0.49225330352783 0
vt 0.20746426284313 0.49225199222565 0
vt 0.24482075870037 0.49225342273712 0
vt 0.32022348046303 0.49636173248291 0
vt 0.319649964571 0.49342715740204 0
vt 0.16941876709461 0.49635934829712 0
vt 0.16999240219593 0.49342489242554 0
vt 0.20711959898472 0.49636173248291 0
vt 0.20740643143654 0.49342715740204 0
vt 0.2448205947876 0.49636363983154 0
vt 0.28252190351486 0.49636340141296 0
vt 0.28223523497581 0.49342858791351 0
vt 0.24482068419456 0.49342882633209 0
vt 0.1693225055933 0.99643987417221 0
vt 0.16989448666573 0.99937558174133 0
vt 0.32022723555565 0.99647617340088 0
vt 0.31965398788452 0.99941205978394 0
vt 0.28249904513359 0.99647325277328 0
vt 0.28221201896667 0.99940931797028 0
vt 0.24477127194405 0.99646562337875 0
vt 0.2070454955101 0.99645340442657 0
vt 0.2073311060667 0.99938946962357 0
vt 0.24477049708366 0.99940145015717 0
vt 0.31952837109566 0.00352048873901 0
vt 0.39423513412476 0.00352036952972 0
vt 0.31952840089798 0.00058686733246 0
vt 0.17011471092701 0.00352084636688 0
vt 0.17011468112469 0.00058722496033 0
vt 0.20746806263924 0.0035206079483 0
vt 0.20746803283691 0.00058686733246 0
vt 0.24482150375843 0.00352036952972 0
vt 0.28217497467995 0.00352036952972 0
vt 0.28217500448227 0.00058674812317 0
vt 0.24482150375843 0.00058674812317 0
vt 0.16766488552094 0.98939317464828 0
vt 0.09056954085827 0.98936265707016 0
vt 0.1676637083292 0.99232882261276 0
vt 0.32188791036606 0.98942881822586 0
vt 0.32188788056374 0.99236500263214 0
vt 0.28333044052124 0.98942643404007 0
vt 0.28333005309105 0.99236261844635 0
vt 0.24477301537991 0.98941904306412 0
vt 0.2062174975872 0.98940777778625 0
vt 0.20621651411057 0.99234360456467 0
vt 0.24477230012417 0.99235510826111 0
vt 0.32161110639572 0.9935399889946 0
vt 0.16793996095657 0.99350380897522 0
vt 0.2063545435667 0.99351751804352 0
vt 0.28319144248962 0.99353730678558 0
vt 0.24477203190327 0.9935297369957 0
vt 0.16803494095802 0.4992938041687 0
vt 0.32160723209381 0.49929642677307 0
vt 0.28321370482445 0.49929821491241 0
vt 0.20642764866352 0.49929654598236 0
vt 0.24482050538063 0.4992983341217 0
vt 0.32188472151756 0.50047135353088 0
vt 0.16775715351105 0.50046890974045 0
vt 0.20628874003887 0.50047188997269 0
vt 0.28335237503052 0.50047338008881 0
vt 0.24482041597366 0.5004734992981 0
vt 0.31953483819962 0.49283957481384 0
vt 0.17010758817196 0.49283730983734 0
vt 0.20746399462223 0.49283957481384 0
vt 0.24482071399689 0.49284112453461 0
vt 0.28217771649361 0.49284088611603 0
vt 0.3195393383503 0.99999928474426 0
vt 0.39429911971092 0.9999932050705 0
vt 0.17000888288021 0.9999628663063 0
vt 0.20738822221756 0.99997663497925 0
vt 0.24477034807205 0.99998861551285 0
vt 0.28215461969376 0.99999660253525 0
vt 0.17011466622353 0.00000047683716 0
vt 0.09540823101997 0.00000083446503 0
vt 0.31952840089798 0.00000023841858 0
vt 0.28217500448227 0 0
vt 0.24482150375843 0 0
vt 0.20746801793575 0.00000011920929 0
vt 0.32188788056374 0.99295234680176 0
vt 0.16766345500946 0.99291604757309 0
vt 0.20621632039547 0.99293065071106 0
vt 0.24477216601372 0.99294263124466 0
vt 0.28332996368408 0.99294990301132 0
vt 0.32188433408737 0.49988389015198 0
vt 0.16775768995285 0.49988150596619 0
vt 0.2062890380621 0.49988412857056 0
vt 0.24482046067715 0.4998859167099 0
vt 0.28335219621658 0.49988579750061 0
vt 0.09540832042694 0.16545021533966 0
vt 0.09540832042694 0.08448553085327 0
vt 0.02070198766887 0.08448565006256 0
vt 0.02070208452642 0.16545045375824 0
vt 0.09540838003159 0.04400324821472 0
vt 0.02070214226842 0.0440034866333 0
vt 0.09540832042694 0.32737982273102 0
vt 0.0207031276077 0.32737803459167 0
vt 0.09540832042694 0.24641501903534 0
vt 0.02070262469351 0.24641489982605 0
vt 0.00946979876608 0.66534358263016 0
vt 0.00949232559651 0.58435541391373 0
vt 0.00509960018098 0.58435410261154 0
vt 0.00507676461712 0.66534239053726 0
vt 0.00940239056945 0.90833240747452 0
vt 0.00942547805607 0.82733392715454 0
vt 0.0050321156159 0.82733261585236 0
vt 0.00500900903717 0.9083309173584 0
vt 0.00944771524519 0.74633675813675 0
vt 0.00505444966257 0.74633556604385 0
vt 0.39899253845215 0.82739078998566 0
vt 0.39899510145187 0.90840631723404 0
vt 0.476099640131 0.90840190649033 0
vt 0.47609189152718 0.82738411426544 0
vt 0.39899581670761 0.94891631603241 0
vt 0.4761029779911 0.94891363382339 0
vt 0.39897954463959 0.66537940502167 0
vt 0.47606590390205 0.66536748409271 0
vt 0.39898744225502 0.74638158082962 0
vt 0.47608062624931 0.74637228250504 0
vt 0.48896187543869 0.66536504030228 0
vt 0.48894312977791 0.5843677520752 0
vt 0.48454990983009 0.58436888456345 0
vt 0.48456823825836 0.6653658747673 0
vt 0.48899868130684 0.90840041637421 0
vt 0.48899009823799 0.82738244533539 0
vt 0.4845957159996 0.82738298177719 0
vt 0.48460403084755 0.90840089321136 0
vt 0.4889777302742 0.74637013673782 0
vt 0.48458370566368 0.74637091159821 0
vt 0.4689404964447 0.32737755775452 0
vt 0.47187393903732 0.32737755775452 0
vt 0.46894165873528 0.08448565006256 0
vt 0.46894130110741 0.16545045375824 0
vt 0.47187483310699 0.16545045375824 0
vt 0.47187522053719 0.08448565006256 0
vt 0.46894067525864 0.24641478061676 0
vt 0.47187414765358 0.24641478061676 0
vt 0.01776843331754 0.08448565006256 0
vt 0.01776860840619 0.16545045375824 0
vt 0.01776974648237 0.32737803459167 0
vt 0.01776912808418 0.24641489982605 0
vt 0.01357808709145 0.66534459590912 0
vt 0.01064358651638 0.66534388065338 0
vt 0.01351062115282 0.90833413600922 0
vt 0.01353405509144 0.82733511924744 0
vt 0.01059932354838 0.82733434438705 0
vt 0.0105760442093 0.90833312273026 0
vt 0.01355619635433 0.74633783102036 0
vt 0.01062159985304 0.74633699655533 0
vt 0.47903519868851 0.9084016084671 0
vt 0.47902721166611 0.82738369703293 0
vt 0.4790007174015 0.66536688804626 0
vt 0.47901570796967 0.74637180566788 0
vt 0.00068371114321 0.66534119844437 0
vt 0.00063873355975 0.82733130455017 0
vt 0.00061560817994 0.90832954645157 0
vt 0.00066116405651 0.74633431434631 0
vt 0.480174690485 0.66536682844162 0
vt 0.48020139336586 0.82738357782364 0
vt 0.48020938038826 0.90840137004852 0
vt 0.48018971085548 0.74637162685394 0
vt 0.01001240126789 0.82733422517776 0
vt 0.00998923648149 0.90833276510239 0
vt 0.01005668286234 0.66534376144409 0
vt 0.01003461889923 0.74633687734604 0
vt 0.48954886198044 0.66536498069763 0
vt 0.48953002691269 0.58436757326126 0
vt 0.48958578705788 0.90840029716492 0
vt 0.48957717418671 0.82738238573074 0
vt 0.48956474661827 0.74637001752853 0
vt 0.47246155142784 0.16545045375824 0
vt 0.47246193885803 0.08448565006256 0
vt 0.47246205806732 0.04400300979614 0
vt 0.47246065735817 0.32737755775452 0
vt 0.47246089577675 0.24641478061676 0
vt 0.0171830561012 0.32737803459167 0
vt 0.01718085445464 0.40833878517151 0
vt 0.01718172430992 0.08448565006256 0
vt 0.01718189753592 0.16545045375824 0
vt 0.01718239858747 0.24641489982605 0
vt 0.00005179164145 0.82733118534088 0
vt 0.00002864604539 0.90832942724228 0
vt 0.00001525016887 0.94882816076279 0
vt 0.00009682613018 0.66534107923508 0
vt 0.00007422213821 0.74633425474167 0
vt 0.47961431741714 0.82738369703293 0
vt 0.4796222448349 0.90840137004852 0
vt 0.47958770394325 0.66536688804626 0
vt 0.47960272431374 0.74637174606323 0
vt 0.3942349255085 0.16545021533966 0
vt 0.3942349255085 0.08448553085327 0
vt 0.31952828168869 0.08448553085327 0
vt 0.31952828168869 0.16545021533966 0
vt 0.39423501491547 0.04400300979614 0
vt 0.31952831149101 0.04400300979614 0
vt 0.3942349255085 0.32737982273102 0
vt 0.31952828168869 0.32737982273102 0
vt 0.3942349255085 0.24641501903534 0
vt 0.31952828168869 0.24641501903534 0
vt 0.17011496424675 0.16545021533966 0
vt 0.17011496424675 0.08448553085327 0
vt 0.17011487483978 0.04400312900543 0
vt 0.17011496424675 0.32737982273102 0
vt 0.17011496424675 0.24641501903534 0
vt 0.24482162296772 0.08448553085327 0
vt 0.20746830105782 0.08448553085327 0
vt 0.20746830105782 0.16545021533966 0
vt 0.24482162296772 0.16545021533966 0
vt 0.24482157826424 0.04400300979614 0
vt 0.20746821165085 0.04400300979614 0
vt 0.24482162296772 0.32737982273102 0
vt 0.20746830105782 0.32737982273102 0
vt 0.24482162296772 0.24641501903534 0
vt 0.20746830105782 0.24641501903534 0
vt 0.28217497467995 0.08448553085327 0
vt 0.28217497467995 0.16545021533966 0
vt 0.28217497467995 0.04400289058685 0
vt 0.28217497467995 0.32737982273102 0
vt 0.28217497467995 0.24641501903534 0
vt 0.09061983972788 0.82735598087311 0
vt 0.0905978307128 0.90835839509964 0
vt 0.16769024729729 0.90838050842285 0
vt 0.16770848631859 0.82737338542938 0
vt 0.09058462828398 0.94886034727097 0
vt 0.16767880320549 0.94888627529144 0
vt 0.09065619856119 0.66536277532578 0
vt 0.16773480176926 0.66537582874298 0
vt 0.09063878655434 0.74635702371597 0
vt 0.16772277653217 0.74637168645859 0
vt 0.32189539074898 0.82739156484604 0
vt 0.32189190387726 0.90840584039688 0
vt 0.32188957929611 0.94891619682312 0
vt 0.32189571857452 0.66538459062576 0
vt 0.32189682126045 0.74638450145721 0
vt 0.24478907883167 0.90839755535126 0
vt 0.28334021568298 0.90840286016464 0
vt 0.28334763646126 0.82738947868347 0
vt 0.24480049312115 0.82738566398621 0
vt 0.24478174746037 0.94890689849854 0
vt 0.28333550691605 0.94891309738159 0
vt 0.24481435120106 0.66538327932358 0
vt 0.28335478901863 0.66538465023041 0
vt 0.24480867385864 0.74638110399246 0
vt 0.28335246443748 0.7463835477829 0
vt 0.20623898506165 0.90839010477066 0
vt 0.20625406503677 0.82738029956818 0
vt 0.20622929930687 0.94889771938324 0
vt 0.20627439022064 0.66538023948669 0
vt 0.20626543462276 0.74637711048126 0
# 499 texture coordinates

o Haube.3
usemtl Glas
f 3722/4328/2 3927/4327/2 3922/4326/2 3832/4325/2
f 3732/4332/675 4059/4331/674 4058/4330/673 3753/4329/673
f 3710/4336/29 3997/4335/29 3992/4334/29 3878/4333/29
f 3736/4340/677 4073/4339/676 4072/4338/656 3771/4337/656
f 3745/4344/1 3775/4343/1 3712/4342/1 3744/4341/1
f 3796/4348/2 4070/4347/2 4069/4346/2 3720/4345/2
f 3799/4352/2 3913/4351/2 3828/4350/2 3721/4349/2
f 3798/4356/5 3907/4355/5 3902/4354/5 3714/4353/5
f 3801/4358/2 3932/4357/2 3927/4327/2 3722/4328/2
f 3803/4361/1 3848/4360/1 3853/4359/1 3712/4342/1
f 3802/4365/2 3842/4364/2 3837/4363/2 3723/4362/2
f 3803/4361/1 3712/4342/1 3775/4343/1 3774/4366/1
f 3736/4340/677 3743/4369/680 3742/4368/679 3794/4367/678
f 3732/4332/675 3787/4372/682 3786/4371/681 3800/4370/681
f 3757/4376/1 3788/4375/1 3713/4374/1 3756/4373/1
f 3789/4380/29 3868/4379/29 3873/4378/29 3711/4377/29
f 3788/4375/1 3862/4382/1 3857/4381/1 3713/4374/1
f 3798/4356/5 3714/4353/5 3781/4384/5 3780/4383/5
f 3733/4388/675 3763/4387/682 3762/4386/683 3793/4385/673
f 3737/4392/677 3769/4391/680 3768/4390/656 3797/4389/656
f 3751/4396/5 3791/4395/5 3715/4394/5 3750/4393/5
f 3791/4395/5 3893/4398/5 3898/4397/5 3715/4394/5
f 3790/4402/29 3887/4401/29 3882/4400/29 3709/4399/29
f 3792/4406/29 4084/4405/29 4083/4404/29 3708/4403/29
f 3785/4408/1 3784/4407/1 3756/4373/1 3713/4374/1
f 3795/4410/29 4002/4409/29 3997/4335/29 3710/4336/29
f 3761/4412/5 3781/4384/5 3714/4353/5 3760/4411/5
f 3795/4410/29 3710/4336/29 3749/4414/29 3748/4413/29
f 3767/4416/5 3766/4415/5 3750/4393/5 3715/4394/5
f 3799/4352/2 3721/4349/2 3765/4418/2 3764/4417/2
f 3792/4406/29 3708/4403/29 3755/4420/29 3754/4419/29
f 3796/4348/2 3720/4345/2 3773/4422/2 3772/4421/2
f 3790/4402/29 3709/4399/29 3759/4424/29 3758/4423/29
f 3802/4365/2 3723/4362/2 3783/4426/2 3782/4425/2
f 3801/4358/2 3722/4328/2 3779/4428/2 3778/4427/2
f 3789/4380/29 3711/4377/29 3741/4430/29 3740/4429/29
f 3800/4370/681 4060/4431/681 4059/4331/674 3732/4332/675
f 3794/4367/678 4074/4432/678 4073/4339/676 3736/4340/677
f 3771/4337/656 3770/4433/656 3743/4369/680 3736/4340/677
f 3753/4329/673 3752/4434/683 3787/4372/682 3732/4332/675
f 3777/4436/681 3776/4435/681 3763/4387/682 3733/4388/675
f 3747/4438/678 3746/4437/679 3769/4391/680 3737/4392/677
f 3759/4424/29 3962/4441/29 3957/4440/29 3716/4439/29
f 3753/4329/684 4058/4330/685 4085/4443/685 3717/4442/684
f 3771/4337/656 4072/4338/656 4071/4445/656 3724/4444/656
f 3765/4418/2 4032/4448/2 4027/4447/2 3725/4446/2
f 3742/4368/687 3743/4369/677 3739/4450/677 3804/4449/686
f 3775/4343/1 3745/4344/1 3804/4452/1 3739/4451/1
f 3745/4344/1 3744/4341/1 3705/4454/1 3805/4453/1
f 3789/4380/29 3740/4429/29 3805/4453/29 3705/4454/29
f 3779/4428/2 3917/4457/2 3912/4456/2 3726/4455/2
f 3767/4416/5 3903/4460/5 3908/4459/5 3727/4458/5
f 3783/4426/2 4062/4463/2 4061/4462/2 3728/4461/2
f 3777/4436/681 3942/4466/681 3937/4465/681 3729/4464/681
f 3785/4408/1 3852/4469/1 3847/4468/1 3730/4467/1
f 3773/4422/2 3838/4472/2 3843/4471/2 3731/4470/2
f 3774/4366/1 3775/4343/1 3739/4451/1 3806/4473/1
f 3743/4369/677 3770/4433/665 3806/4474/656 3739/4450/677
f 3772/4421/2 3773/4422/2 3731/4470/2 3807/4475/2
f 3803/4361/1 3774/4366/1 3807/4477/1 3731/4476/1
f 3740/4429/29 3741/4430/29 3719/4479/29 3808/4478/29
f 3794/4367/688 3742/4368/687 3808/4478/688 3719/4479/688
f 3782/4425/2 3783/4426/2 3728/4461/2 3809/4480/2
f 3800/4370/681 3786/4371/689 3809/4482/681 3728/4481/681
f 3786/4371/689 3787/4372/690 3735/4484/690 3810/4483/681
f 3756/4373/1 3784/4407/1 3810/4486/1 3735/4485/1
f 3754/4419/29 3755/4420/29 3704/4488/29 3811/4487/29
f 3788/4375/1 3757/4376/1 3811/4487/1 3704/4488/1
f 3757/4376/1 3756/4373/1 3735/4485/1 3812/4489/1
f 3787/4372/690 3752/4434/692 3812/4490/691 3735/4484/690
f 3755/4420/29 3872/4492/29 3867/4491/29 3704/4488/29
f 3744/4341/1 3858/4494/1 3863/4493/1 3705/4454/1
f 3780/4383/5 3781/4384/5 3734/4496/5 3813/4495/5
f 3763/4387/690 3776/4435/689 3813/4498/681 3734/4497/690
f 3778/4427/2 3779/4428/2 3726/4455/2 3814/4499/2
f 3798/4356/5 3780/4383/5 3814/4499/5 3726/4455/5
f 3758/4423/29 3759/4424/29 3716/4439/29 3815/4500/29
f 3793/4385/684 3762/4386/693 3815/4500/684 3716/4439/684
f 3762/4386/693 3763/4387/690 3734/4497/690 3816/4501/691
f 3781/4384/5 3761/4412/5 3816/4502/5 3734/4496/5
f 3764/4417/2 3765/4418/2 3725/4446/2 3817/4503/2
f 3797/4389/656 3768/4390/665 3817/4505/656 3725/4504/656
f 3768/4390/665 3769/4391/677 3738/4507/677 3818/4506/656
f 3750/4393/5 3766/4415/5 3818/4509/5 3738/4508/5
f 3748/4413/29 3749/4414/29 3707/4511/29 3819/4510/29
f 3791/4395/5 3751/4396/5 3819/4510/5 3707/4511/5
f 3751/4396/5 3750/4393/5 3738/4508/5 3820/4512/5
f 3769/4391/677 3746/4437/694 3820/4513/686 3738/4507/677
f 3760/4411/5 3897/4516/5 3892/4515/5 3706/4514/5
f 3749/4414/29 3883/4518/29 3888/4517/29 3707/4511/29
f 3784/4407/1 3785/4408/1 3730/4467/1 3821/4519/1
f 3802/4365/2 3782/4425/2 3821/4521/2 3730/4520/2
f 3747/4438/688 4012/4524/695 4007/4523/695 3718/4522/688
f 3741/4430/29 4076/4526/29 4075/4525/29 3719/4479/29
f 3761/4412/5 3760/4411/5 3706/4514/5 3822/4527/5
f 3790/4402/29 3758/4423/29 3822/4527/29 3706/4514/29
f 3746/4437/694 3747/4438/688 3718/4522/688 3823/4528/688
f 3795/4410/29 3748/4413/29 3823/4528/29 3718/4522/29
f 3766/4415/5 3767/4416/5 3727/4458/5 3824/4529/5
f 3799/4352/2 3764/4417/2 3824/4529/2 3727/4458/2
f 3752/4434/692 3753/4329/684 3717/4442/684 3825/4530/684
f 3792/4406/29 3754/4419/29 3825/4530/29 3717/4442/29
f 3770/4433/665 3771/4337/656 3724/4444/656 3826/4531/656
f 3796/4348/2 3772/4421/2 3826/4533/2 3724/4532/2
f 3776/4435/689 3777/4436/681 3729/4464/681 3827/4534/681
f 3801/4358/2 3778/4427/2 3827/4536/2 3729/4535/2
f 3805/4453/29 3740/4429/29 3808/4478/29 3696/4537/29
f 3804/4452/1 3745/4344/1 3805/4453/1 3696/4537/1
f 3808/4478/688 3742/4368/687 3804/4449/686 3696/4537/695
f 3820/4513/686 3746/4437/694 3823/4528/688 3697/4538/695
f 3819/4510/5 3751/4396/5 3820/4512/5 3697/4538/5
f 3823/4528/29 3748/4413/29 3819/4510/29 3697/4538/29
f 3812/4490/691 3752/4434/692 3825/4530/684 3698/4539/685
f 3811/4487/1 3757/4376/1 3812/4489/1 3698/4539/1
f 3825/4530/29 3754/4419/29 3811/4487/29 3698/4539/29
f 3822/4527/29 3758/4423/29 3815/4500/29 3699/4540/29
f 3816/4502/5 3761/4412/5 3822/4527/5 3699/4540/5
f 3815/4500/684 3762/4386/693 3816/4501/691 3699/4540/685
f 3824/4529/2 3764/4417/2 3817/4503/2 3700/4541/2
f 3818/4509/5 3766/4415/5 3824/4529/5 3700/4541/5
f 3817/4505/656 3768/4390/665 3818/4506/656 3700/4542/656
f 3806/4474/656 3770/4433/665 3826/4531/656 3701/4543/656
f 3807/4477/1 3774/4366/1 3806/4473/1 3701/4544/1
f 3826/4533/2 3772/4421/2 3807/4475/2 3701/4545/2
f 3813/4498/681 3776/4435/689 3827/4534/681 3702/4546/681
f 3814/4499/5 3780/4383/5 3813/4495/5 3702/4547/5
f 3827/4536/2 3778/4427/2 3814/4499/2 3702/4547/2
f 3821/4521/2 3782/4425/2 3809/4480/2 3703/4548/2
f 3810/4486/1 3784/4407/1 3821/4519/1 3703/4549/1
f 3809/4482/681 3786/4371/689 3810/4483/681 3703/4550/681
f 3829/4553/2 4047/4552/2 4042/4551/2 3828/4350/2
f 3828/4350/2 4042/4551/2 4037/4554/2 3721/4349/2
f 3832/4325/2 3922/4326/2 4057/4556/2 3831/4555/2
f 3830/4560/2 4117/4559/2 4116/4558/2 4052/4557/2
f 3829/4553/2 4087/4562/2 4086/4561/2 4047/4552/2
f 3881/4565/29 3977/4564/29 3972/4563/29 3882/4400/29
f 3882/4400/29 3972/4563/29 3967/4566/29 3709/4399/29
f 3878/4333/29 3992/4334/29 3987/4568/29 3879/4567/29
f 3880/4572/29 4095/4571/29 4096/4570/29 3982/4569/29
f 3881/4565/29 4125/4574/29 4126/4573/29 3977/4564/29
f 3916/4575/2 3917/4457/2 3832/4325/2 3831/4555/2
f 3917/4457/2 3779/4428/2 3722/4328/2 3832/4325/2
f 3913/4351/2 3914/4576/2 3829/4553/2 3828/4350/2
f 3914/4576/2 4088/4577/2 4087/4562/2 3829/4553/2
f 3915/4579/2 4118/4578/2 4117/4559/2 3830/4560/2
f 3904/4581/5 3903/4460/5 3898/4397/5 3899/4580/5
f 3903/4460/5 3767/4416/5 3715/4394/5 3898/4397/5
f 3907/4355/5 3906/4583/5 3901/4582/5 3902/4354/5
f 3906/4583/5 4120/4585/5 4121/4584/5 3901/4582/5
f 3905/4589/5 4090/4588/5 4091/4587/5 3900/4586/5
f 3851/4591/1 3852/4469/1 3857/4381/1 3856/4590/1
f 3852/4469/1 3785/4408/1 3713/4374/1 3857/4381/1
f 3848/4360/1 3849/4593/1 3854/4592/1 3853/4359/1
f 3849/4593/1 4107/4595/1 4106/4594/1 3854/4592/1
f 3850/4599/1 4137/4598/1 4136/4597/1 3855/4596/1
f 3839/4602/2 3838/4472/2 3833/4601/2 3834/4600/2
f 3838/4472/2 3773/4422/2 3720/4345/2 3833/4601/2
f 3842/4364/2 3841/4604/2 3836/4603/2 3837/4363/2
f 3841/4604/2 4139/4606/2 4140/4605/2 3836/4603/2
f 3840/4610/2 4109/4609/2 4110/4608/2 3835/4607/2
f 3871/4613/29 3872/4492/29 3877/4612/29 3876/4611/29
f 3872/4492/29 3755/4420/29 3708/4403/29 3877/4612/29
f 3868/4379/29 3869/4615/29 3874/4614/29 3873/4378/29
f 3869/4615/29 4103/4617/29 4102/4616/29 3874/4614/29
f 3870/4621/29 4133/4620/29 4132/4619/29 3875/4618/29
f 3859/4622/1 3858/4494/1 3853/4359/1 3854/4592/1
f 3858/4494/1 3744/4341/1 3712/4342/1 3853/4359/1
f 3862/4382/1 3861/4623/1 3856/4590/1 3857/4381/1
f 3861/4623/1 4135/4624/1 4136/4597/1 3856/4590/1
f 3860/4626/1 4105/4625/1 4106/4594/1 3855/4596/1
f 3896/4627/5 3897/4516/5 3902/4354/5 3901/4582/5
f 3897/4516/5 3760/4411/5 3714/4353/5 3902/4354/5
f 3893/4398/5 3894/4628/5 3899/4580/5 3898/4397/5
f 3894/4628/5 4092/4629/5 4091/4587/5 3899/4580/5
f 3895/4631/5 4122/4630/5 4121/4584/5 3900/4586/5
f 3884/4632/29 3883/4518/29 3878/4333/29 3879/4567/29
f 3883/4518/29 3749/4414/29 3710/4336/29 3878/4333/29
f 3887/4401/29 3886/4633/29 3881/4565/29 3882/4400/29
f 3886/4633/29 4124/4634/29 4125/4574/29 3881/4565/29
f 3885/4636/29 4094/4635/29 4095/4571/29 3880/4572/29
f 3914/4576/2 3913/4351/2 3908/4459/2 3909/4637/2
f 3913/4351/2 3799/4352/2 3727/4458/2 3908/4459/2
f 3917/4457/2 3916/4575/2 3911/4638/2 3912/4456/2
f 3916/4575/2 4118/4578/2 4119/4639/2 3911/4638/2
f 3915/4579/2 4088/4577/2 4089/4641/2 3910/4640/2
f 3906/4583/5 3907/4355/5 3912/4456/5 3911/4638/5
f 3907/4355/5 3798/4356/5 3726/4455/5 3912/4456/5
f 3903/4460/5 3904/4581/5 3909/4637/5 3908/4459/5
f 3904/4581/5 4090/4588/5 4089/4641/5 3909/4637/5
f 3905/4589/5 4120/4585/5 4119/4639/5 3910/4640/5
f 3849/4593/1 3848/4360/1 3843/4643/1 3844/4642/1
f 3848/4360/1 3803/4361/1 3731/4476/1 3843/4643/1
f 3852/4469/1 3851/4591/1 3846/4644/1 3847/4468/1
f 3851/4591/1 4137/4598/1 4138/4645/1 3846/4644/1
f 3850/4599/1 4107/4595/1 4108/4647/1 3845/4646/1
f 3841/4604/2 3842/4364/2 3847/4649/2 3846/4648/2
f 3842/4364/2 3802/4365/2 3730/4520/2 3847/4649/2
f 3838/4472/2 3839/4602/2 3844/4650/2 3843/4471/2
f 3839/4602/2 4109/4609/2 4108/4651/2 3844/4650/2
f 3840/4610/2 4139/4606/2 4138/4653/2 3845/4652/2
f 3869/4615/29 3868/4379/29 3863/4493/29 3864/4654/29
f 3868/4379/29 3789/4380/29 3705/4454/29 3863/4493/29
f 3872/4492/29 3871/4613/29 3866/4655/29 3867/4491/29
f 3871/4613/29 4133/4620/29 4134/4656/29 3866/4655/29
f 3870/4621/29 4103/4617/29 4104/4658/29 3865/4657/29
f 3861/4623/1 3862/4382/1 3867/4491/1 3866/4655/1
f 3862/4382/1 3788/4375/1 3704/4488/1 3867/4491/1
f 3858/4494/1 3859/4622/1 3864/4654/1 3863/4493/1
f 3859/4622/1 4105/4625/1 4104/4658/1 3864/4654/1
f 3860/4626/1 4135/4624/1 4134/4656/1 3865/4657/1
f 3894/4628/5 3893/4398/5 3888/4517/5 3889/4659/5
f 3893/4398/5 3791/4395/5 3707/4511/5 3888/4517/5
f 3897/4516/5 3896/4627/5 3891/4660/5 3892/4515/5
f 3896/4627/5 4122/4630/5 4123/4661/5 3891/4660/5
f 3895/4631/5 4092/4629/5 4093/4663/5 3890/4662/5
f 3886/4633/29 3887/4401/29 3892/4515/29 3891/4660/29
f 3887/4401/29 3790/4402/29 3706/4514/29 3892/4515/29
f 3883/4518/29 3884/4632/29 3889/4659/29 3888/4517/29
f 3884/4632/29 4094/4635/29 4093/4663/29 3889/4659/29
f 3885/4636/29 4124/4634/29 4123/4661/29 3890/4662/29
f 3924/4667/2 3923/4666/2 3918/4665/2 3919/4664/2
f 3923/4666/2 4063/4669/2 4064/4668/2 3918/4665/2
f 3927/4327/2 3926/4671/2 3921/4670/2 3922/4326/2
f 3926/4671/2 3925/4673/2 3920/4672/2 3921/4670/2
f 3925/4673/2 3924/4667/2 3919/4664/2 3920/4672/2
f 3946/4677/675 3947/4676/674 3952/4675/673 3951/4674/673
f 3947/4676/674 3733/4388/675 3793/4385/673 3952/4675/673
f 3943/4681/675 3944/4680/674 3949/4679/673 3948/4678/673
f 3944/4680/674 3945/4683/674 3950/4682/673 3949/4679/673
f 3945/4683/674 3946/4677/675 3951/4674/673 3950/4682/673
f 3994/4687/29 3993/4686/29 3988/4685/29 3989/4684/29
f 3993/4686/29 4077/4689/29 4078/4688/29 3988/4685/29
f 3997/4335/29 3996/4691/29 3991/4690/29 3992/4334/29
f 3996/4691/29 3995/4693/29 3990/4692/29 3991/4690/29
f 3995/4693/29 3994/4687/29 3989/4684/29 3990/4692/29
f 4016/4697/696 4017/4696/676 4022/4695/656 4021/4694/656
f 4017/4696/676 3737/4392/677 3797/4389/656 4022/4695/656
f 4013/4701/696 4014/4700/676 4019/4699/656 4018/4698/656
f 4014/4700/676 4015/4703/676 4020/4702/656 4019/4699/656
f 4015/4703/676 4016/4697/696 4021/4694/656 4020/4702/656
f 4031/4705/2 4032/4448/2 4037/4554/2 4036/4704/2
f 4032/4448/2 3765/4418/2 3721/4349/2 4037/4554/2
f 4028/4709/2 4029/4708/2 4034/4707/2 4033/4706/2
f 4029/4708/2 4030/4711/2 4035/4710/2 4034/4707/2
f 4030/4711/2 4031/4705/2 4036/4704/2 4035/4710/2
f 3929/4713/2 3928/4712/2 3923/4666/2 3924/4667/2
f 3928/4712/2 4062/4463/2 4063/4669/2 3923/4666/2
f 3932/4357/2 3931/4714/2 3926/4671/2 3927/4327/2
f 3931/4714/2 3930/4715/2 3925/4673/2 3926/4671/2
f 3930/4715/2 3929/4713/2 3924/4667/2 3925/4673/2
f 3961/4717/29 3962/4441/29 3967/4566/29 3966/4716/29
f 3962/4441/29 3759/4424/29 3709/4399/29 3967/4566/29
f 3958/4721/29 3959/4720/29 3964/4719/29 3963/4718/29
f 3959/4720/29 3960/4723/29 3965/4722/29 3964/4719/29
f 3960/4723/29 3961/4717/29 3966/4716/29 3965/4722/29
f 3999/4725/29 3998/4724/29 3993/4686/29 3994/4687/29
f 3998/4724/29 4076/4526/29 4077/4689/29 3993/4686/29
f 4002/4409/29 4001/4726/29 3996/4691/29 3997/4335/29
f 4001/4726/29 4000/4727/29 3995/4693/29 3996/4691/29
f 4000/4727/29 3999/4725/29 3994/4687/29 3995/4693/29
f 3941/4728/681 3942/4466/681 3947/4676/674 3946/4677/675
f 3942/4466/681 3777/4436/681 3733/4388/675 3947/4676/674
f 3938/4730/681 3939/4729/681 3944/4680/674 3943/4681/675
f 3939/4729/681 3940/4731/681 3945/4683/674 3944/4680/674
f 3940/4731/681 3941/4728/681 3946/4677/675 3945/4683/674
f 4011/4732/678 4012/4524/678 4017/4696/676 4016/4697/696
f 4012/4524/678 3747/4438/678 3737/4392/677 4017/4696/676
f 4008/4734/678 4009/4733/678 4014/4700/676 4013/4701/696
f 4009/4733/678 4010/4735/678 4015/4703/676 4014/4700/676
f 4010/4735/678 4011/4732/678 4016/4697/696 4015/4703/676
f 3959/4720/29 3958/4721/29 3953/4737/29 3954/4736/29
f 3958/4721/29 4084/4405/29 4085/4443/29 3953/4737/29
f 3962/4441/29 3961/4717/29 3956/4738/29 3957/4440/29
f 3961/4717/29 3960/4723/29 3955/4739/29 3956/4738/29
f 3960/4723/29 3959/4720/29 3954/4736/29 3955/4739/29
f 3951/4674/685 3952/4675/685 3957/4440/685 3956/4738/685
f 3952/4675/685 3793/4385/684 3716/4439/684 3957/4440/685
f 3948/4678/685 3949/4679/685 3954/4736/685 3953/4737/685
f 3949/4679/685 3950/4682/685 3955/4739/685 3954/4736/685
f 3950/4682/685 3951/4674/685 3956/4738/685 3955/4739/685
f 4021/4694/656 4022/4695/656 4027/4741/656 4026/4740/656
f 4022/4695/656 3797/4389/656 3725/4504/656 4027/4741/656
f 4018/4698/656 4019/4699/656 4024/4743/656 4023/4742/656
f 4019/4699/656 4020/4702/656 4025/4744/656 4024/4743/656
f 4020/4702/656 4021/4694/656 4026/4740/656 4025/4744/656
f 4029/4708/2 4028/4709/2 4023/4746/2 4024/4745/2
f 4028/4709/2 4070/4347/2 4071/4747/2 4023/4746/2
f 4032/4448/2 4031/4705/2 4026/4748/2 4027/4447/2
f 4031/4705/2 4030/4711/2 4025/4749/2 4026/4748/2
f 4030/4711/2 4029/4708/2 4024/4745/2 4025/4749/2
f 3931/4714/2 3932/4357/2 3937/4751/2 3936/4750/2
f 3932/4357/2 3801/4358/2 3729/4535/2 3937/4751/2
f 3928/4712/2 3929/4713/2 3934/4753/2 3933/4752/2
f 3929/4713/2 3930/4715/2 3935/4754/2 3934/4753/2
f 3930/4715/2 3931/4714/2 3936/4750/2 3935/4754/2
f 3939/4729/681 3938/4730/681 3933/4756/681 3934/4755/681
f 3938/4730/681 4060/4431/681 4061/4757/681 3933/4756/681
f 3942/4466/681 3941/4728/681 3936/4758/681 3937/4465/681
f 3941/4728/681 3940/4731/681 3935/4759/681 3936/4758/681
f 3940/4731/681 3939/4729/681 3934/4755/681 3935/4759/681
f 4009/4733/695 4008/4734/695 4003/4761/695 4004/4760/695
f 4008/4734/695 4074/4432/695 4075/4525/695 4003/4761/695
f 4012/4524/695 4011/4732/695 4006/4762/695 4007/4523/695
f 4011/4732/695 4010/4735/695 4005/4763/695 4006/4762/695
f 4010/4735/695 4009/4733/695 4004/4760/695 4005/4763/695
f 4001/4726/29 4002/4409/29 4007/4523/29 4006/4762/29
f 4002/4409/29 3795/4410/29 3718/4522/29 4007/4523/29
f 3998/4724/29 3999/4725/29 4004/4760/29 4003/4761/29
f 3999/4725/29 4000/4727/29 4005/4763/29 4004/4760/29
f 4000/4727/29 4001/4726/29 4006/4762/29 4005/4763/29
f 4044/4767/2 4043/4766/2 4038/4765/2 4039/4764/2
f 4043/4766/2 4067/4769/2 4068/4768/2 4038/4765/2
f 4047/4552/2 4046/4771/2 4041/4770/2 4042/4551/2
f 4046/4771/2 4045/4773/2 4040/4772/2 4041/4770/2
f 4045/4773/2 4044/4767/2 4039/4764/2 4040/4772/2
f 4039/4764/2 4038/4765/2 4033/4706/2 4034/4707/2
f 4038/4765/2 4068/4768/2 4069/4346/2 4033/4706/2
f 4042/4551/2 4041/4770/2 4036/4704/2 4037/4554/2
f 4041/4770/2 4040/4772/2 4035/4710/2 4036/4704/2
f 4040/4772/2 4039/4764/2 4034/4707/2 4035/4710/2
f 3919/4664/2 3918/4665/2 4053/4775/2 4054/4774/2
f 3918/4665/2 4064/4668/2 4065/4776/2 4053/4775/2
f 3922/4326/2 3921/4670/2 4056/4777/2 4057/4556/2
f 3921/4670/2 3920/4672/2 4055/4778/2 4056/4777/2
f 3920/4672/2 3919/4664/2 4054/4774/2 4055/4778/2
f 4049/4782/2 4143/4781/2 4142/4780/2 4048/4779/2
f 4048/4779/2 4142/4780/2 4141/4784/2 4066/4783/2
f 4052/4557/2 4116/4558/2 4145/4786/2 4051/4785/2
f 4051/4785/2 4145/4786/2 4144/4788/2 4050/4787/2
f 4050/4787/2 4144/4788/2 4143/4781/2 4049/4782/2
f 4044/4767/2 4113/4790/2 4112/4789/2 4043/4766/2
f 4043/4766/2 4112/4789/2 4111/4791/2 4067/4769/2
f 4047/4552/2 4086/4561/2 4115/4792/2 4046/4771/2
f 4046/4771/2 4115/4792/2 4114/4793/2 4045/4773/2
f 4045/4773/2 4114/4793/2 4113/4790/2 4044/4767/2
f 3974/4797/29 3973/4796/29 3968/4795/29 3969/4794/29
f 3973/4796/29 4081/4799/29 4082/4798/29 3968/4795/29
f 3977/4564/29 3976/4801/29 3971/4800/29 3972/4563/29
f 3976/4801/29 3975/4803/29 3970/4802/29 3971/4800/29
f 3975/4803/29 3974/4797/29 3969/4794/29 3970/4802/29
f 3969/4794/29 3968/4795/29 3963/4718/29 3964/4719/29
f 3968/4795/29 4082/4798/29 4083/4404/29 3963/4718/29
f 3972/4563/29 3971/4800/29 3966/4716/29 3967/4566/29
f 3971/4800/29 3970/4802/29 3965/4722/29 3966/4716/29
f 3970/4802/29 3969/4794/29 3964/4719/29 3965/4722/29
f 3989/4684/29 3988/4685/29 3983/4805/29 3984/4804/29
f 3988/4685/29 4078/4688/29 4079/4806/29 3983/4805/29
f 3992/4334/29 3991/4690/29 3986/4807/29 3987/4568/29
f 3991/4690/29 3990/4692/29 3985/4808/29 3986/4807/29
f 3990/4692/29 3989/4684/29 3984/4804/29 3985/4808/29
f 3979/4812/29 4099/4811/29 4100/4810/29 3978/4809/29
f 3978/4809/29 4100/4810/29 4101/4814/29 4080/4813/29
f 3982/4569/29 4096/4570/29 4097/4816/29 3981/4815/29
f 3981/4815/29 4097/4816/29 4098/4818/29 3980/4817/29
f 3980/4817/29 4098/4818/29 4099/4811/29 3979/4812/29
f 3974/4797/29 4129/4820/29 4130/4819/29 3973/4796/29
f 3973/4796/29 4130/4819/29 4131/4821/29 4081/4799/29
f 3977/4564/29 4126/4573/29 4127/4822/29 3976/4801/29
f 3976/4801/29 4127/4822/29 4128/4823/29 3975/4803/29
f 3975/4803/29 4128/4823/29 4129/4820/29 3974/4797/29
f 4059/4331/674 3943/4681/675 3948/4678/673 4058/4330/673
f 4073/4339/676 4013/4701/696 4018/4698/656 4072/4338/656
f 4070/4347/2 4028/4709/2 4033/4706/2 4069/4346/2
f 4084/4405/29 3958/4721/29 3963/4718/29 4083/4404/29
f 4060/4431/681 3938/4730/681 3943/4681/675 4059/4331/674
f 4074/4432/678 4008/4734/678 4013/4701/696 4073/4339/676
f 4058/4330/685 3948/4678/685 3953/4737/685 4085/4443/685
f 4072/4338/656 4018/4698/656 4023/4742/656 4071/4445/656
f 4062/4463/2 3928/4712/2 3933/4752/2 4061/4462/2
f 4076/4526/29 3998/4724/29 4003/4761/29 4075/4525/29
f 4063/4669/2 3723/4362/2 3837/4363/2 4064/4668/2
f 4077/4689/29 3711/4377/29 3873/4378/29 4078/4688/29
f 4062/4463/2 3783/4426/2 3723/4362/2 4063/4669/2
f 4076/4526/29 3741/4430/29 3711/4377/29 4077/4689/29
f 4084/4405/29 3792/4406/29 3717/4442/29 4085/4443/29
f 4070/4347/2 3796/4348/2 3724/4532/2 4071/4747/2
f 4060/4431/681 3800/4370/681 3728/4481/681 4061/4757/681
f 4074/4432/695 3794/4367/688 3719/4479/688 4075/4525/695
f 4067/4769/2 3834/4600/2 3833/4601/2 4068/4768/2
f 4068/4768/2 3833/4601/2 3720/4345/2 4069/4346/2
f 4064/4668/2 3837/4363/2 3836/4603/2 4065/4776/2
f 4066/4783/2 4141/4784/2 4140/4605/2 3835/4607/2
f 4067/4769/2 4111/4791/2 4110/4608/2 3834/4600/2
f 4081/4799/29 3876/4611/29 3877/4612/29 4082/4798/29
f 4082/4798/29 3877/4612/29 3708/4403/29 4083/4404/29
f 4078/4688/29 3873/4378/29 3874/4614/29 4079/4806/29
f 4080/4813/29 4101/4814/29 4102/4616/29 3875/4618/29
f 4081/4799/29 4131/4821/29 4132/4619/29 3876/4611/29
f 4087/4562/2 3830/4560/2 4052/4557/2 4086/4561/2
f 4095/4571/29 3879/4567/29 3987/4568/29 4096/4570/29
f 4088/4577/2 3915/4579/2 3830/4560/2 4087/4562/2
f 4090/4588/5 3904/4581/5 3899/4580/5 4091/4587/5
f 4107/4595/1 3850/4599/1 3855/4596/1 4106/4594/1
f 4109/4609/2 3839/4602/2 3834/4600/2 4110/4608/2
f 4103/4617/29 3870/4621/29 3875/4618/29 4102/4616/29
f 4105/4625/1 3859/4622/1 3854/4592/1 4106/4594/1
f 4092/4629/5 3895/4631/5 3900/4586/5 4091/4587/5
f 4094/4635/29 3884/4632/29 3879/4567/29 4095/4571/29
f 4088/4577/2 3914/4576/2 3909/4637/2 4089/4641/2
f 4090/4588/5 3905/4589/5 3910/4640/5 4089/4641/5
f 4107/4595/1 3849/4593/1 3844/4642/1 4108/4647/1
f 4109/4609/2 3840/4610/2 3845/4652/2 4108/4651/2
f 4103/4617/29 3869/4615/29 3864/4654/29 4104/4658/29
f 4105/4625/1 3860/4626/1 3865/4657/1 4104/4658/1
f 4092/4629/5 3894/4628/5 3889/4659/5 4093/4663/5
f 4094/4635/29 3885/4636/29 3890/4662/29 4093/4663/29
f 4113/4790/2 4049/4782/2 4048/4779/2 4112/4789/2
f 4112/4789/2 4048/4779/2 4066/4783/2 4111/4791/2
f 4086/4561/2 4052/4557/2 4051/4785/2 4115/4792/2
f 4115/4792/2 4051/4785/2 4050/4787/2 4114/4793/2
f 4114/4793/2 4050/4787/2 4049/4782/2 4113/4790/2
f 4099/4811/29 3984/4804/29 3983/4805/29 4100/4810/29
f 4100/4810/29 3983/4805/29 4079/4806/29 4101/4814/29
f 4096/4570/29 3987/4568/29 3986/4807/29 4097/4816/29
f 4097/4816/29 3986/4807/29 3985/4808/29 4098/4818/29
f 4098/4818/29 3985/4808/29 3984/4804/29 4099/4811/29
f 4111/4791/2 4066/4783/2 3835/4607/2 4110/4608/2
f 4101/4814/29 4079/4806/29 3874/4614/29 4102/4616/29
f 4117/4559/2 3831/4555/2 4057/4556/2 4116/4558/2
f 4125/4574/29 3880/4572/29 3982/4569/29 4126/4573/29
f 4118/4578/2 3916/4575/2 3831/4555/2 4117/4559/2
f 4120/4585/5 3905/4589/5 3900/4586/5 4121/4584/5
f 4137/4598/1 3851/4591/1 3856/4590/1 4136/4597/1
f 4139/4606/2 3840/4610/2 3835/4607/2 4140/4605/2
f 4133/4620/29 3871/4613/29 3876/4611/29 4132/4619/29
f 4135/4624/1 3860/4626/1 3855/4596/1 4136/4597/1
f 4122/4630/5 3896/4627/5 3901/4582/5 4121/4584/5
f 4124/4634/29 3885/4636/29 3880/4572/29 4125/4574/29
f 4118/4578/2 3915/4579/2 3910/4640/2 4119/4639/2
f 4120/4585/5 3906/4583/5 3911/4638/5 4119/4639/5
f 4137/4598/1 3850/4599/1 3845/4646/1 4138/4645/1
f 4139/4606/2 3841/4604/2 3846/4648/2 4138/4653/2
f 4133/4620/29 3870/4621/29 3865/4657/29 4134/4656/29
f 4135/4624/1 3861/4623/1 3866/4655/1 4134/4656/1
f 4122/4630/5 3895/4631/5 3890/4662/5 4123/4661/5
f 4124/4634/29 3886/4633/29 3891/4660/29 4123/4661/29
f 4143/4781/2 4054/4774/2 4053/4775/2 4142/4780/2
f 4142/4780/2 4053/4775/2 4065/4776/2 4141/4784/2
f 4116/4558/2 4057/4556/2 4056/4777/2 4145/4786/2
f 4145/4786/2 4056/4777/2 4055/4778/2 4144/4788/2
f 4144/4788/2 4055/4778/2 4054/4774/2 4143/4781/2
f 4129/4820/29 3979/4812/29 3978/4809/29 4130/4819/29
f 4130/4819/29 3978/4809/29 4080/4813/29 4131/4821/29
f 4126/4573/29 3982/4569/29 3981/4815/29 4127/4822/29
f 4127/4822/29 3981/4815/29 3980/4817/29 4128/4823/29
f 4128/4823/29 3980/4817/29 3979/4812/29 4129/4820/29
f 4141/4784/2 4065/4776/2 3836/4603/2 4140/4605/2
f 4131/4821/29 4080/4813/29 3875/4618/29 4132/4619/29

v 100 101.5 -99.90000152587891
v 100 311.5 -99.90000152587891
v -100 101.5 -99.90000152587891
v -100 311.5 -99.90000152587891
v 97 311.5 -96.90000152587891
v 97 101.5 -96.90000152587891
v -97 311.5 -96.90000152587891
v -97 101.5 -96.90000152587891
v -98.5 101.5 -99.90000152587891
v 98.5 101.5 -99.90000152587891
v -98.5 311.5 -99.90000152587891
v 98.5 311.5 -99.90000152587891
v -98.5 103 -99.90000152587891
v -98.5 310 -99.90000152587891
v 98.5 310 -99.90000152587891
v 98.5 103 -99.90000152587891
v 96.37867736816406 101.5 -98.40000152587891
v -96.37867736816406 101.5 -98.40000152587891
v -96.37867736816406 311.5 -98.40000152587891
v 96.37867736816406 311.5 -98.40000152587891
v -100 310 -99.90000152587891
v -100 103 -99.90000152587891
v 100 310 -99.90000152587891
v 100 103 -99.90000152587891
v 95.5 103 -96.90000152587891
v 95.5 310 -96.90000152587891
v -95.5 310 -96.90000152587891
v -95.5 103 -96.90000152587891
v 97 103 -96.90000152587891
v 97 310 -96.90000152587891
v -95.5 311.5 -96.90000152587891
v 95.5 311.5 -96.90000152587891
v -97 103 -96.90000152587891
v -97 310 -96.90000152587891
v -95.5 101.5 -96.90000152587891
v 95.5 101.5 -96.90000152587891
v -98.5 103 -98.40000152587891
v -98.5 310 -98.40000152587891
v -98.5 311.5 -98.40000152587891
v -98.5 101.5 -98.40000152587891
v 98.5 103 -98.40000152587891
v 98.5 310 -98.40000152587891
v 98.5 311.5 -98.40000152587891
v 98.5 101.5 -98.40000152587891
v 99.75 101.75 -99.90000152587891
v 99.75 103 -99.90000152587891
v 99.82322692871094 101.75 -99.72322082519531
v 98.5 101.75 -98.40000152587891
v 98.14644622802734 101.5 -99.65000152587891
v 99.39644622802734 101.5 -99.65000152587891
v 99.82322692871094 311.25 -99.72322082519531
v 99.82322692871094 310 -99.72322082519531
v 99.75 311.25 -99.90000152587891
v 98.5 311.25 -99.90000152587891
v 98.14644622802734 311.5 -98.40000152587891
v 99.39644622802734 311.5 -99.65000152587891
v -99.82322692871094 101.75 -99.72322082519531
v -99.82322692871094 103 -99.72322082519531
v -99.75 101.75 -99.90000152587891
v -98.5 101.75 -99.90000152587891
v -98.14644622802734 101.5 -98.40000152587891
v -99.39644622802734 101.5 -99.65000152587891
v -99.75 311.25 -99.90000152587891
v -99.75 310 -99.90000152587891
v -98.14644622802734 311.5 -99.65000152587891
v -99.39644622802734 311.5 -99.65000152587891
v -99.82322692871094 311.25 -99.72322082519531
v -98.5 311.25 -98.40000152587891
v 96.75 311.25 -96.90000152587891
v 96.75 310 -96.90000152587891
v 96.89644622802734 311.5 -97.15000152587891
v 95.64644622802734 311.5 -97.15000152587891
v 97.17677307128906 311.25 -97.07677459716797
v 98.5 311.25 -98.40000152587891
v 97.17677307128906 101.75 -97.07677459716797
v 97.17677307128906 103 -97.07677459716797
v 96.75 101.75 -96.90000152587891
v 95.5 101.75 -96.90000152587891
v 96.89644622802734 101.5 -97.15000152587891
v 98.14644622802734 101.5 -98.40000152587891
v -97.17677307128906 311.25 -97.07677459716797
v -97.17677307128906 310 -97.07677459716797
v -96.75 311.25 -96.90000152587891
v -95.5 311.25 -96.90000152587891
v -96.89644622802734 311.5 -97.15000152587891
v -98.14644622802734 311.5 -98.40000152587891
v -96.75 101.75 -96.90000152587891
v -96.75 103 -96.90000152587891
v -96.89644622802734 101.5 -97.15000152587891
v -95.64644622802734 101.5 -97.15000152587891
v -97.17677307128906 101.75 -97.07677459716797
v -98.5 101.75 -98.40000152587891
v -98.14644622802734 101.5 -99.65000152587891
v 98.5 101.75 -99.90000152587891
v -98.5 311.25 -99.90000152587891
v 98.14644622802734 311.5 -99.65000152587891
v -99.75 103 -99.90000152587891
v -99.82322692871094 310 -99.72322082519531
v 99.82322692871094 103 -99.72322082519531
v 99.75 310 -99.90000152587891
v 96.75 103 -96.90000152587891
v 97.17677307128906 310 -97.07677459716797
v -95.64644622802734 311.5 -97.15000152587891
v 95.5 311.25 -96.90000152587891
v -97.17677307128906 103 -97.07677459716797
v -96.75 310 -96.90000152587891
v -95.5 101.75 -96.90000152587891
v 95.64644622802734 101.5 -97.15000152587891
v 99.82322692871094 101.5 -99.72322082519531
v 99.75 101.5 -99.90000152587891
v 97.17677307128906 101.5 -97.07677459716797
v 96.75 101.5 -96.90000152587891
v 100 101.75 -99.90000152587891
v -97 101.75 -96.90000152587891
v -97.17677307128906 101.5 -97.07677459716797
v -99.75 101.5 -99.90000152587891
v -99.82322692871094 101.5 -99.72322082519531
v -97.17677307128906 311.5 -97.07677459716797
v -96.75 311.5 -96.90000152587891
v -100 311.25 -99.90000152587891
v -99.82322692871094 311.5 -99.72322082519531
v 97 311.25 -96.90000152587891
v 97.17677307128906 311.5 -97.07677459716797
v 99.75 311.5 -99.90000152587891
v 99.82322692871094 311.5 -99.72322082519531
v -96.75 101.5 -96.90000152587891
v -99.75 311.5 -99.90000152587891
v 100 311.25 -99.90000152587891
v 96.75 311.5 -96.90000152587891
v -100 101.75 -99.90000152587891
v 97 101.75 -96.90000152587891
v -97 311.25 -96.90000152587891
v 63.66666793823242 310 -96.90000152587891
v 31.83333396911621 310 -96.90000152587891
v -0.00000000000001 310 -96.90000152587891
v -31.83333396911621 310 -96.90000152587891
v -63.66666793823242 310 -96.90000152587891
v 63.66666793823242 103 -96.90000152587891
v 31.83333396911621 103 -96.90000152587891
v -0.00000000000001 103 -96.90000152587891
v -31.83333396911621 103 -96.90000152587891
v -63.66666793823242 103 -96.90000152587891
v 63.66666793823242 101.75 -96.90000152587891
v 31.83333396911621 101.75 -96.90000152587891
v -0.00000000000001 101.75 -96.90000152587891
v -31.83333396911621 101.75 -96.90000152587891
v -63.66666793823242 101.75 -96.90000152587891
v 63.66666793823242 101.5 -96.90000152587891
v 31.83333396911621 101.5 -96.90000152587891
v -0.00000000000001 101.5 -96.90000152587891
v -31.83333396911621 101.5 -96.90000152587891
v -63.66666793823242 101.5 -96.90000152587891
v 63.76429748535156 101.5 -97.15000152587891
v 31.88214874267578 101.5 -97.15000152587891
v -0.00000000000001 101.5 -97.15000152587891
v -31.88214874267578 101.5 -97.15000152587891
v -63.76429748535156 101.5 -97.15000152587891
v 64.25245666503906 101.5 -98.40000152587891
v 32.12622833251953 101.5 -98.40000152587891
v -0.00000000000001 101.5 -98.40000152587891
v -32.12622833251953 101.5 -98.40000152587891
v -64.25245666503906 101.5 -98.40000152587891
v 65.43096160888672 101.5 -99.65000152587891
v 32.71548080444336 101.5 -99.65000152587891
v -0.00000000000001 101.5 -99.65000152587891
v -32.71548080444336 101.5 -99.65000152587891
v -65.43096160888672 101.5 -99.65000152587891
v 65.66666412353516 101.5 -99.90000152587891
v 32.83333206176758 101.5 -99.90000152587891
v -0.00000000000001 101.5 -99.90000152587891
v -32.83333206176758 101.5 -99.90000152587891
v -65.66666412353516 101.5 -99.90000152587891
v 65.66666412353516 101.75 -99.90000152587891
v 32.83333206176758 101.75 -99.90000152587891
v -0.00000000000001 101.75 -99.90000152587891
v -32.83333206176758 101.75 -99.90000152587891
v -65.66666412353516 101.75 -99.90000152587891
v 65.66666412353516 103 -99.90000152587891
v 32.83333206176758 103 -99.90000152587891
v -0.00000000000001 103 -99.90000152587891
v -32.83333206176758 103 -99.90000152587891
v -65.66666412353516 103 -99.90000152587891
v 65.66666412353516 310 -99.90000152587891
v 32.83333206176758 310 -99.90000152587891
v -0.00000000000001 310 -99.90000152587891
v -32.83333206176758 310 -99.90000152587891
v -65.66666412353516 310 -99.90000152587891
v 65.66666412353516 311.25 -99.90000152587891
v 32.83333206176758 311.25 -99.90000152587891
v -0.00000000000001 311.25 -99.90000152587891
v -32.83333206176758 311.25 -99.90000152587891
v -65.66666412353516 311.25 -99.90000152587891
v 65.66666412353516 311.5 -99.90000152587891
v 32.83333206176758 311.5 -99.90000152587891
v -0.00000000000001 311.5 -99.90000152587891
v -32.83333206176758 311.5 -99.90000152587891
v -65.66666412353516 311.5 -99.90000152587891
v 65.43096160888672 311.5 -99.65000152587891
v 32.71548080444336 311.5 -99.65000152587891
v -0.00000000000001 311.5 -99.65000152587891
v -32.71548080444336 311.5 -99.65000152587891
v -65.43096160888672 311.5 -99.65000152587891
v 64.25245666503906 311.5 -98.40000152587891
v 32.12622833251953 311.5 -98.40000152587891
v -0.00000000000001 311.5 -98.40000152587891
v -32.12622833251953 311.5 -98.40000152587891
v -64.25245666503906 311.5 -98.40000152587891
v 63.76429748535156 311.5 -97.15000152587891
v 31.88214874267578 311.5 -97.15000152587891
v -0.00000000000001 311.5 -97.15000152587891
v -31.88214874267578 311.5 -97.15000152587891
v -63.76429748535156 311.5 -97.15000152587891
v 63.66666793823242 311.5 -96.90000152587891
v 31.83333396911621 311.5 -96.90000152587891
v -0.00000000000001 311.5 -96.90000152587891
v -31.83333396911621 311.5 -96.90000152587891
v -63.66666793823242 311.5 -96.90000152587891
v 63.66666793823242 311.25 -96.90000152587891
v 31.83333396911621 311.25 -96.90000152587891
v -0.00000000000001 311.25 -96.90000152587891
v -31.83333396911621 311.25 -96.90000152587891
v -63.66666793823242 311.25 -96.90000152587891
v -63.66666793823242 137.5 -96.90000152587891
v -63.66666793823242 172 -96.90000152587891
v -63.66666793823242 206.5 -96.90000152587891
v -63.66666793823242 241 -96.90000152587891
v -63.66666793823242 275.5 -96.90000152587891
v -95.5 137.5 -96.90000152587891
v -95.5 172 -96.90000152587891
v -95.5 206.5 -96.90000152587891
v -95.5 241 -96.90000152587891
v -95.5 275.5 -96.90000152587891
v -96.75 137.5 -96.90000152587891
v -96.75 172 -96.90000152587891
v -96.75 206.5 -96.90000152587891
v -96.75 241 -96.90000152587891
v -96.75 275.5 -96.90000152587891
v -97 137.5 -96.90000152587891
v -97 172 -96.90000152587891
v -97 206.5 -96.90000152587891
v -97 241 -96.90000152587891
v -97 275.5 -96.90000152587891
v -97.17677307128906 137.5 -97.07677459716797
v -97.17677307128906 172 -97.07677459716797
v -97.17677307128906 206.5 -97.07677459716797
v -97.17677307128906 241 -97.07677459716797
v -97.17677307128906 275.5 -97.07677459716797
v -98.5 137.5 -98.40000152587891
v -98.5 172 -98.40000152587891
v -98.5 206.5 -98.40000152587891
v -98.5 241 -98.40000152587891
v -98.5 275.5 -98.40000152587891
v -99.82322692871094 137.5 -99.72322082519531
v -99.82322692871094 172 -99.72322082519531
v -99.82322692871094 206.5 -99.72322082519531
v -99.82322692871094 241 -99.72322082519531
v -99.82322692871094 275.5 -99.72322082519531
v -100 137.5 -99.90000152587891
v -100 172 -99.90000152587891
v -100 206.5 -99.90000152587891
v -100 241 -99.90000152587891
v -100 275.5 -99.90000152587891
v -99.75 137.5 -99.90000152587891
v -99.75 172 -99.90000152587891
v -99.75 206.5 -99.90000152587891
v -99.75 241 -99.90000152587891
v -99.75 275.5 -99.90000152587891
v -98.5 137.5 -99.90000152587891
v -98.5 172 -99.90000152587891
v -98.5 206.5 -99.90000152587891
v -98.5 241 -99.90000152587891
v -98.5 275.5 -99.90000152587891
v -65.66666412353516 137.5 -99.90000152587891
v -65.66666412353516 172 -99.90000152587891
v -65.66666412353516 206.5 -99.90000152587891
v -65.66666412353516 241 -99.90000152587891
v -65.66666412353516 275.5 -99.90000152587891
v -32.83333206176758 137.5 -99.90000152587891
v -32.83333206176758 172 -99.90000152587891
v -32.83333206176758 206.5 -99.90000152587891
v -32.83333206176758 241 -99.90000152587891
v -32.83333206176758 275.5 -99.90000152587891
v -0.00000000000001 137.5 -99.90000152587891
v -0.00000000000001 172 -99.90000152587891
v -0.00000000000001 206.5 -99.90000152587891
v -0.00000000000001 241 -99.90000152587891
v -0.00000000000001 275.5 -99.90000152587891
v 32.83333206176758 137.5 -99.90000152587891
v 32.83333206176758 172 -99.90000152587891
v 32.83333206176758 206.5 -99.90000152587891
v 32.83333206176758 241 -99.90000152587891
v 32.83333206176758 275.5 -99.90000152587891
v 65.66666412353516 137.5 -99.90000152587891
v 65.66666412353516 172 -99.90000152587891
v 65.66666412353516 206.5 -99.90000152587891
v 65.66666412353516 241 -99.90000152587891
v 65.66666412353516 275.5 -99.90000152587891
v 98.5 137.5 -99.90000152587891
v 98.5 172 -99.90000152587891
v 98.5 206.5 -99.90000152587891
v 98.5 241 -99.90000152587891
v 98.5 275.5 -99.90000152587891
v 99.75 137.5 -99.90000152587891
v 99.75 172 -99.90000152587891
v 99.75 206.5 -99.90000152587891
v 99.75 241 -99.90000152587891
v 99.75 275.5 -99.90000152587891
v 100 137.5 -99.90000152587891
v 100 172 -99.90000152587891
v 100 206.5 -99.90000152587891
v 100 241 -99.90000152587891
v 100 275.5 -99.90000152587891
v 99.82322692871094 137.5 -99.72322082519531
v 99.82322692871094 172 -99.72322082519531
v 99.82322692871094 206.5 -99.72322082519531
v 99.82322692871094 241 -99.72322082519531
v 99.82322692871094 275.5 -99.72322082519531
v 98.5 137.5 -98.40000152587891
v 98.5 172 -98.40000152587891
v 98.5 206.5 -98.40000152587891
v 98.5 241 -98.40000152587891
v 98.5 275.5 -98.40000152587891
v 97.17677307128906 137.5 -97.07677459716797
v 97.17677307128906 172 -97.07677459716797
v 97.17677307128906 206.5 -97.07677459716797
v 97.17677307128906 241 -97.07677459716797
v 97.17677307128906 275.5 -97.07677459716797
v 97 137.5 -96.90000152587891
v 97 172 -96.90000152587891
v 97 206.5 -96.90000152587891
v 97 241 -96.90000152587891
v 97 275.5 -96.90000152587891
v 96.75 137.5 -96.90000152587891
v 96.75 172 -96.90000152587891
v 96.75 206.5 -96.90000152587891
v 96.75 241 -96.90000152587891
v 96.75 275.5 -96.90000152587891
v 95.5 137.5 -96.90000152587891
v 95.5 172 -96.90000152587891
v 95.5 206.5 -96.90000152587891
v 95.5 241 -96.90000152587891
v 95.5 275.5 -96.90000152587891
v 63.66666793823242 137.5 -96.90000152587891
v 63.66666793823242 172 -96.90000152587891
v 63.66666793823242 206.5 -96.90000152587891
v 63.66666793823242 241 -96.90000152587891
v 63.66666793823242 275.5 -96.90000152587891
v 31.83333396911621 137.5 -96.90000152587891
v 31.83333396911621 172 -96.90000152587891
v 31.83333396911621 206.5 -96.90000152587891
v 31.83333396911621 241 -96.90000152587891
v 31.83333396911621 275.5 -96.90000152587891
v -0.00000000000001 137.5 -96.90000152587891
v -0.00000000000001 172 -96.90000152587891
v -0.00000000000001 206.5 -96.90000152587891
v -0.00000000000001 241 -96.90000152587891
v -0.00000000000001 275.5 -96.90000152587891
v -31.83333396911621 137.5 -96.90000152587891
v -31.83333396911621 172 -96.90000152587891
v -31.83333396911621 206.5 -96.90000152587891
v -31.83333396911621 241 -96.90000152587891
v -31.83333396911621 275.5 -96.90000152587891
v -99.82322692871094 120.25 -99.72322082519531
v -98.5 120.25 -98.40000152587891
v -97.17677307128906 120.25 -97.07677459716797
v -97 120.25 -96.90000152587891
v -96.75 120.25 -96.90000152587891
v -95.5 120.25 -96.90000152587891
v -63.66666793823242 120.25 -96.90000152587891
v -31.83333396911621 120.25 -96.90000152587891
v -0.00000000000001 120.25 -96.90000152587891
v 31.83333396911621 120.25 -96.90000152587891
v 63.66666793823242 120.25 -96.90000152587891
v 95.5 120.25 -96.90000152587891
v 96.75 120.25 -96.90000152587891
v 97 120.25 -96.90000152587891
v 97.17677307128906 120.25 -97.07677459716797
v 98.5 120.25 -98.40000152587891
v 99.82322692871094 120.25 -99.72322082519531
v 100 120.25 -99.90000152587891
v 99.75 120.25 -99.90000152587891
v 98.5 120.25 -99.90000152587891
v 65.66666412353516 120.25 -99.90000152587891
v 32.83333206176758 120.25 -99.90000152587891
v -0.00000000000001 120.25 -99.90000152587891
v -32.83333206176758 120.25 -99.90000152587891
v -65.66666412353516 120.25 -99.90000152587891
v -98.5 120.25 -99.90000152587891
v -99.75 120.25 -99.90000152587891
v -100 120.25 -99.90000152587891
v 15.91666698455811 275.5 -96.90000152587891
v 15.91666698455811 310 -96.90000152587891
v 15.91666698455811 311.25 -96.90000152587891
v 15.91666698455811 311.5 -96.90000152587891
v 15.94107437133789 311.5 -97.15000152587891
v 16.06311416625977 311.5 -98.40000152587891
v 16.35774040222168 311.5 -99.65000152587891
v 16.41666603088379 311.5 -99.90000152587891
v 16.41666603088379 311.25 -99.90000152587891
v 16.41666603088379 310 -99.90000152587891
v 16.41666603088379 275.5 -99.90000152587891
v 16.41666603088379 241 -99.90000152587891
v 16.41666603088379 206.5 -99.90000152587891
v 16.41666603088379 172 -99.90000152587891
v 16.41666603088379 137.5 -99.90000152587891
v 16.41666603088379 120.25 -99.90000152587891
v 16.41666603088379 103 -99.90000152587891
v 16.41666603088379 101.75 -99.90000152587891
v 16.41666603088379 101.5 -99.90000152587891
v 16.35774040222168 101.5 -99.65000152587891
v 16.06311416625977 101.5 -98.40000152587891
v 15.94107437133789 101.5 -97.15000152587891
v 15.91666698455811 101.5 -96.90000152587891
v 15.91666698455811 101.75 -96.90000152587891
v 15.91666698455811 103 -96.90000152587891
v 15.91666698455811 120.25 -96.90000152587891
v 15.91666698455811 137.5 -96.90000152587891
v 15.91666698455811 172 -96.90000152587891
v 15.91666698455811 206.5 -96.90000152587891
v 15.91666698455811 241 -96.90000152587891
v -15.91666698455811 275.5 -96.90000152587891
v -15.91666698455811 310 -96.90000152587891
v -15.91666698455811 311.25 -96.90000152587891
v -15.91666698455811 311.5 -96.90000152587891
v -15.94107437133789 311.5 -97.15000152587891
v -16.06311416625977 311.5 -98.40000152587891
v -16.35774040222168 311.5 -99.65000152587891
v -16.41666603088379 311.5 -99.90000152587891
v -16.41666603088379 311.25 -99.90000152587891
v -16.41666603088379 310 -99.90000152587891
v -16.41666603088379 275.5 -99.90000152587891
v -16.41666603088379 241 -99.90000152587891
v -16.41666603088379 206.5 -99.90000152587891
v -16.41666603088379 172 -99.90000152587891
v -16.41666603088379 137.5 -99.90000152587891
v -16.41666603088379 120.25 -99.90000152587891
v -16.41666603088379 103 -99.90000152587891
v -16.41666603088379 101.75 -99.90000152587891
v -16.41666603088379 101.5 -99.90000152587891
v -16.35774040222168 101.5 -99.65000152587891
v -16.06311416625977 101.5 -98.40000152587891
v -15.94107437133789 101.5 -97.15000152587891
v -15.91666698455811 101.5 -96.90000152587891
v -15.91666698455811 101.75 -96.90000152587891
v -15.91666698455811 103 -96.90000152587891
v -15.91666698455811 120.25 -96.90000152587891
v -15.91666698455811 137.5 -96.90000152587891
v -15.91666698455811 172 -96.90000152587891
v -15.91666698455811 206.5 -96.90000152587891
v -15.91666698455811 241 -96.90000152587891
# 450 vertices

vn -0.70710474252701 0 0.70710879564285
vn -0.70710569620132 0 0.70710784196854
vn -0.70710575580597 0 0.70710778236389
vn 0.70710575580597 0 0.70710778236389
vn 0.70710575580597 0 0.70710784196854
vn 0.70710474252701 0 0.70710879564285
vn 0.70710474252701 0 0.70710879564285
vn 0.70710575580597 0 0.70710778236389
vn -0.70710676908493 0 0.70710676908493
vn -0.70710575580597 0 0.70710778236389
vn -0.70710474252701 0 0.70710879564285
vn -0.70712202787399 0 0.70709151029587
vn -0.70712202787399 0 0.70709151029587
vn 0.7071133852005 0 0.70710015296936
vn 0.70711630582809 0 0.70709729194641
vn 0.70712202787399 0 0.70709151029587
vn -0.70710676908493 0 0.70710676908493
vn -0.70710575580597 0 0.70710784196854
vn -0.7071133852005 0 0.70710015296936
vn -0.70711624622345 0 0.70709735155106
vn -0.70711630582809 0 0.70709729194641
vn 0.70711624622345 0 0.70709735155106
vn 0.70712202787399 0 0.70709151029587
vn 0.70710569620132 0 0.70710784196854
# 24 normals

vt 0.08819333463907 0.49638032913208 0
vt 0.08820180594921 0.41540694236755 0
vt 0.01348967943341 0.41540038585663 0
vt 0.01347819995135 0.49637138843536 0
vt 0.00060347927501 0.0105654001236 0
vt 0.00060521473642 0.05104982852936 0
vt 0.00499696936458 0.05104959011078 0
vt 0.00499521242455 0.01056516170502 0
vt 0.39176815748215 0.51046603918076 0
vt 0.39177945256233 0.59145390987396 0
vt 0.4688580930233 0.59144198894501 0
vt 0.46884229779243 0.51045310497284 0
vt 0.46586269140244 0.01056885719299 0
vt 0.46586287021637 0.05105113983154 0
vt 0.47025442123413 0.05105113983154 0
vt 0.4702542424202 0.0105687379837 0
vt 0.46796634793282 0.00059628486633 0
vt 0.46381807327271 0.00352907180786 0
vt 0.46796613931656 0.00352931022644 0
vt 0.47089931368828 0.0005966424942 0
vt 0.4617563188076 0.01056861877441 0
vt 0.46175611019135 0.05105090141296 0
vt 0.46468958258629 0.05105090141296 0
vt 0.464689463377 0.01056861877441 0
vt 0.4617812037468 0.49637401103973 0
vt 0.38706433773041 0.49638271331787 0
vt 0.38706547021866 0.49931681156158 0
vt 0.4617832005024 0.49930822849274 0
vt 0.01140844915062 0.50341188907623 0
vt 0.08681401610374 0.50342202186584 0
vt 0.08796107023954 0.50048810243607 0
vt 0.01313020754606 0.50047874450684 0
vt 0.01055610179901 0.41540014743805 0
vt 0.01054420135915 0.49636995792389 0
vt 0.38842484354973 0.00352680683136 0
vt 0.38727915287018 0.00646030902863 0
vt 0.4620997607708 0.00646233558655 0
vt 0.01349441148341 0.01056432723999 0
vt 0.08820601552725 0.01056265830994 0
vt 0.08820592612028 0.00762867927551 0
vt 0.01349414233118 0.00763070583344 0
vt 0.46503284573555 0.00646233558655 0
vt 0.47464573383331 0.01056885719299 0
vt 0.47464576363564 0.00763535499573 0
vt 0.4702542424202 0.00763535499573 0
vt 0.00938708521426 0.01056480407715 0
vt 0.00938666518778 0.0076310634613 0
vt 0.00499484594911 0.00763154029846 0
vt 0.00728278746828 0.0035240650177 0
vt 0.01143146213144 0.00352370738983 0
vt 0.00728244241327 0.00059032440186 0
vt 0.00434885360301 0.00059103965759 0
vt 0.46891421079636 0.99645864963532 0
vt 0.39181762933731 0.99646747112274 0
vt 0.39181792736053 0.99940264225006 0
vt 0.46891447901726 0.99939388036728 0
vt 0.08683094382286 0.00352120399475 0
vt 0.08406498283148 0.0005875825882 0
vt 0.01019635982811 0.50047552585602 0
vt 0.00725654046983 0.50340694189072 0
vt 0.00058714894112 0.49636745452881 0
vt 0.00058673933381 0.49930083751678 0
vt 0.00497822463512 0.49930143356323 0
vt 0.00497880671173 0.49636816978455 0
vt 0.46588930487633 0.49637222290039 0
vt 0.46589049696922 0.49930548667908 0
vt 0.47028157114983 0.49930453300476 0
vt 0.47028109431267 0.49637126922607 0
vt 0.46800199151039 0.50341010093689 0
vt 0.4638506770134 0.50341480970383 0
vt 0.46800565719604 0.5063464641571 0
vt 0.47094276547432 0.50634276866913 0
vt 0.38844347000122 0.50342464447021 0
vt 0.39121136069298 0.5063584446907 0
vt 0.00641566189006 0.51045000553131 0
vt 0.08348853141069 0.51046359539032 0
vt 0.08348985016346 0.50752937793732 0
vt 0.00641802279279 0.50751620531082 0
vt 0.00632474012673 0.99643343687058 0
vt 0.0063324472867 0.95593094825745 0
vt 0.00339744635858 0.95593023300171 0
vt 0.00338978227228 0.99643307924271 0
vt 0.01021659187973 0.00645744800568 0
vt 0.01315015926957 0.0064572095871 0
vt 0.4717925786972 0.5914414525032 0
vt 0.47177666425705 0.51045173406601 0
vt 0.00725276768208 0.5063436627388 0
vt 0.00431536324322 0.50633990764618 0
vt 0.47177463769913 0.50751656293869 0
vt 0.46883997321129 0.50751900672913 0
vt 0.46506300568581 0.50047886371613 0
vt 0.46212914586067 0.50048160552979 0
vt 0.46471753716469 0.49930620193481 0
vt 0.46471545100212 0.49637281894684 0
vt 0.00338955596089 0.99936836957932 0
vt 0.0063244169578 0.99936825037003 0
vt 0.46468931436539 0.00763547420502 0
vt 0.46175622940063 0.00763547420502 0
vt 0.00348354992457 0.50751376152039 0
vt 0.00348140485585 0.51044869422913 0
vt 0.01056032720953 0.00763082504272 0
vt 0.01056067179888 0.01056456565857 0
vt 0.01054206769913 0.49930310249329 0
vt 0.01347615197301 0.49930536746979 0
vt 0.47184979915619 0.99939388036728 0
vt 0.471849411726 0.99645835161209 0
vt 0.00938873458654 0.05104947090149 0
vt 0.47464603185654 0.05105102062225 0
vt 0.46586266160011 0.00763535499573 0
vt 0.00060330680571 0.00763201713562 0
vt 0.00936923548579 0.49930226802826 0
vt 0.00937050767243 0.49636912345886 0
vt 0.47467321157455 0.49930417537689 0
vt 0.47467294335365 0.49637055397034 0
vt 0.00289450376295 0.51044833660126 0
vt 0.00287738651969 0.59143662452698 0
vt 0.00346428761259 0.59143668413162 0
vt 0.00001679385423 0.0105654001236 0
vt 0.00001846461601 0.05104982852936 0
vt 0.46527606248856 0.0105687379837 0
vt 0.46527624130249 0.05105102062225 0
vt 0.46530240774155 0.49637246131897 0
vt 0.46529048681259 0.41540098190308 0
vt 0.46470373868942 0.41540098190308 0
vt 0.47464573383331 0.00704860687256 0
vt 0.4702542424202 0.00704860687256 0
vt 0.46879574656487 0.00352931022644 0
vt 0.47190073132515 0.00042486190796 0
vt 0.47172886133194 0.00001001358032 0
vt 0.46879595518112 0.00000977516174 0
vt 0.46891456842422 0.99998086690903 0
vt 0.47184988856316 0.99998092651367 0
vt 0.01347517129034 0.49989223480225 0
vt 0.08819126337767 0.49990129470825 0
vt 0.0881921723485 0.49931442737579 0
vt 0.46178421378136 0.49989497661591 0
vt 0.38706636428833 0.49990379810333 0
vt 0.38729652762413 0.50049060583115 0
vt 0.00997388921678 0.01056468486786 0
vt 0.00997535511851 0.0510493516922 0
vt 0.01056204084307 0.0510493516922 0
vt 0.00995738711208 0.49636948108673 0
vt 0.00996937323362 0.41540002822876 0
vt 0.00938263349235 0.41540002822876 0
vt 0.01349400170147 0.00704395771027 0
vt 0.08820585906506 0.00704181194305 0
vt 0.08797667920589 0.0064549446106 0
vt 0.46175616979599 0.00704884529114 0
vt 0.38704997301102 0.0070469379425 0
vt 0.38704994320869 0.00763356685638 0
vt 0.465690523386 0.00663423538208 0
vt 0.46586257219315 0.00704860687256 0
vt 0.46468922495842 0.00704884529114 0
vt 0.4724368751049 0.99939376115799 0
vt 0.47243648767471 0.99645817279816 0
vt 0.47523236274719 0.01056885719299 0
vt 0.47523245215416 0.00763535499573 0
vt 0.00997349061072 0.00763094425201 0
vt 0.00938661117107 0.00704419612885 0
vt 0.00499477051198 0.00704491138458 0
vt 0.00645305495709 0.0035240650177 0
vt 0.00955868884921 0.00662934780121 0
vt 0.00338955596089 0.99995541572571 0
vt 0.00632439507172 0.99995505809784 0
vt 0.00645258044824 0.00000381469727 0
vt 0.00351904542185 0.000004529953 0
vt 0.00334737729281 0.00041937828064 0
vt 0.00060328526888 0.00704526901245 0
vt 0.08341551572084 0.9999703168869 0
vt 0.0834156498313 0.99938333034515 0
vt 0.39174389839172 0.0000067949295 0
vt 0.39119070768356 0.00059342384338 0
vt 0.00953868310899 0.50030243396759 0
vt 0.00642590224743 0.50340574979782 0
vt 0.00497817061841 0.49988806247711 0
vt 0.00936897657812 0.49988853931427 0
vt 0.01054114010185 0.49988949298859 0
vt 0.00289647630416 0.50751328468323 0
vt 0.00000046350175 0.49636733531952 0
vt 0.000000097012 0.49930083751678 0
vt 0.00058666389668 0.49988746643066 0
vt 0.00331237749197 0.50651091337204 0
vt 0.46530413627625 0.49930572509766 0
vt 0.46589079499245 0.49989187717438 0
vt 0.47028160095215 0.49989128112793 0
vt 0.46883252263069 0.50340890884399 0
vt 0.46572068333626 0.50030589103699 0
vt 0.47177404165268 0.50692921876907 0
vt 0.46883863210678 0.50693237781525 0
vt 0.47194555401802 0.50651359558105 0
vt 0.47467324137688 0.49989092350006 0
vt 0.00641948869452 0.50692957639694 0
vt 0.08349088579416 0.50694245100021 0
vt 0.08404592424631 0.50635570287704 0
vt 0.39176613092422 0.50694513320923 0
vt 0.39176705479622 0.50753194093704 0
vt 0.01056027319282 0.00704407691956 0
vt 0.4752596616745 0.49637055397034 0
vt 0.47524780035019 0.41539990901947 0
vt 0.47466105222702 0.41539990901947 0
vt 0.47243186831474 0.95595371723175 0
vt 0.47184485197067 0.95595359802246 0
vt 0.00348414271139 0.50692653656006 0
vt 0.47525987029076 0.4993040561676 0
vt 0.47236371040344 0.51045155525208 0
vt 0.47236186265945 0.50751614570618 0
vt 0.46471837162972 0.49989283084869 0
vt 0.00001662138857 0.00763201713562 0
vt 0.00280275195837 0.99643290042877 0
vt 0.00280253635719 0.99936836957932 0
vt 0.46527597308159 0.00763547420502 0
vt 0.00995555426925 0.49930250644684 0
vt 0.47243696451187 0.99998074769974 0
vt 0.47231549024582 0.00000989437103 0
vt 0.47523242235184 0.00704860687256 0
vt 0.47525995969772 0.49989080429077 0
vt 0.47236147522926 0.50692838430405 0
vt 0.4723613858223 0.50692880153656 0
vt 0.00001659982991 0.00704538822174 0
vt 0.00293240323663 0.00000476837158 0
vt 0.00280253635719 0.99995541572571 0
vt 0.00289693986997 0.5069260597229 0
vt 0.00289657339454 0.50692611932755 0
vt 0 0.49988746643066 0
vt 0.46530476212502 0.49989199638367 0
vt 0.46527579426765 0.00704884529114 0
vt 0.00995479989797 0.49988853931427 0
vt 0.00997350178659 0.00704419612885 0
vt 0.38705626130104 0.41540765762329 0
vt 0.3123394548893 0.41540992259979 0
vt 0.31234562397003 0.49638748168945 0
vt 0.46176990866661 0.41540122032166 0
vt 0.16291084885597 0.49638593196869 0
vt 0.16291768848896 0.41540992259979 0
vt 0.23762856423855 0.41540992259979 0
vt 0.20027312636375 0.41540992259979 0
vt 0.20026949048042 0.49638748168945 0
vt 0.23762802779675 0.49638831615448 0
vt 0.27498400211334 0.41540992259979 0
vt 0.27498668432236 0.49638831615448 0
vt 0.08347576856613 0.59145039319992 0
vt 0.16055183112621 0.59145885705948 0
vt 0.16055971384048 0.51047259569168 0
vt 0.00639876024798 0.59143722057343 0
vt 0.31469628214836 0.5104740858078 0
vt 0.3147024512291 0.59146070480347 0
vt 0.23762695491314 0.59146231412888 0
vt 0.27616459131241 0.59146213531494 0
vt 0.27616199851036 0.51047611236572 0
vt 0.23762793838978 0.51047641038895 0
vt 0.19908943772316 0.59146118164062 0
vt 0.19909390807152 0.51047515869141 0
vt 0.16291029751301 0.49932026863098 0
vt 0.31234616041183 0.49932193756104 0
vt 0.27498695254326 0.49932277202606 0
vt 0.20026922225952 0.49932181835175 0
vt 0.23762801289558 0.49932289123535 0
vt 0.31303495168686 0.50343102216721 0
vt 0.31246155500412 0.50049656629562 0
vt 0.16222140192986 0.50342917442322 0
vt 0.1627948731184 0.50049477815628 0
vt 0.19992481172085 0.50343102216721 0
vt 0.20021158456802 0.50049650669098 0
vt 0.23762798309326 0.50343251228333 0
vt 0.27533131837845 0.50343227386475 0
vt 0.27504462003708 0.50049763917923 0
vt 0.23762801289558 0.50049787759781 0
vt 0.16223043203354 0.0035206079483 0
vt 0.16280323266983 0.00645434856415 0
vt 0.31302836537361 0.00352323055267 0
vt 0.31245541572571 0.00645697116852 0
vt 0.2753287255764 0.00352251529694 0
vt 0.27504229545593 0.00645625591278 0
vt 0.23762933909893 0.00352275371552 0
vt 0.19993041455746 0.00352251529694 0
vt 0.20021672546864 0.00645625591278 0
vt 0.23762933909893 0.00645637512207 0
vt 0.31234061717987 0.01056432723999 0
vt 0.38704976439476 0.01056694984436 0
vt 0.31234073638916 0.00763058662415 0
vt 0.16291788220406 0.01056230068207 0
vt 0.16291786730289 0.00762832164764 0
vt 0.20027384161949 0.01056289672852 0
vt 0.20027393102646 0.00762951374054 0
vt 0.23762929439545 0.01056325435638 0
vt 0.27498495578766 0.01056349277496 0
vt 0.27498498558998 0.00762975215912 0
vt 0.23762933909893 0.00762963294983 0
vt 0.16051064431667 0.99646335840225 0
vt 0.0834161862731 0.99644839763641 0
vt 0.16051006317139 0.99939835071564 0
vt 0.31471827626228 0.9964747428894 0
vt 0.31471848487854 0.9994101524353 0
vt 0.27616599202156 0.99647694826126 0
vt 0.27616605162621 0.99941265583038 0
vt 0.23761288821697 0.9964753985405 0
vt 0.1990607380867 0.99647051095963 0
vt 0.19906024634838 0.99940621852875 0
vt 0.23761267960072 0.99941110610962 0
vt 0.3144114613533 0.00058948993683 0
vt 0.1608475446701 0.00058686733246 0
vt 0.19923901557922 0.00058877468109 0
vt 0.27602022886276 0.00058877468109 0
vt 0.23762933909893 0.00058913230896 0
vt 0.16083770990372 0.50636351108551 0
vt 0.31441861391068 0.50636547803879 0
vt 0.27602311968803 0.50636690855026 0
vt 0.19923295080662 0.50636571645737 0
vt 0.23762793838978 0.5063670873642 0
vt 0.31469583511353 0.50753980875015 0
vt 0.16056025028229 0.50753808021545 0
vt 0.1990942209959 0.50754058361053 0
vt 0.27616176009178 0.50754165649414 0
vt 0.2376279681921 0.50754177570343 0
vt 0.31234660744667 0.49990928173065 0
vt 0.16290988028049 0.49990749359131 0
vt 0.20026905834675 0.49990916252136 0
vt 0.23762801289558 0.49991047382355 0
vt 0.27498710155487 0.49991023540497 0
vt 0.3123407959938 0.00704383850098 0
vt 0.16291782259941 0.0070413351059 0
vt 0.20027397572994 0.00704288482666 0
vt 0.23762933909893 0.00704300403595 0
vt 0.27498498558998 0.00704300403595 0
vt 0.31471848487854 0.99999725818634 0
vt 0.3918180167675 0.99998956918716 0
vt 0.1605099439621 0.99998539686203 0
vt 0.19906012713909 0.99999344348907 0
vt 0.23761261999607 0.99999839067459 0
vt 0.27616605162621 1 0
vt 0.16057096421719 0 0
vt 0.08351177722216 0.00000083446503 0
vt 0.3146880865097 0.00000262260437 0
vt 0.27615851163864 0.00000202655792 0
vt 0.23762933909893 0.00000250339508 0
vt 0.19910074770451 0.00000214576721 0
vt 0.31469559669495 0.50695270299912 0
vt 0.16056063771248 0.50695079565048 0
vt 0.199094414711 0.50695312023163 0
vt 0.23762793838978 0.50695437192917 0
vt 0.27616155147552 0.50695425271988 0
vt 0.08820758759975 0.17250144481659 0
vt 0.08820702880621 0.09153258800507 0
vt 0.013496783562 0.09153366088867 0
vt 0.01349814143032 0.17250168323517 0
vt 0.08820655196905 0.05104768276215 0
vt 0.01349570509046 0.05104923248291 0
vt 0.08820590376854 0.33443772792816 0
vt 0.01349631976336 0.3344339132309 0
vt 0.08820743858814 0.25346970558167 0
vt 0.01349841058254 0.25346839427948 0
vt 0.00060614175163 0.33443319797516 0
vt 0.00059907062678 0.41539895534515 0
vt 0.00499084684998 0.41539943218231 0
vt 0.004997799173 0.33443343639374 0
vt 0.00060602318263 0.09153389930725 0
vt 0.00060758611653 0.17250180244446 0
vt 0.00499935168773 0.17250168323517 0
vt 0.00499786389992 0.09153378009796 0
vt 0.00060774781741 0.25346827507019 0
vt 0.00499942712486 0.25346827507019 0
vt 0.39180406928062 0.83444935083389 0
vt 0.39181032776833 0.9154566526413 0
vt 0.46890515089035 0.91544902324677 0
vt 0.46889621019363 0.83444142341614 0
vt 0.3918137550354 0.95596164464951 0
vt 0.46890965104103 0.95595371723175 0
vt 0.39178907871246 0.67244726419449 0
vt 0.4688726067543 0.67243665456772 0
vt 0.39179721474648 0.75344586372375 0
vt 0.46888545155525 0.7534367442131 0
vt 0.46587002277374 0.33443307876587 0
vt 0.46587723493576 0.41540086269379 0
vt 0.47026914358139 0.41540038585663 0
vt 0.47026181221008 0.334432721138 0
vt 0.46586334705353 0.09153342247009 0
vt 0.46586486697197 0.17249977588654 0
vt 0.47025665640831 0.17249965667725 0
vt 0.47025501728058 0.0915333032608 0
vt 0.46586626768112 0.25346648693085 0
vt 0.47025802731514 0.25346636772156 0
vt 0.46176275610924 0.33443319797516 0
vt 0.46469643712044 0.33443307876587 0
vt 0.46175649762154 0.09153342247009 0
vt 0.46175763010979 0.17249989509583 0
vt 0.46469131112099 0.17249977588654 0
vt 0.46469002962112 0.09153342247009 0
vt 0.46175917983055 0.25346660614014 0
vt 0.46469283103943 0.25346648693085 0
vt 0.01056312955916 0.09153366088867 0
vt 0.01056453119963 0.17250168323517 0
vt 0.01056281663477 0.33443379402161 0
vt 0.01056474633515 0.25346839427948 0
vt 0.00638265628368 0.67242968082428 0
vt 0.00344803277403 0.67242920398712 0
vt 0.00634008971974 0.9154292345047 0
vt 0.00635395152494 0.83442676067352 0
vt 0.00341909076087 0.83442640304565 0
vt 0.00340520730242 0.91542875766754 0
vt 0.00636783521622 0.75342655181885 0
vt 0.00343308201991 0.75342607498169 0
vt 0.47184026241302 0.91544890403748 0
vt 0.4718311727047 0.83444118499756 0
vt 0.47180724143982 0.67243623733521 0
vt 0.47182035446167 0.75343626737595 0
vt 0.0093894675374 0.33443367481232 0
vt 0.00939110573381 0.17250168323517 0
vt 0.00938969384879 0.09153378009796 0
vt 0.00939115975052 0.25346827507019 0
vt 0.4746535718441 0.33443248271942 0
vt 0.47464835643768 0.17249953746796 0
vt 0.47464668750763 0.09153318405151 0
vt 0.47464972734451 0.25346624851227 0
vt 0.00283211423084 0.83442628383636 0
vt 0.00281823077239 0.91542863845825 0
vt 0.00281046982855 0.95593017339706 0
vt 0.00286113168113 0.67242908477783 0
vt 0.00284612714313 0.7534259557724 0
vt 0.00001947785313 0.33443319797516 0
vt 0.00001235286072 0.41539895534515 0
vt 0.00001929460814 0.09153389930725 0
vt 0.00002086835775 0.17250180244446 0
vt 0.00002101926657 0.25346827507019 0
vt 0.46528324484825 0.33443307876587 0
vt 0.465276658535 0.09153342247009 0
vt 0.4652781188488 0.17249977588654 0
vt 0.46527954936028 0.25346648693085 0
vt 0.00997611042112 0.33443379402161 0
vt 0.00997640099376 0.09153378009796 0
vt 0.00997781287879 0.17250168323517 0
vt 0.00997792091221 0.25346827507019 0
vt 0.47523510456085 0.17249953746796 0
vt 0.47523340582848 0.09153318405151 0
vt 0.47523275017738 0.05105102062225 0
vt 0.47524031996727 0.33443236351013 0
vt 0.47523641586304 0.25346612930298 0
vt 0.4723941385746 0.67243623733521 0
vt 0.47237947583199 0.59144133329391 0
vt 0.47242730855942 0.91544884443283 0
vt 0.47241815924644 0.83444118499756 0
vt 0.47240734100342 0.75343626737595 0
vt 0.38704887032509 0.17250096797943 0
vt 0.38704854249954 0.09153342247009 0
vt 0.3123394548893 0.09153246879578 0
vt 0.3123394548893 0.17250180244446 0
vt 0.38704887032509 0.05105018615723 0
vt 0.31233975291252 0.05104851722717 0
vt 0.38705199956894 0.33443748950958 0
vt 0.3123394548893 0.33444046974182 0
vt 0.38704985380173 0.25346910953522 0
vt 0.3123394548893 0.25347113609314 0
vt 0.16291768848896 0.17250180244446 0
vt 0.16291768848896 0.09153246879578 0
vt 0.16291779279709 0.05104756355286 0
vt 0.16291768848896 0.33444046974182 0
vt 0.16291768848896 0.25347113609314 0
vt 0.23762856423855 0.09153246879578 0
vt 0.20027312636375 0.09153246879578 0
vt 0.20027312636375 0.17250180244446 0
vt 0.23762856423855 0.17250180244446 0
vt 0.23762890696526 0.05104792118073 0
vt 0.20027342438698 0.05104768276215 0
vt 0.23762856423855 0.33444046974182 0
vt 0.20027312636375 0.33444046974182 0
vt 0.23762856423855 0.25347113609314 0
vt 0.20027312636375 0.25347113609314 0
vt 0.27498400211334 0.09153246879578 0
vt 0.27498400211334 0.17250180244446 0
vt 0.27498438954353 0.05104804039001 0
vt 0.27498400211334 0.33444046974182 0
vt 0.27498400211334 0.25347113609314 0
vt 0.08344216644764 0.83443880081177 0
vt 0.08343034982681 0.91544246673584 0
vt 0.16052260994911 0.91545343399048 0
vt 0.1605311781168 0.83444786071777 0
vt 0.08342362195253 0.95594519376755 0
vt 0.16051730513573 0.95595782995224 0
vt 0.08346408605576 0.67244213819504 0
vt 0.1605449616909 0.67245030403137 0
vt 0.08345307409763 0.75343853235245 0
vt 0.16053827106953 0.75344687700272 0
vt 0.31471258401871 0.83445340394974 0
vt 0.31471475958824 0.9154611825943 0
vt 0.31471607089043 0.95596724748611 0
vt 0.31470683217049 0.67245304584503 0
vt 0.31471011042595 0.75345063209534 0
vt 0.23761802911758 0.91546046733856 0
vt 0.27616637945175 0.91546159982681 0
vt 0.27616694569588 0.83445370197296 0
vt 0.23762142658234 0.83445298671722 0
vt 0.23761573433876 0.95596665143967 0
vt 0.27616605162621 0.95596814155579 0
vt 0.23762565851212 0.6724539399147 0
vt 0.2761661708355 0.67245405912399 0
vt 0.23762387037277 0.75345087051392 0
vt 0.27616691589355 0.75345134735107 0
vt 0.19907000660896 0.91545754671097 0
vt 0.19907614588737 0.83445090055466 0
vt 0.19906596839428 0.95596301555634 0
vt 0.19908529520035 0.67245262861252 0
vt 0.19908100366592 0.75344932079315 0
# 501 texture coordinates

o Haube.2
usemtl Glas
f 4172/4827/45 4377/4826/45 4372/4825/45 4282/4824/45
f 4182/4831/699 4509/4830/698 4508/4829/697 4203/4828/697
f 4160/4835/16 4447/4834/16 4442/4833/16 4328/4832/16
f 4186/4839/701 4523/4838/700 4522/4837/681 4221/4836/681
f 4195/4843/1 4225/4842/1 4162/4841/1 4194/4840/1
f 4246/4847/45 4520/4846/45 4519/4845/45 4170/4844/45
f 4249/4851/45 4363/4850/45 4278/4849/45 4171/4848/45
f 4248/4855/5 4357/4854/5 4352/4853/5 4164/4852/5
f 4251/4857/45 4382/4856/45 4377/4826/45 4172/4827/45
f 4253/4860/1 4298/4859/1 4303/4858/1 4162/4841/1
f 4252/4864/45 4292/4863/45 4287/4862/45 4173/4861/45
f 4253/4860/1 4162/4841/1 4225/4842/1 4224/4865/1
f 4186/4839/701 4193/4868/704 4192/4867/703 4244/4866/702
f 4182/4831/699 4237/4871/706 4236/4870/705 4250/4869/705
f 4207/4875/1 4238/4874/1 4163/4873/1 4206/4872/1
f 4239/4879/16 4318/4878/16 4323/4877/16 4161/4876/16
f 4238/4874/1 4312/4881/1 4307/4880/1 4163/4873/1
f 4248/4855/5 4164/4852/5 4231/4883/5 4230/4882/5
f 4183/4887/699 4213/4886/706 4212/4885/707 4243/4884/697
f 4187/4891/701 4219/4890/704 4218/4889/681 4247/4888/681
f 4201/4895/5 4241/4894/5 4165/4893/5 4200/4892/5
f 4241/4894/5 4343/4897/5 4348/4896/5 4165/4893/5
f 4240/4901/16 4337/4900/16 4332/4899/16 4159/4898/16
f 4242/4905/16 4534/4904/16 4533/4903/16 4158/4902/16
f 4235/4907/1 4234/4906/1 4206/4872/1 4163/4873/1
f 4245/4909/16 4452/4908/16 4447/4834/16 4160/4835/16
f 4211/4911/5 4231/4883/5 4164/4852/5 4210/4910/5
f 4245/4909/16 4160/4835/16 4199/4913/16 4198/4912/16
f 4217/4915/5 4216/4914/5 4200/4892/5 4165/4893/5
f 4249/4851/45 4171/4848/45 4215/4917/45 4214/4916/45
f 4242/4905/16 4158/4902/16 4205/4919/16 4204/4918/16
f 4246/4847/45 4170/4844/45 4223/4921/45 4222/4920/45
f 4240/4901/16 4159/4898/16 4209/4923/16 4208/4922/16
f 4252/4864/45 4173/4861/45 4233/4925/45 4232/4924/45
f 4251/4857/45 4172/4827/45 4229/4927/45 4228/4926/45
f 4239/4879/16 4161/4876/16 4191/4929/16 4190/4928/16
f 4250/4869/705 4510/4930/705 4509/4830/698 4182/4831/699
f 4244/4866/702 4524/4931/702 4523/4838/700 4186/4839/701
f 4221/4836/681 4220/4932/681 4193/4868/704 4186/4839/701
f 4203/4828/697 4202/4933/707 4237/4871/706 4182/4831/699
f 4227/4935/705 4226/4934/705 4213/4886/706 4183/4887/699
f 4197/4937/702 4196/4936/703 4219/4890/704 4187/4891/701
f 4209/4923/16 4412/4940/16 4407/4939/16 4166/4938/16
f 4203/4828/708 4508/4829/709 4535/4942/709 4167/4941/708
f 4221/4836/681 4522/4837/681 4521/4944/681 4174/4943/681
f 4215/4917/45 4482/4947/45 4477/4946/45 4175/4945/45
f 4192/4867/711 4193/4868/701 4189/4949/701 4254/4948/710
f 4225/4842/1 4195/4843/1 4254/4951/1 4189/4950/1
f 4195/4843/1 4194/4840/1 4155/4953/1 4255/4952/1
f 4239/4879/16 4190/4928/16 4255/4955/16 4155/4954/16
f 4229/4927/45 4367/4958/45 4362/4957/45 4176/4956/45
f 4217/4915/5 4353/4961/5 4358/4960/5 4177/4959/5
f 4233/4925/45 4512/4964/45 4511/4963/45 4178/4962/45
f 4227/4935/705 4392/4967/705 4387/4966/705 4179/4965/705
f 4235/4907/1 4302/4970/1 4297/4969/1 4180/4968/1
f 4223/4921/45 4288/4973/45 4293/4972/45 4181/4971/45
f 4224/4865/1 4225/4842/1 4189/4950/1 4256/4974/1
f 4193/4868/701 4220/4932/689 4256/4975/681 4189/4949/701
f 4222/4920/45 4223/4921/45 4181/4971/45 4257/4976/45
f 4253/4860/1 4224/4865/1 4257/4976/1 4181/4971/1
f 4190/4928/16 4191/4929/16 4169/4978/16 4258/4977/16
f 4244/4866/712 4192/4867/711 4258/4980/712 4169/4979/712
f 4232/4924/45 4233/4925/45 4178/4962/45 4259/4981/45
f 4250/4869/705 4236/4870/713 4259/4981/705 4178/4962/705
f 4236/4870/713 4237/4871/714 4185/4983/714 4260/4982/705
f 4206/4872/1 4234/4906/1 4260/4985/1 4185/4984/1
f 4204/4918/16 4205/4919/16 4154/4987/16 4261/4986/16
f 4238/4874/1 4207/4875/1 4261/4989/1 4154/4988/1
f 4207/4875/1 4206/4872/1 4185/4984/1 4262/4990/1
f 4237/4871/714 4202/4933/716 4262/4991/715 4185/4983/714
f 4205/4919/16 4322/4993/16 4317/4992/16 4154/4987/16
f 4194/4840/1 4308/4995/1 4313/4994/1 4155/4953/1
f 4230/4882/5 4231/4883/5 4184/4997/5 4263/4996/5
f 4213/4886/714 4226/4934/713 4263/4999/705 4184/4998/714
f 4228/4926/45 4229/4927/45 4176/4956/45 4264/5000/45
f 4248/4855/5 4230/4882/5 4264/5000/5 4176/4956/5
f 4208/4922/16 4209/4923/16 4166/4938/16 4265/5001/16
f 4243/4884/708 4212/4885/717 4265/5003/708 4166/5002/708
f 4212/4885/717 4213/4886/714 4184/4998/714 4266/5004/715
f 4231/4883/5 4211/4911/5 4266/5005/5 4184/4997/5
f 4214/4916/45 4215/4917/45 4175/4945/45 4267/5006/45
f 4247/4888/681 4218/4889/689 4267/5006/681 4175/4945/681
f 4218/4889/689 4219/4890/701 4188/5008/701 4268/5007/681
f 4200/4892/5 4216/4914/5 4268/5010/5 4188/5009/5
f 4198/4912/16 4199/4913/16 4157/5012/16 4269/5011/16
f 4241/4894/5 4201/4895/5 4269/5011/5 4157/5012/5
f 4201/4895/5 4200/4892/5 4188/5009/5 4270/5013/5
f 4219/4890/701 4196/4936/718 4270/5014/710 4188/5008/701
f 4210/4910/5 4347/5017/5 4342/5016/5 4156/5015/5
f 4199/4913/16 4333/5019/16 4338/5018/16 4157/5012/16
f 4234/4906/1 4235/4907/1 4180/4968/1 4271/5020/1
f 4252/4864/45 4232/4924/45 4271/5020/45 4180/4968/45
f 4197/4937/712 4462/5023/719 4457/5022/719 4168/5021/712
f 4191/4929/16 4526/5025/16 4525/5024/16 4169/4978/16
f 4211/4911/5 4210/4910/5 4156/5015/5 4272/5026/5
f 4240/4901/16 4208/4922/16 4272/5026/16 4156/5015/16
f 4196/4936/718 4197/4937/712 4168/5021/712 4273/5027/712
f 4245/4909/16 4198/4912/16 4273/5029/16 4168/5028/16
f 4216/4914/5 4217/4915/5 4177/4959/5 4274/5030/5
f 4249/4851/45 4214/4916/45 4274/5030/45 4177/4959/45
f 4202/4933/716 4203/4828/708 4167/4941/708 4275/5031/708
f 4242/4905/16 4204/4918/16 4275/5033/16 4167/5032/16
f 4220/4932/689 4221/4836/681 4174/4943/681 4276/5034/681
f 4246/4847/45 4222/4920/45 4276/5034/45 4174/4943/45
f 4226/4934/713 4227/4935/705 4179/4965/705 4277/5035/705
f 4251/4857/45 4228/4926/45 4277/5035/45 4179/4965/45
f 4255/4955/16 4190/4928/16 4258/4977/16 4146/5036/16
f 4254/4951/1 4195/4843/1 4255/4952/1 4146/5037/1
f 4258/4980/712 4192/4867/711 4254/4948/710 4146/5038/719
f 4270/5014/710 4196/4936/718 4273/5027/712 4147/5039/719
f 4269/5011/5 4201/4895/5 4270/5013/5 4147/5040/5
f 4273/5029/16 4198/4912/16 4269/5011/16 4147/5041/16
f 4262/4991/715 4202/4933/716 4275/5031/708 4148/5042/709
f 4261/4989/1 4207/4875/1 4262/4990/1 4148/5043/1
f 4275/5033/16 4204/4918/16 4261/4986/16 4148/5044/16
f 4272/5026/16 4208/4922/16 4265/5001/16 4149/5045/16
f 4266/5005/5 4211/4911/5 4272/5026/5 4149/5046/5
f 4265/5003/708 4212/4885/717 4266/5004/715 4149/5047/709
f 4274/5030/45 4214/4916/45 4267/5006/45 4150/5048/45
f 4268/5010/5 4216/4914/5 4274/5030/5 4150/5048/5
f 4267/5006/681 4218/4889/689 4268/5007/681 4150/5048/681
f 4256/4975/681 4220/4932/689 4276/5034/681 4151/5049/681
f 4257/4976/1 4224/4865/1 4256/4974/1 4151/5049/1
f 4276/5034/45 4222/4920/45 4257/4976/45 4151/5049/45
f 4263/4999/705 4226/4934/713 4277/5035/705 4152/5050/705
f 4264/5000/5 4230/4882/5 4263/4996/5 4152/5050/5
f 4277/5035/45 4228/4926/45 4264/5000/45 4152/5050/45
f 4271/5020/45 4232/4924/45 4259/4981/45 4153/5051/45
f 4260/4985/1 4234/4906/1 4271/5020/1 4153/5051/1
f 4259/4981/705 4236/4870/713 4260/4982/705 4153/5051/705
f 4279/5054/45 4497/5053/45 4492/5052/45 4278/4849/45
f 4278/4849/45 4492/5052/45 4487/5055/45 4171/4848/45
f 4282/4824/45 4372/4825/45 4507/5057/45 4281/5056/45
f 4280/5061/45 4567/5060/45 4566/5059/45 4502/5058/45
f 4279/5054/45 4537/5063/45 4536/5062/45 4497/5053/45
f 4331/5066/16 4427/5065/16 4422/5064/16 4332/4899/16
f 4332/4899/16 4422/5064/16 4417/5067/16 4159/4898/16
f 4328/4832/16 4442/4833/16 4437/5069/16 4329/5068/16
f 4330/5073/16 4545/5072/16 4546/5071/16 4432/5070/16
f 4331/5066/16 4575/5075/16 4576/5074/16 4427/5065/16
f 4366/5076/45 4367/4958/45 4282/4824/45 4281/5056/45
f 4367/4958/45 4229/4927/45 4172/4827/45 4282/4824/45
f 4363/4850/45 4364/5077/45 4279/5054/45 4278/4849/45
f 4364/5077/45 4538/5078/45 4537/5063/45 4279/5054/45
f 4365/5080/45 4568/5079/45 4567/5060/45 4280/5061/45
f 4354/5082/5 4353/4961/5 4348/4896/5 4349/5081/5
f 4353/4961/5 4217/4915/5 4165/4893/5 4348/4896/5
f 4357/4854/5 4356/5084/5 4351/5083/5 4352/4853/5
f 4356/5084/5 4570/5086/5 4571/5085/5 4351/5083/5
f 4355/5090/5 4540/5089/5 4541/5088/5 4350/5087/5
f 4301/5092/1 4302/4970/1 4307/4880/1 4306/5091/1
f 4302/4970/1 4235/4907/1 4163/4873/1 4307/4880/1
f 4298/4859/1 4299/5094/1 4304/5093/1 4303/4858/1
f 4299/5094/1 4557/5096/1 4556/5095/1 4304/5093/1
f 4300/5100/1 4587/5099/1 4586/5098/1 4305/5097/1
f 4289/5103/45 4288/4973/45 4283/5102/45 4284/5101/45
f 4288/4973/45 4223/4921/45 4170/4844/45 4283/5102/45
f 4292/4863/45 4291/5105/45 4286/5104/45 4287/4862/45
f 4291/5105/45 4589/5107/45 4590/5106/45 4286/5104/45
f 4290/5111/45 4559/5110/45 4560/5109/45 4285/5108/45
f 4321/5114/16 4322/4993/16 4327/5113/16 4326/5112/16
f 4322/4993/16 4205/4919/16 4158/4902/16 4327/5113/16
f 4318/4878/16 4319/5116/16 4324/5115/16 4323/4877/16
f 4319/5116/16 4553/5118/16 4552/5117/16 4324/5115/16
f 4320/5122/16 4583/5121/16 4582/5120/16 4325/5119/16
f 4309/5123/1 4308/4995/1 4303/4858/1 4304/5093/1
f 4308/4995/1 4194/4840/1 4162/4841/1 4303/4858/1
f 4312/4881/1 4311/5124/1 4306/5091/1 4307/4880/1
f 4311/5124/1 4585/5125/1 4586/5098/1 4306/5091/1
f 4310/5127/1 4555/5126/1 4556/5095/1 4305/5097/1
f 4346/5128/5 4347/5017/5 4352/4853/5 4351/5083/5
f 4347/5017/5 4210/4910/5 4164/4852/5 4352/4853/5
f 4343/4897/5 4344/5129/5 4349/5081/5 4348/4896/5
f 4344/5129/5 4542/5130/5 4541/5088/5 4349/5081/5
f 4345/5132/5 4572/5131/5 4571/5085/5 4350/5087/5
f 4334/5133/16 4333/5019/16 4328/4832/16 4329/5068/16
f 4333/5019/16 4199/4913/16 4160/4835/16 4328/4832/16
f 4337/4900/16 4336/5134/16 4331/5066/16 4332/4899/16
f 4336/5134/16 4574/5135/16 4575/5075/16 4331/5066/16
f 4335/5137/16 4544/5136/16 4545/5072/16 4330/5073/16
f 4364/5077/45 4363/4850/45 4358/4960/45 4359/5138/45
f 4363/4850/45 4249/4851/45 4177/4959/45 4358/4960/45
f 4367/4958/45 4366/5076/45 4361/5139/45 4362/4957/45
f 4366/5076/45 4568/5079/45 4569/5140/45 4361/5139/45
f 4365/5080/45 4538/5078/45 4539/5142/45 4360/5141/45
f 4356/5084/5 4357/4854/5 4362/4957/5 4361/5139/5
f 4357/4854/5 4248/4855/5 4176/4956/5 4362/4957/5
f 4353/4961/5 4354/5082/5 4359/5138/5 4358/4960/5
f 4354/5082/5 4540/5089/5 4539/5142/5 4359/5138/5
f 4355/5090/5 4570/5086/5 4569/5140/5 4360/5141/5
f 4299/5094/1 4298/4859/1 4293/4972/1 4294/5143/1
f 4298/4859/1 4253/4860/1 4181/4971/1 4293/4972/1
f 4302/4970/1 4301/5092/1 4296/5144/1 4297/4969/1
f 4301/5092/1 4587/5099/1 4588/5145/1 4296/5144/1
f 4300/5100/1 4557/5096/1 4558/5147/1 4295/5146/1
f 4291/5105/45 4292/4863/45 4297/4969/45 4296/5144/45
f 4292/4863/45 4252/4864/45 4180/4968/45 4297/4969/45
f 4288/4973/45 4289/5103/45 4294/5143/45 4293/4972/45
f 4289/5103/45 4559/5110/45 4558/5147/45 4294/5143/45
f 4290/5111/45 4589/5107/45 4588/5145/45 4295/5146/45
f 4319/5116/16 4318/4878/16 4313/5149/16 4314/5148/16
f 4318/4878/16 4239/4879/16 4155/4954/16 4313/5149/16
f 4322/4993/16 4321/5114/16 4316/5150/16 4317/4992/16
f 4321/5114/16 4583/5121/16 4584/5151/16 4316/5150/16
f 4320/5122/16 4553/5118/16 4554/5153/16 4315/5152/16
f 4311/5124/1 4312/4881/1 4317/5155/1 4316/5154/1
f 4312/4881/1 4238/4874/1 4154/4988/1 4317/5155/1
f 4308/4995/1 4309/5123/1 4314/5156/1 4313/4994/1
f 4309/5123/1 4555/5126/1 4554/5157/1 4314/5156/1
f 4310/5127/1 4585/5125/1 4584/5159/1 4315/5158/1
f 4344/5129/5 4343/4897/5 4338/5018/5 4339/5160/5
f 4343/4897/5 4241/4894/5 4157/5012/5 4338/5018/5
f 4347/5017/5 4346/5128/5 4341/5161/5 4342/5016/5
f 4346/5128/5 4572/5131/5 4573/5162/5 4341/5161/5
f 4345/5132/5 4542/5130/5 4543/5164/5 4340/5163/5
f 4336/5134/16 4337/4900/16 4342/5016/16 4341/5161/16
f 4337/4900/16 4240/4901/16 4156/5015/16 4342/5016/16
f 4333/5019/16 4334/5133/16 4339/5160/16 4338/5018/16
f 4334/5133/16 4544/5136/16 4543/5164/16 4339/5160/16
f 4335/5137/16 4574/5135/16 4573/5162/16 4340/5163/16
f 4374/5168/45 4373/5167/45 4368/5166/45 4369/5165/45
f 4373/5167/45 4513/5170/45 4514/5169/45 4368/5166/45
f 4377/4826/45 4376/5172/45 4371/5171/45 4372/4825/45
f 4376/5172/45 4375/5174/45 4370/5173/45 4371/5171/45
f 4375/5174/45 4374/5168/45 4369/5165/45 4370/5173/45
f 4396/5178/699 4397/5177/698 4402/5176/697 4401/5175/697
f 4397/5177/698 4183/4887/699 4243/4884/697 4402/5176/697
f 4393/5182/699 4394/5181/698 4399/5180/697 4398/5179/697
f 4394/5181/698 4395/5184/698 4400/5183/697 4399/5180/697
f 4395/5184/698 4396/5178/699 4401/5175/697 4400/5183/697
f 4444/5188/16 4443/5187/16 4438/5186/16 4439/5185/16
f 4443/5187/16 4527/5190/16 4528/5189/16 4438/5186/16
f 4447/4834/16 4446/5192/16 4441/5191/16 4442/4833/16
f 4446/5192/16 4445/5194/16 4440/5193/16 4441/5191/16
f 4445/5194/16 4444/5188/16 4439/5185/16 4440/5193/16
f 4466/5198/720 4467/5197/700 4472/5196/681 4471/5195/681
f 4467/5197/700 4187/4891/701 4247/4888/681 4472/5196/681
f 4463/5202/720 4464/5201/700 4469/5200/681 4468/5199/681
f 4464/5201/700 4465/5204/700 4470/5203/681 4469/5200/681
f 4465/5204/700 4466/5198/720 4471/5195/681 4470/5203/681
f 4481/5206/45 4482/4947/45 4487/5055/45 4486/5205/45
f 4482/4947/45 4215/4917/45 4171/4848/45 4487/5055/45
f 4478/5210/45 4479/5209/45 4484/5208/45 4483/5207/45
f 4479/5209/45 4480/5212/45 4485/5211/45 4484/5208/45
f 4480/5212/45 4481/5206/45 4486/5205/45 4485/5211/45
f 4379/5214/45 4378/5213/45 4373/5167/45 4374/5168/45
f 4378/5213/45 4512/4964/45 4513/5170/45 4373/5167/45
f 4382/4856/45 4381/5215/45 4376/5172/45 4377/4826/45
f 4381/5215/45 4380/5216/45 4375/5174/45 4376/5172/45
f 4380/5216/45 4379/5214/45 4374/5168/45 4375/5174/45
f 4411/5218/16 4412/4940/16 4417/5067/16 4416/5217/16
f 4412/4940/16 4209/4923/16 4159/4898/16 4417/5067/16
f 4408/5222/16 4409/5221/16 4414/5220/16 4413/5219/16
f 4409/5221/16 4410/5224/16 4415/5223/16 4414/5220/16
f 4410/5224/16 4411/5218/16 4416/5217/16 4415/5223/16
f 4449/5226/16 4448/5225/16 4443/5187/16 4444/5188/16
f 4448/5225/16 4526/5025/16 4527/5190/16 4443/5187/16
f 4452/4908/16 4451/5227/16 4446/5192/16 4447/4834/16
f 4451/5227/16 4450/5228/16 4445/5194/16 4446/5192/16
f 4450/5228/16 4449/5226/16 4444/5188/16 4445/5194/16
f 4391/5229/705 4392/4967/705 4397/5177/698 4396/5178/699
f 4392/4967/705 4227/4935/705 4183/4887/699 4397/5177/698
f 4388/5231/705 4389/5230/705 4394/5181/698 4393/5182/699
f 4389/5230/705 4390/5232/705 4395/5184/698 4394/5181/698
f 4390/5232/705 4391/5229/705 4396/5178/699 4395/5184/698
f 4461/5233/702 4462/5023/702 4467/5197/700 4466/5198/720
f 4462/5023/702 4197/4937/702 4187/4891/701 4467/5197/700
f 4458/5235/702 4459/5234/702 4464/5201/700 4463/5202/720
f 4459/5234/702 4460/5236/702 4465/5204/700 4464/5201/700
f 4460/5236/702 4461/5233/702 4466/5198/720 4465/5204/700
f 4409/5221/16 4408/5222/16 4403/5238/16 4404/5237/16
f 4408/5222/16 4534/4904/16 4535/5239/16 4403/5238/16
f 4412/4940/16 4411/5218/16 4406/5240/16 4407/4939/16
f 4411/5218/16 4410/5224/16 4405/5241/16 4406/5240/16
f 4410/5224/16 4409/5221/16 4404/5237/16 4405/5241/16
f 4401/5175/709 4402/5176/709 4407/5243/709 4406/5242/709
f 4402/5176/709 4243/4884/708 4166/5002/708 4407/5243/709
f 4398/5179/709 4399/5180/709 4404/5245/709 4403/5244/709
f 4399/5180/709 4400/5183/709 4405/5246/709 4404/5245/709
f 4400/5183/709 4401/5175/709 4406/5242/709 4405/5246/709
f 4471/5195/681 4472/5196/681 4477/4946/681 4476/5247/681
f 4472/5196/681 4247/4888/681 4175/4945/681 4477/4946/681
f 4468/5199/681 4469/5200/681 4474/5249/681 4473/5248/681
f 4469/5200/681 4470/5203/681 4475/5250/681 4474/5249/681
f 4470/5203/681 4471/5195/681 4476/5247/681 4475/5250/681
f 4479/5209/45 4478/5210/45 4473/5248/45 4474/5249/45
f 4478/5210/45 4520/4846/45 4521/4944/45 4473/5248/45
f 4482/4947/45 4481/5206/45 4476/5247/45 4477/4946/45
f 4481/5206/45 4480/5212/45 4475/5250/45 4476/5247/45
f 4480/5212/45 4479/5209/45 4474/5249/45 4475/5250/45
f 4381/5215/45 4382/4856/45 4387/4966/45 4386/5251/45
f 4382/4856/45 4251/4857/45 4179/4965/45 4387/4966/45
f 4378/5213/45 4379/5214/45 4384/5253/45 4383/5252/45
f 4379/5214/45 4380/5216/45 4385/5254/45 4384/5253/45
f 4380/5216/45 4381/5215/45 4386/5251/45 4385/5254/45
f 4389/5230/705 4388/5231/705 4383/5252/705 4384/5253/705
f 4388/5231/705 4510/4930/705 4511/4963/705 4383/5252/705
f 4392/4967/705 4391/5229/705 4386/5251/705 4387/4966/705
f 4391/5229/705 4390/5232/705 4385/5254/705 4386/5251/705
f 4390/5232/705 4389/5230/705 4384/5253/705 4385/5254/705
f 4459/5234/719 4458/5235/719 4453/5256/719 4454/5255/719
f 4458/5235/719 4524/4931/719 4525/5257/719 4453/5256/719
f 4462/5023/719 4461/5233/719 4456/5258/719 4457/5022/719
f 4461/5233/719 4460/5236/719 4455/5259/719 4456/5258/719
f 4460/5236/719 4459/5234/719 4454/5255/719 4455/5259/719
f 4451/5227/16 4452/4908/16 4457/5261/16 4456/5260/16
f 4452/4908/16 4245/4909/16 4168/5028/16 4457/5261/16
f 4448/5225/16 4449/5226/16 4454/5263/16 4453/5262/16
f 4449/5226/16 4450/5228/16 4455/5264/16 4454/5263/16
f 4450/5228/16 4451/5227/16 4456/5260/16 4455/5264/16
f 4494/5268/45 4493/5267/45 4488/5266/45 4489/5265/45
f 4493/5267/45 4517/5270/45 4518/5269/45 4488/5266/45
f 4497/5053/45 4496/5272/45 4491/5271/45 4492/5052/45
f 4496/5272/45 4495/5274/45 4490/5273/45 4491/5271/45
f 4495/5274/45 4494/5268/45 4489/5265/45 4490/5273/45
f 4489/5265/45 4488/5266/45 4483/5207/45 4484/5208/45
f 4488/5266/45 4518/5269/45 4519/4845/45 4483/5207/45
f 4492/5052/45 4491/5271/45 4486/5205/45 4487/5055/45
f 4491/5271/45 4490/5273/45 4485/5211/45 4486/5205/45
f 4490/5273/45 4489/5265/45 4484/5208/45 4485/5211/45
f 4369/5165/45 4368/5166/45 4503/5276/45 4504/5275/45
f 4368/5166/45 4514/5169/45 4515/5277/45 4503/5276/45
f 4372/4825/45 4371/5171/45 4506/5278/45 4507/5057/45
f 4371/5171/45 4370/5173/45 4505/5279/45 4506/5278/45
f 4370/5173/45 4369/5165/45 4504/5275/45 4505/5279/45
f 4499/5283/45 4593/5282/45 4592/5281/45 4498/5280/45
f 4498/5280/45 4592/5281/45 4591/5285/45 4516/5284/45
f 4502/5058/45 4566/5059/45 4595/5287/45 4501/5286/45
f 4501/5286/45 4595/5287/45 4594/5289/45 4500/5288/45
f 4500/5288/45 4594/5289/45 4593/5282/45 4499/5283/45
f 4494/5268/45 4563/5291/45 4562/5290/45 4493/5267/45
f 4493/5267/45 4562/5290/45 4561/5292/45 4517/5270/45
f 4497/5053/45 4536/5062/45 4565/5293/45 4496/5272/45
f 4496/5272/45 4565/5293/45 4564/5294/45 4495/5274/45
f 4495/5274/45 4564/5294/45 4563/5291/45 4494/5268/45
f 4424/5298/16 4423/5297/16 4418/5296/16 4419/5295/16
f 4423/5297/16 4531/5300/16 4532/5299/16 4418/5296/16
f 4427/5065/16 4426/5302/16 4421/5301/16 4422/5064/16
f 4426/5302/16 4425/5304/16 4420/5303/16 4421/5301/16
f 4425/5304/16 4424/5298/16 4419/5295/16 4420/5303/16
f 4419/5295/16 4418/5296/16 4413/5219/16 4414/5220/16
f 4418/5296/16 4532/5299/16 4533/4903/16 4413/5219/16
f 4422/5064/16 4421/5301/16 4416/5217/16 4417/5067/16
f 4421/5301/16 4420/5303/16 4415/5223/16 4416/5217/16
f 4420/5303/16 4419/5295/16 4414/5220/16 4415/5223/16
f 4439/5185/16 4438/5186/16 4433/5306/16 4434/5305/16
f 4438/5186/16 4528/5189/16 4529/5307/16 4433/5306/16
f 4442/4833/16 4441/5191/16 4436/5308/16 4437/5069/16
f 4441/5191/16 4440/5193/16 4435/5309/16 4436/5308/16
f 4440/5193/16 4439/5185/16 4434/5305/16 4435/5309/16
f 4429/5313/16 4549/5312/16 4550/5311/16 4428/5310/16
f 4428/5310/16 4550/5311/16 4551/5315/16 4530/5314/16
f 4432/5070/16 4546/5071/16 4547/5317/16 4431/5316/16
f 4431/5316/16 4547/5317/16 4548/5319/16 4430/5318/16
f 4430/5318/16 4548/5319/16 4549/5312/16 4429/5313/16
f 4424/5298/16 4579/5321/16 4580/5320/16 4423/5297/16
f 4423/5297/16 4580/5320/16 4581/5322/16 4531/5300/16
f 4427/5065/16 4576/5074/16 4577/5323/16 4426/5302/16
f 4426/5302/16 4577/5323/16 4578/5324/16 4425/5304/16
f 4425/5304/16 4578/5324/16 4579/5321/16 4424/5298/16
f 4509/4830/698 4393/5182/699 4398/5179/697 4508/4829/697
f 4523/4838/700 4463/5202/720 4468/5199/681 4522/4837/681
f 4520/4846/45 4478/5210/45 4483/5207/45 4519/4845/45
f 4534/4904/16 4408/5222/16 4413/5219/16 4533/4903/16
f 4510/4930/705 4388/5231/705 4393/5182/699 4509/4830/698
f 4524/4931/702 4458/5235/702 4463/5202/720 4523/4838/700
f 4508/4829/709 4398/5179/709 4403/5244/709 4535/4942/709
f 4522/4837/681 4468/5199/681 4473/5248/681 4521/4944/681
f 4512/4964/45 4378/5213/45 4383/5252/45 4511/4963/45
f 4526/5025/16 4448/5225/16 4453/5262/16 4525/5024/16
f 4513/5170/45 4173/4861/45 4287/4862/45 4514/5169/45
f 4527/5190/16 4161/4876/16 4323/4877/16 4528/5189/16
f 4512/4964/45 4233/4925/45 4173/4861/45 4513/5170/45
f 4526/5025/16 4191/4929/16 4161/4876/16 4527/5190/16
f 4534/4904/16 4242/4905/16 4167/5032/16 4535/5239/16
f 4520/4846/45 4246/4847/45 4174/4943/45 4521/4944/45
f 4510/4930/705 4250/4869/705 4178/4962/705 4511/4963/705
f 4524/4931/719 4244/4866/712 4169/4979/712 4525/5257/719
f 4517/5270/45 4284/5101/45 4283/5102/45 4518/5269/45
f 4518/5269/45 4283/5102/45 4170/4844/45 4519/4845/45
f 4514/5169/45 4287/4862/45 4286/5104/45 4515/5277/45
f 4516/5284/45 4591/5285/45 4590/5106/45 4285/5108/45
f 4517/5270/45 4561/5292/45 4560/5109/45 4284/5101/45
f 4531/5300/16 4326/5112/16 4327/5113/16 4532/5299/16
f 4532/5299/16 4327/5113/16 4158/4902/16 4533/4903/16
f 4528/5189/16 4323/4877/16 4324/5115/16 4529/5307/16
f 4530/5314/16 4551/5315/16 4552/5117/16 4325/5119/16
f 4531/5300/16 4581/5322/16 4582/5120/16 4326/5112/16
f 4537/5063/45 4280/5061/45 4502/5058/45 4536/5062/45
f 4545/5072/16 4329/5068/16 4437/5069/16 4546/5071/16
f 4538/5078/45 4365/5080/45 4280/5061/45 4537/5063/45
f 4540/5089/5 4354/5082/5 4349/5081/5 4541/5088/5
f 4557/5096/1 4300/5100/1 4305/5097/1 4556/5095/1
f 4559/5110/45 4289/5103/45 4284/5101/45 4560/5109/45
f 4553/5118/16 4320/5122/16 4325/5119/16 4552/5117/16
f 4555/5126/1 4309/5123/1 4304/5093/1 4556/5095/1
f 4542/5130/5 4345/5132/5 4350/5087/5 4541/5088/5
f 4544/5136/16 4334/5133/16 4329/5068/16 4545/5072/16
f 4538/5078/45 4364/5077/45 4359/5138/45 4539/5142/45
f 4540/5089/5 4355/5090/5 4360/5141/5 4539/5142/5
f 4557/5096/1 4299/5094/1 4294/5143/1 4558/5147/1
f 4559/5110/45 4290/5111/45 4295/5146/45 4558/5147/45
f 4553/5118/16 4319/5116/16 4314/5148/16 4554/5153/16
f 4555/5126/1 4310/5127/1 4315/5158/1 4554/5157/1
f 4542/5130/5 4344/5129/5 4339/5160/5 4543/5164/5
f 4544/5136/16 4335/5137/16 4340/5163/16 4543/5164/16
f 4563/5291/45 4499/5283/45 4498/5280/45 4562/5290/45
f 4562/5290/45 4498/5280/45 4516/5284/45 4561/5292/45
f 4536/5062/45 4502/5058/45 4501/5286/45 4565/5293/45
f 4565/5293/45 4501/5286/45 4500/5288/45 4564/5294/45
f 4564/5294/45 4500/5288/45 4499/5283/45 4563/5291/45
f 4549/5312/16 4434/5305/16 4433/5306/16 4550/5311/16
f 4550/5311/16 4433/5306/16 4529/5307/16 4551/5315/16
f 4546/5071/16 4437/5069/16 4436/5308/16 4547/5317/16
f 4547/5317/16 4436/5308/16 4435/5309/16 4548/5319/16
f 4548/5319/16 4435/5309/16 4434/5305/16 4549/5312/16
f 4561/5292/45 4516/5284/45 4285/5108/45 4560/5109/45
f 4551/5315/16 4529/5307/16 4324/5115/16 4552/5117/16
f 4567/5060/45 4281/5056/45 4507/5057/45 4566/5059/45
f 4575/5075/16 4330/5073/16 4432/5070/16 4576/5074/16
f 4568/5079/45 4366/5076/45 4281/5056/45 4567/5060/45
f 4570/5086/5 4355/5090/5 4350/5087/5 4571/5085/5
f 4587/5099/1 4301/5092/1 4306/5091/1 4586/5098/1
f 4589/5107/45 4290/5111/45 4285/5108/45 4590/5106/45
f 4583/5121/16 4321/5114/16 4326/5112/16 4582/5120/16
f 4585/5125/1 4310/5127/1 4305/5097/1 4586/5098/1
f 4572/5131/5 4346/5128/5 4351/5083/5 4571/5085/5
f 4574/5135/16 4335/5137/16 4330/5073/16 4575/5075/16
f 4568/5079/45 4365/5080/45 4360/5141/45 4569/5140/45
f 4570/5086/5 4356/5084/5 4361/5139/5 4569/5140/5
f 4587/5099/1 4300/5100/1 4295/5146/1 4588/5145/1
f 4589/5107/45 4291/5105/45 4296/5144/45 4588/5145/45
f 4583/5121/16 4320/5122/16 4315/5152/16 4584/5151/16
f 4585/5125/1 4311/5124/1 4316/5154/1 4584/5159/1
f 4572/5131/5 4345/5132/5 4340/5163/5 4573/5162/5
f 4574/5135/16 4336/5134/16 4341/5161/16 4573/5162/16
f 4593/5282/45 4504/5275/45 4503/5276/45 4592/5281/45
f 4592/5281/45 4503/5276/45 4515/5277/45 4591/5285/45
f 4566/5059/45 4507/5057/45 4506/5278/45 4595/5287/45
f 4595/5287/45 4506/5278/45 4505/5279/45 4594/5289/45
f 4594/5289/45 4505/5279/45 4504/5275/45 4593/5282/45
f 4579/5321/16 4429/5313/16 4428/5310/16 4580/5320/16
f 4580/5320/16 4428/5310/16 4530/5314/16 4581/5322/16
f 4576/5074/16 4432/5070/16 4431/5316/16 4577/5323/16
f 4577/5323/16 4431/5316/16 4430/5318/16 4578/5324/16
f 4578/5324/16 4430/5318/16 4429/5313/16 4579/5321/16
f 4591/5285/45 4515/5277/45 4286/5104/45 4590/5106/45
f 4581/5322/16 4530/5314/16 4325/5119/16 4582/5120/16

v 99.90000152587891 101.5 100
v 99.90000152587891 311.5 100
v 99.90000152587891 101.5 -100
v 99.90000152587891 311.5 -100
v 96.90000152587891 311.5 97
v 96.90000152587891 101.5 97
v 96.90000152587891 311.5 -97
v 96.90000152587891 101.5 -97
v 99.90000152587891 101.5 -98.5
v 99.90000152587891 101.5 98.5
v 99.90000152587891 311.5 -98.5
v 99.90000152587891 311.5 98.5
v 99.90000152587891 103 -98.5
v 99.90000152587891 310 -98.5
v 99.90000152587891 310 98.5
v 99.90000152587891 103 98.5
v 98.40000152587891 101.5 96.37867736816406
v 98.40000152587891 101.5 -96.37867736816406
v 98.40000152587891 311.5 -96.37867736816406
v 98.40000152587891 311.5 96.37867736816406
v 99.90000152587891 310 -100
v 99.90000152587891 103 -100
v 99.90000152587891 310 100
v 99.90000152587891 103 100
v 96.90000152587891 103 95.5
v 96.90000152587891 310 95.5
v 96.90000152587891 310 -95.5
v 96.90000152587891 103 -95.5
v 96.90000152587891 103 97
v 96.90000152587891 310 97
v 96.90000152587891 311.5 -95.5
v 96.90000152587891 311.5 95.5
v 96.90000152587891 103 -97
v 96.90000152587891 310 -97
v 96.90000152587891 101.5 -95.5
v 96.90000152587891 101.5 95.5
v 98.40000152587891 103 -98.5
v 98.40000152587891 310 -98.5
v 98.40000152587891 311.5 -98.5
v 98.40000152587891 101.5 -98.5
v 98.40000152587891 103 98.5
v 98.40000152587891 310 98.5
v 98.40000152587891 311.5 98.5
v 98.40000152587891 101.5 98.5
v 99.90000152587891 101.75 99.75
v 99.90000152587891 103 99.75
v 99.72322082519531 101.75 99.82322692871094
v 98.40000152587891 101.75 98.5
v 99.65000152587891 101.5 98.14644622802734
v 99.65000152587891 101.5 99.39644622802734
v 99.72322082519531 311.25 99.82322692871094
v 99.72322082519531 310 99.82322692871094
v 99.90000152587891 311.25 99.75
v 99.90000152587891 311.25 98.5
v 98.40000152587891 311.5 98.14644622802734
v 99.65000152587891 311.5 99.39644622802734
v 99.72322082519531 101.75 -99.82322692871094
v 99.72322082519531 103 -99.82322692871094
v 99.90000152587891 101.75 -99.75
v 99.90000152587891 101.75 -98.5
v 98.40000152587891 101.5 -98.14644622802734
v 99.65000152587891 101.5 -99.39644622802734
v 99.90000152587891 311.25 -99.75
v 99.90000152587891 310 -99.75
v 99.65000152587891 311.5 -98.14644622802734
v 99.65000152587891 311.5 -99.39644622802734
v 99.72322082519531 311.25 -99.82322692871094
v 98.40000152587891 311.25 -98.5
v 96.90000152587891 311.25 96.75
v 96.90000152587891 310 96.75
v 97.15000152587891 311.5 96.89644622802734
v 97.15000152587891 311.5 95.64644622802734
v 97.07677459716797 311.25 97.17677307128906
v 98.40000152587891 311.25 98.5
v 97.07677459716797 101.75 97.17677307128906
v 97.07677459716797 103 97.17677307128906
v 96.90000152587891 101.75 96.75
v 96.90000152587891 101.75 95.5
v 97.15000152587891 101.5 96.89644622802734
v 98.40000152587891 101.5 98.14644622802734
v 97.07677459716797 311.25 -97.17677307128906
v 97.07677459716797 310 -97.17677307128906
v 96.90000152587891 311.25 -96.75
v 96.90000152587891 311.25 -95.5
v 97.15000152587891 311.5 -96.89644622802734
v 98.40000152587891 311.5 -98.14644622802734
v 96.90000152587891 101.75 -96.75
v 96.90000152587891 103 -96.75
v 97.15000152587891 101.5 -96.89644622802734
v 97.15000152587891 101.5 -95.64644622802734
v 97.07677459716797 101.75 -97.17677307128906
v 98.40000152587891 101.75 -98.5
v 99.65000152587891 101.5 -98.14644622802734
v 99.90000152587891 101.75 98.5
v 99.90000152587891 311.25 -98.5
v 99.65000152587891 311.5 98.14644622802734
v 99.90000152587891 103 -99.75
v 99.72322082519531 310 -99.82322692871094
v 99.72322082519531 103 99.82322692871094
v 99.90000152587891 310 99.75
v 96.90000152587891 103 96.75
v 97.07677459716797 310 97.17677307128906
v 97.15000152587891 311.5 -95.64644622802734
v 96.90000152587891 311.25 95.5
v 97.07677459716797 103 -97.17677307128906
v 96.90000152587891 310 -96.75
v 96.90000152587891 101.75 -95.5
v 97.15000152587891 101.5 95.64644622802734
v 99.72322082519531 101.5 99.82322692871094
v 99.90000152587891 101.5 99.75
v 97.07677459716797 101.5 97.17677307128906
v 96.90000152587891 101.5 96.75
v 99.90000152587891 101.75 100
v 96.90000152587891 101.75 -97
v 97.07677459716797 101.5 -97.17677307128906
v 99.90000152587891 101.5 -99.75
v 99.72322082519531 101.5 -99.82322692871094
v 97.07677459716797 311.5 -97.17677307128906
v 96.90000152587891 311.5 -96.75
v 99.90000152587891 311.25 -100
v 99.72322082519531 311.5 -99.82322692871094
v 96.90000152587891 311.25 97
v 97.07677459716797 311.5 97.17677307128906
v 99.90000152587891 311.5 99.75
v 99.72322082519531 311.5 99.82322692871094
v 96.90000152587891 101.5 -96.75
v 99.90000152587891 311.5 -99.75
v 99.90000152587891 311.25 100
v 96.90000152587891 311.5 96.75
v 99.90000152587891 101.75 -100
v 96.90000152587891 101.75 97
v 96.90000152587891 311.25 -97
v 96.90000152587891 310 63.66666793823242
v 96.90000152587891 310 31.83333396911621
v 96.90000152587891 310 -0.00000000000004
v 96.90000152587891 310 -31.83333396911621
v 96.90000152587891 310 -63.66666793823242
v 96.90000152587891 103 63.66666793823242
v 96.90000152587891 103 31.83333396911621
v 96.90000152587891 103 -0.00000000000004
v 96.90000152587891 103 -31.83333396911621
v 96.90000152587891 103 -63.66666793823242
v 96.90000152587891 101.75 63.66666793823242
v 96.90000152587891 101.75 31.83333396911621
v 96.90000152587891 101.75 -0.00000000000004
v 96.90000152587891 101.75 -31.83333396911621
v 96.90000152587891 101.75 -63.66666793823242
v 96.90000152587891 101.5 63.66666793823242
v 96.90000152587891 101.5 31.83333396911621
v 96.90000152587891 101.5 -0.00000000000004
v 96.90000152587891 101.5 -31.83333396911621
v 96.90000152587891 101.5 -63.66666793823242
v 97.15000152587891 101.5 63.76429748535156
v 97.15000152587891 101.5 31.88214874267578
v 97.15000152587891 101.5 -0.00000000000004
v 97.15000152587891 101.5 -31.88214874267578
v 97.15000152587891 101.5 -63.76429748535156
v 98.40000152587891 101.5 64.25245666503906
v 98.40000152587891 101.5 32.12622833251953
v 98.40000152587891 101.5 -0.00000000000004
v 98.40000152587891 101.5 -32.12622833251953
v 98.40000152587891 101.5 -64.25245666503906
v 99.65000152587891 101.5 65.43096160888672
v 99.65000152587891 101.5 32.71548080444336
v 99.65000152587891 101.5 -0.00000000000004
v 99.65000152587891 101.5 -32.71548080444336
v 99.65000152587891 101.5 -65.43096160888672
v 99.90000152587891 101.5 65.66666412353516
v 99.90000152587891 101.5 32.83333206176758
v 99.90000152587891 101.5 -0.00000000000004
v 99.90000152587891 101.5 -32.83333206176758
v 99.90000152587891 101.5 -65.66666412353516
v 99.90000152587891 101.75 65.66666412353516
v 99.90000152587891 101.75 32.83333206176758
v 99.90000152587891 101.75 -0.00000000000004
v 99.90000152587891 101.75 -32.83333206176758
v 99.90000152587891 101.75 -65.66666412353516
v 99.90000152587891 103 65.66666412353516
v 99.90000152587891 103 32.83333206176758
v 99.90000152587891 103 -0.00000000000004
v 99.90000152587891 103 -32.83333206176758
v 99.90000152587891 103 -65.66666412353516
v 99.90000152587891 310 65.66666412353516
v 99.90000152587891 310 32.83333206176758
v 99.90000152587891 310 -0.00000000000004
v 99.90000152587891 310 -32.83333206176758
v 99.90000152587891 310 -65.66666412353516
v 99.90000152587891 311.25 65.66666412353516
v 99.90000152587891 311.25 32.83333206176758
v 99.90000152587891 311.25 -0.00000000000004
v 99.90000152587891 311.25 -32.83333206176758
v 99.90000152587891 311.25 -65.66666412353516
v 99.90000152587891 311.5 65.66666412353516
v 99.90000152587891 311.5 32.83333206176758
v 99.90000152587891 311.5 -0.00000000000004
v 99.90000152587891 311.5 -32.83333206176758
v 99.90000152587891 311.5 -65.66666412353516
v 99.65000152587891 311.5 65.43096160888672
v 99.65000152587891 311.5 32.71548080444336
v 99.65000152587891 311.5 -0.00000000000004
v 99.65000152587891 311.5 -32.71548080444336
v 99.65000152587891 311.5 -65.43096160888672
v 98.40000152587891 311.5 64.25245666503906
v 98.40000152587891 311.5 32.12622833251953
v 98.40000152587891 311.5 -0.00000000000004
v 98.40000152587891 311.5 -32.12622833251953
v 98.40000152587891 311.5 -64.25245666503906
v 97.15000152587891 311.5 63.76429748535156
v 97.15000152587891 311.5 31.88214874267578
v 97.15000152587891 311.5 -0.00000000000004
v 97.15000152587891 311.5 -31.88214874267578
v 97.15000152587891 311.5 -63.76429748535156
v 96.90000152587891 311.5 63.66666793823242
v 96.90000152587891 311.5 31.83333396911621
v 96.90000152587891 311.5 -0.00000000000004
v 96.90000152587891 311.5 -31.83333396911621
v 96.90000152587891 311.5 -63.66666793823242
v 96.90000152587891 311.25 63.66666793823242
v 96.90000152587891 311.25 31.83333396911621
v 96.90000152587891 311.25 -0.00000000000004
v 96.90000152587891 311.25 -31.83333396911621
v 96.90000152587891 311.25 -63.66666793823242
v 96.90000152587891 137.5 -63.66666793823242
v 96.90000152587891 172 -63.66666793823242
v 96.90000152587891 206.5 -63.66666793823242
v 96.90000152587891 241 -63.66666793823242
v 96.90000152587891 275.5 -63.66666793823242
v 96.90000152587891 137.5 -95.5
v 96.90000152587891 172 -95.5
v 96.90000152587891 206.5 -95.5
v 96.90000152587891 241 -95.5
v 96.90000152587891 275.5 -95.5
v 96.90000152587891 137.5 -96.75
v 96.90000152587891 172 -96.75
v 96.90000152587891 206.5 -96.75
v 96.90000152587891 241 -96.75
v 96.90000152587891 275.5 -96.75
v 96.90000152587891 137.5 -97
v 96.90000152587891 172 -97
v 96.90000152587891 206.5 -97
v 96.90000152587891 241 -97
v 96.90000152587891 275.5 -97
v 97.07677459716797 137.5 -97.17677307128906
v 97.07677459716797 172 -97.17677307128906
v 97.07677459716797 206.5 -97.17677307128906
v 97.07677459716797 241 -97.17677307128906
v 97.07677459716797 275.5 -97.17677307128906
v 98.40000152587891 137.5 -98.5
v 98.40000152587891 172 -98.5
v 98.40000152587891 206.5 -98.5
v 98.40000152587891 241 -98.5
v 98.40000152587891 275.5 -98.5
v 99.72322082519531 137.5 -99.82322692871094
v 99.72322082519531 172 -99.82322692871094
v 99.72322082519531 206.5 -99.82322692871094
v 99.72322082519531 241 -99.82322692871094
v 99.72322082519531 275.5 -99.82322692871094
v 99.90000152587891 137.5 -100
v 99.90000152587891 172 -100
v 99.90000152587891 206.5 -100
v 99.90000152587891 241 -100
v 99.90000152587891 275.5 -100
v 99.90000152587891 137.5 -99.75
v 99.90000152587891 172 -99.75
v 99.90000152587891 206.5 -99.75
v 99.90000152587891 241 -99.75
v 99.90000152587891 275.5 -99.75
v 99.90000152587891 137.5 -98.5
v 99.90000152587891 172 -98.5
v 99.90000152587891 206.5 -98.5
v 99.90000152587891 241 -98.5
v 99.90000152587891 275.5 -98.5
v 99.90000152587891 137.5 -65.66666412353516
v 99.90000152587891 172 -65.66666412353516
v 99.90000152587891 206.5 -65.66666412353516
v 99.90000152587891 241 -65.66666412353516
v 99.90000152587891 275.5 -65.66666412353516
v 99.90000152587891 137.5 -32.83333206176758
v 99.90000152587891 172 -32.83333206176758
v 99.90000152587891 206.5 -32.83333206176758
v 99.90000152587891 241 -32.83333206176758
v 99.90000152587891 275.5 -32.83333206176758
v 99.90000152587891 137.5 -0.00000000000004
v 99.90000152587891 172 -0.00000000000004
v 99.90000152587891 206.5 -0.00000000000004
v 99.90000152587891 241 -0.00000000000004
v 99.90000152587891 275.5 -0.00000000000004
v 99.90000152587891 137.5 32.83333206176758
v 99.90000152587891 172 32.83333206176758
v 99.90000152587891 206.5 32.83333206176758
v 99.90000152587891 241 32.83333206176758
v 99.90000152587891 275.5 32.83333206176758
v 99.90000152587891 137.5 65.66666412353516
v 99.90000152587891 172 65.66666412353516
v 99.90000152587891 206.5 65.66666412353516
v 99.90000152587891 241 65.66666412353516
v 99.90000152587891 275.5 65.66666412353516
v 99.90000152587891 137.5 98.5
v 99.90000152587891 172 98.5
v 99.90000152587891 206.5 98.5
v 99.90000152587891 241 98.5
v 99.90000152587891 275.5 98.5
v 99.90000152587891 137.5 99.75
v 99.90000152587891 172 99.75
v 99.90000152587891 206.5 99.75
v 99.90000152587891 241 99.75
v 99.90000152587891 275.5 99.75
v 99.90000152587891 137.5 100
v 99.90000152587891 172 100
v 99.90000152587891 206.5 100
v 99.90000152587891 241 100
v 99.90000152587891 275.5 100
v 99.72322082519531 137.5 99.82322692871094
v 99.72322082519531 172 99.82322692871094
v 99.72322082519531 206.5 99.82322692871094
v 99.72322082519531 241 99.82322692871094
v 99.72322082519531 275.5 99.82322692871094
v 98.40000152587891 137.5 98.5
v 98.40000152587891 172 98.5
v 98.40000152587891 206.5 98.5
v 98.40000152587891 241 98.5
v 98.40000152587891 275.5 98.5
v 97.07677459716797 137.5 97.17677307128906
v 97.07677459716797 172 97.17677307128906
v 97.07677459716797 206.5 97.17677307128906
v 97.07677459716797 241 97.17677307128906
v 97.07677459716797 275.5 97.17677307128906
v 96.90000152587891 137.5 97
v 96.90000152587891 172 97
v 96.90000152587891 206.5 97
v 96.90000152587891 241 97
v 96.90000152587891 275.5 97
v 96.90000152587891 137.5 96.75
v 96.90000152587891 172 96.75
v 96.90000152587891 206.5 96.75
v 96.90000152587891 241 96.75
v 96.90000152587891 275.5 96.75
v 96.90000152587891 137.5 95.5
v 96.90000152587891 172 95.5
v 96.90000152587891 206.5 95.5
v 96.90000152587891 241 95.5
v 96.90000152587891 275.5 95.5
v 96.90000152587891 137.5 63.66666793823242
v 96.90000152587891 172 63.66666793823242
v 96.90000152587891 206.5 63.66666793823242
v 96.90000152587891 241 63.66666793823242
v 96.90000152587891 275.5 63.66666793823242
v 96.90000152587891 137.5 31.83333396911621
v 96.90000152587891 172 31.83333396911621
v 96.90000152587891 206.5 31.83333396911621
v 96.90000152587891 241 31.83333396911621
v 96.90000152587891 275.5 31.83333396911621
v 96.90000152587891 137.5 -0.00000000000004
v 96.90000152587891 172 -0.00000000000004
v 96.90000152587891 206.5 -0.00000000000004
v 96.90000152587891 241 -0.00000000000004
v 96.90000152587891 275.5 -0.00000000000004
v 96.90000152587891 137.5 -31.83333396911621
v 96.90000152587891 172 -31.83333396911621
v 96.90000152587891 206.5 -31.83333396911621
v 96.90000152587891 241 -31.83333396911621
v 96.90000152587891 275.5 -31.83333396911621
v 99.72322082519531 120.25 -99.82322692871094
v 98.40000152587891 120.25 -98.5
v 97.07677459716797 120.25 -97.17677307128906
v 96.90000152587891 120.25 -97
v 96.90000152587891 120.25 -96.75
v 96.90000152587891 120.25 -95.5
v 96.90000152587891 120.25 -63.66666793823242
v 96.90000152587891 120.25 -31.83333396911621
v 96.90000152587891 120.25 -0.00000000000004
v 96.90000152587891 120.25 31.83333396911621
v 96.90000152587891 120.25 63.66666793823242
v 96.90000152587891 120.25 95.5
v 96.90000152587891 120.25 96.75
v 96.90000152587891 120.25 97
v 97.07677459716797 120.25 97.17677307128906
v 98.40000152587891 120.25 98.5
v 99.72322082519531 120.25 99.82322692871094
v 99.90000152587891 120.25 100
v 99.90000152587891 120.25 99.75
v 99.90000152587891 120.25 98.5
v 99.90000152587891 120.25 65.66666412353516
v 99.90000152587891 120.25 32.83333206176758
v 99.90000152587891 120.25 -0.00000000000004
v 99.90000152587891 120.25 -32.83333206176758
v 99.90000152587891 120.25 -65.66666412353516
v 99.90000152587891 120.25 -98.5
v 99.90000152587891 120.25 -99.75
v 99.90000152587891 120.25 -100
v 96.90000152587891 275.5 15.91666698455811
v 96.90000152587891 310 15.91666698455811
v 96.90000152587891 311.25 15.91666698455811
v 96.90000152587891 311.5 15.91666698455811
v 97.15000152587891 311.5 15.94107437133789
v 98.40000152587891 311.5 16.06311416625977
v 99.65000152587891 311.5 16.35774040222168
v 99.90000152587891 311.5 16.41666603088379
v 99.90000152587891 311.25 16.41666603088379
v 99.90000152587891 310 16.41666603088379
v 99.90000152587891 275.5 16.41666603088379
v 99.90000152587891 241 16.41666603088379
v 99.90000152587891 206.5 16.41666603088379
v 99.90000152587891 172 16.41666603088379
v 99.90000152587891 137.5 16.41666603088379
v 99.90000152587891 120.25 16.41666603088379
v 99.90000152587891 103 16.41666603088379
v 99.90000152587891 101.75 16.41666603088379
v 99.90000152587891 101.5 16.41666603088379
v 99.65000152587891 101.5 16.35774040222168
v 98.40000152587891 101.5 16.06311416625977
v 97.15000152587891 101.5 15.94107437133789
v 96.90000152587891 101.5 15.91666698455811
v 96.90000152587891 101.75 15.91666698455811
v 96.90000152587891 103 15.91666698455811
v 96.90000152587891 120.25 15.91666698455811
v 96.90000152587891 137.5 15.91666698455811
v 96.90000152587891 172 15.91666698455811
v 96.90000152587891 206.5 15.91666698455811
v 96.90000152587891 241 15.91666698455811
v 96.90000152587891 275.5 -15.91666698455811
v 96.90000152587891 310 -15.91666698455811
v 96.90000152587891 311.25 -15.91666698455811
v 96.90000152587891 311.5 -15.91666698455811
v 97.15000152587891 311.5 -15.94107437133789
v 98.40000152587891 311.5 -16.06311416625977
v 99.65000152587891 311.5 -16.35774040222168
v 99.90000152587891 311.5 -16.41666603088379
v 99.90000152587891 311.25 -16.41666603088379
v 99.90000152587891 310 -16.41666603088379
v 99.90000152587891 275.5 -16.41666603088379
v 99.90000152587891 241 -16.41666603088379
v 99.90000152587891 206.5 -16.41666603088379
v 99.90000152587891 172 -16.41666603088379
v 99.90000152587891 137.5 -16.41666603088379
v 99.90000152587891 120.25 -16.41666603088379
v 99.90000152587891 103 -16.41666603088379
v 99.90000152587891 101.75 -16.41666603088379
v 99.90000152587891 101.5 -16.41666603088379
v 99.65000152587891 101.5 -16.35774040222168
v 98.40000152587891 101.5 -16.06311416625977
v 97.15000152587891 101.5 -15.94107437133789
v 96.90000152587891 101.5 -15.91666698455811
v 96.90000152587891 101.75 -15.91666698455811
v 96.90000152587891 103 -15.91666698455811
v 96.90000152587891 120.25 -15.91666698455811
v 96.90000152587891 137.5 -15.91666698455811
v 96.90000152587891 172 -15.91666698455811
v 96.90000152587891 206.5 -15.91666698455811
v 96.90000152587891 241 -15.91666698455811
v 99.72322082519531 109.90000152587891 -99.82322692871094
v 98.40000152587891 109.90000152587891 -98.5
v 97.07677459716797 109.90000152587891 -97.17677307128906
v 96.90000152587891 109.90000152587891 -97
v 96.90000152587891 109.90000152587891 -96.75
v 96.90000152587891 109.90000152587891 -95.5
v 96.90000152587891 109.90000152587891 -63.66666793823242
v 96.90000152587891 109.90000152587891 -31.83333396911621
v 96.90000152587891 109.90000152587891 -15.91666698455811
v 96.90000152587891 109.90000152587891 15.91666698455811
v 96.90000152587891 109.90000152587891 31.83333396911621
v 96.90000152587891 109.90000152587891 63.66666793823242
v 96.90000152587891 109.90000152587891 95.5
v 96.90000152587891 109.90000152587891 96.75
v 96.90000152587891 109.90000152587891 97
v 97.07677459716797 109.90000152587891 97.17677307128906
v 98.40000152587891 109.90000152587891 98.5
v 99.72322082519531 109.90000152587891 99.82322692871094
v 99.90000152587891 109.90000152587891 100
v 99.90000152587891 109.90000152587891 99.75
v 99.90000152587891 109.90000152587891 98.5
v 99.90000152587891 109.90000152587891 65.66666412353516
v 99.90000152587891 109.90000152587891 32.83333206176758
v 99.90000152587891 109.90000152587891 16.41666603088379
v 99.90000152587891 109.90000152587891 -16.41666603088379
v 99.90000152587891 109.90000152587891 -32.83333206176758
v 99.90000152587891 109.90000152587891 -65.66666412353516
v 99.90000152587891 109.90000152587891 -98.5
v 99.90000152587891 109.90000152587891 -99.75
v 99.90000152587891 109.90000152587891 -100
v 99.90000152587891 113.51171112060547 3.60997486114502
v 96.90000152587891 115.00547027587891 0.0037302011624
v 96.90000152587891 109.90547180175781 5.10373020172119
v 96.90000152587891 106.29922485351562 3.60997486114502
v 96.90000152587891 104.80546569824219 0.0037302011624
v 99.90000152587891 104.80546569824219 0.0037302011624
v 96.90000152587891 113.51171112060547 3.60997486114502
v 99.90000152587891 115.00547027587891 0.0037302011624
v 99.90000152587891 109.90547180175781 5.10373020172119
v 99.90000152587891 113.51171112060547 -3.60251426696777
v 99.90000152587891 106.29922485351562 -3.60251426696777
v 99.90000152587891 109.90000152587891 -5.09400415420532
v 96.90000152587891 113.51171112060547 -3.60251426696777
v 99.90000152587891 106.29922485351562 3.60997486114502
v 96.90000152587891 109.90000152587891 -5.09400415420532
v 96.90000152587891 106.29922485351562 -3.60251426696777
v 99.90000152587891 104.64961242675781 10.01332092285156
v 99.90000152587891 103.90273284912109 0.0018651005812
v 99.90000152587891 104.64961242675781 -10.00959014892578
v 99.90000152587891 109.90000152587891 -10.75533580780029
v 99.90000152587891 116.880859375 -10.00959014892578
v 99.90000152587891 117.62773132324219 0.0018651005812
v 99.90000152587891 116.880859375 10.01332092285156
v 99.90000152587891 109.90273284912109 10.76019859313965
v 96.90000152587891 103.90273284912109 0.0018651005812
v 96.90000152587891 104.64961242675781 -9.75959014892578
v 96.90000152587891 109.90000152587891 -10.50533580780029
v 96.90000152587891 116.880859375 -9.75959014892578
v 96.90000152587891 117.62773132324219 0.0018651005812
v 96.90000152587891 116.880859375 9.76332092285156
v 96.90000152587891 109.90273284912109 10.51019859313965
v 96.90000152587891 104.64961242675781 9.76332092285156
v 98.40000152587891 109.90000152587891 -5.09400415420532
v 98.40000152587891 113.51171112060547 -3.60251426696777
v 98.40000152587891 115.00547027587891 0.0037302011624
v 98.40000152587891 113.51171112060547 3.60997486114502
v 98.40000152587891 109.90547180175781 5.10373020172119
v 98.40000152587891 106.29922485351562 3.60997486114502
v 98.40000152587891 104.80546569824219 0.0037302011624
v 98.40000152587891 106.29922485351562 -3.60251426696777
v 96.90000152587891 106.21341705322266 3.93005037307739
v 99.65000152587891 115.00547027587891 0.0037302011624
v 99.90000152587891 113.64586639404297 3.86494207382202
v 99.65000152587891 113.51171112060547 3.60997486114502
v 99.90000152587891 109.90534210205078 5.37432813644409
v 97.15000152587891 115.00547027587891 0.0037302011624
v 99.65000152587891 109.90547180175781 5.10373020172119
v 96.90000152587891 113.64908599853516 -3.85355567932129
v 96.90000152587891 115.27606964111328 0.0035377368331
v 97.15000152587891 113.51171112060547 3.60997486114502
v 96.90000152587891 109.90000152587891 -5.36454248428345
v 97.15000152587891 109.90547180175781 5.10373020172119
v 99.65000152587891 106.29922485351562 -3.60251426696777
v 96.90000152587891 113.64912414550781 3.86094236373901
v 96.90000152587891 109.90533447265625 5.37432813644409
v 97.15000152587891 106.29922485351562 3.60997486114502
v 96.90000152587891 106.21345520019531 -3.92264461517334
v 97.15000152587891 104.80546569824219 0.0037302011624
v 97.15000152587891 106.29922485351562 -3.60251426696777
v 96.90000152587891 104.53487396240234 0.0031711300835
v 99.90000152587891 106.21588134765625 -3.92620825767517
v 99.90000152587891 104.53487396240234 0.0031711300835
v 99.65000152587891 104.80546569824219 0.0037302011624
v 99.65000152587891 106.29922485351562 3.60997486114502
v 99.90000152587891 115.27606964111328 0.0035377368331
v 99.65000152587891 113.51171112060547 -3.60251426696777
v 99.90000152587891 106.21585083007812 3.93361687660217
v 99.90000152587891 113.64582824707031 -3.85755109786987
v 99.65000152587891 109.90000152587891 -5.09400415420532
v 99.90000152587891 109.90000152587891 -5.36454248428345
v 97.15000152587891 113.51171112060547 -3.60251426696777
v 97.15000152587891 109.90000152587891 -5.09400415420532
# 552 vertices

vn -0.70710879564285 0 -0.70710474252701
vn -0.70710784196854 0 -0.70710569620132
vn -0.70710778236389 0 -0.70710575580597
vn -0.70710778236389 0 0.70710575580597
vn -0.70710784196854 0 0.70710575580597
vn -0.70710879564285 0 0.70710474252701
vn -0.70710879564285 0 0.70710474252701
vn -0.70710778236389 0 0.70710575580597
vn -0.70710778236389 0 -0.70710575580597
vn -0.70710879564285 0 -0.70710474252701
vn -0.70709151029587 0 -0.70712202787399
vn -0.70709151029587 0 -0.70712208747864
vn -0.70710015296936 0 0.7071133852005
vn -0.70709729194641 0 0.70711630582809
vn -0.70709151029587 0 0.70712202787399
vn -0.70710784196854 0 -0.70710575580597
vn -0.70710015296936 0 -0.7071133852005
vn -0.70709735155106 0 -0.70711624622345
vn -0.70709729194641 0 -0.70711630582809
vn -0.70709735155106 0 0.70711624622345
vn -0.70709151029587 0 0.70712202787399
vn -0.70709151029587 0 -0.70712202787399
vn -0.70710784196854 0 0.70710569620132
vn -0.70709151029587 0 0.70712208747864
vn 0 -0.3816938996315 0.92428880929947
vn 0 0.92387920618057 -0.38268423080444
vn 0 -0.3826839029789 -0.92387932538986
vn 0 0.38268321752548 -0.92387962341309
vn 0 0.92387920618057 0.38268423080444
vn 0 0.38268330693245 0.92387956380844
vn 0 0.92387920618057 0.38268426060677
vn 0 -0.38169386982918 0.92428880929947
vn 0 0.38268318772316 -0.92387962341309
vn 0 0.92387920618057 -0.38268426060677
vn 0 0.38268327713013 0.92387956380844
vn 0 -0.92387920618057 0.38268426060677
vn 0 -0.92387920618057 -0.38268426060677
# 37 normals

vt 0.98925650119782 0.61332190036774 0
vt 0.90837293863297 0.61312472820282 0
vt 0.90855705738068 0.53849375247955 0
vt 0.98943758010864 0.5386928319931 0
vt 0.5041606426239 0.52458047866821 0
vt 0.52033877372742 0.52462249994278 0
vt 0.52032721042633 0.52901005744934 0
vt 0.50414913892746 0.52896791696548 0
vt 0.00372492196038 0.91400980949402 0
vt 0.08461028337479 0.91422557830811 0
vt 0.08440308272839 0.99120378494263 0
vt 0.00352015439421 0.99098610877991 0
vt 0.50294578075409 0.98941153287888 0
vt 0.519127368927 0.98945438861847 0
vt 0.51911598443985 0.99384289979935 0
vt 0.50293397903442 0.99380016326904 0
vt 0.49297162890434 0.99148482084274 0
vt 0.49591532349586 0.9873480796814 0
vt 0.49590295553207 0.99149376153946 0
vt 0.49296268820763 0.99441599845886 0
vt 0.50295716524124 0.98530745506287 0
vt 0.51913815736771 0.98535025119782 0
vt 0.51913046836853 0.98828172683716 0
vt 0.5029491186142 0.98823887109756 0
vt 0.98836326599121 0.98652535676956 0
vt 0.98854517936707 0.91187906265259 0
vt 0.99147647619247 0.91188633441925 0
vt 0.99129450321198 0.98653239011765 0
vt 0.99647253751755 0.53665173053741 0
vt 0.99629288911819 0.61196529865265 0
vt 0.9933597445488 0.61310279369354 0
vt 0.99353903532028 0.53836047649384 0
vt 0.90856450796127 0.53556305170059 0
vt 0.98944467306137 0.53576308488846 0
vt 0.4961142539978 0.91201508045197 0
vt 0.49904847145081 0.91087824106216 0
vt 0.49885168671608 0.98563921451569 0
vt 0.50412738323212 0.53745889663696 0
vt 0.50393307209015 0.61209607124329 0
vt 0.50100219249725 0.61208838224411 0
vt 0.5011967420578 0.53745120763779 0
vt 0.49884337186813 0.98857098817825 0
vt 0.50292247533798 0.99818873405457 0
vt 0.49999088048935 0.99818098545074 0
vt 0.50000250339508 0.99379235506058 0
vt 0.50413799285889 0.53335571289062 0
vt 0.50120693445206 0.53334826231003 0
vt 0.50121825933456 0.52896058559418 0
vt 0.49711030721664 0.53123706579208 0
vt 0.49709957838058 0.5353809595108 0
vt 0.49418032169342 0.5312294960022 0
vt 0.49418815970421 0.52829951047897 0
vt 0.48886424303055 0.99230206012726 0
vt 0.48907005786896 0.91531211137772 0
vt 0.49200123548508 0.91531997919083 0
vt 0.49179583787918 0.9923101067543 0
vt 0.49690303206444 0.61070454120636 0
vt 0.49397960305214 0.60793393850327 0
vt 0.99354654550552 0.53543120622635 0
vt 0.99648255109787 0.53251034021378 0
vt 0.98946940898895 0.52581733465195 0
vt 0.99240010976791 0.52582454681396 0
vt 0.99238908290863 0.5302118062973 0
vt 0.9894585609436 0.53020441532135 0
vt 0.98835361003876 0.99062883853912 0
vt 0.99128472805023 0.99063593149185 0
vt 0.99127405881882 0.99502414464951 0
vt 0.9883428812027 0.99501705169678 0
vt 0.99538260698318 0.9927476644516 0
vt 0.99539297819138 0.98860263824463 0
vt 0.99831354618073 0.99275505542755 0
vt 0.99830627441406 0.99568605422974 0
vt 0.99557709693909 0.91326987743378 0
vt 0.99850130081177 0.91604053974152 0
vt 0.0047440356575 0.5291001200676 0
vt 0.00453850626945 0.60608339309692 0
vt 0.00160776975099 0.6060756444931 0
vt 0.00181307597086 0.52909225225449 0
vt 0.490080088377 0.53038996458054 0
vt 0.4739026427269 0.53034740686417 0
vt 0.4739103615284 0.52741664648056 0
vt 0.49008786678314 0.52745920419693 0
vt 0.50003290176392 0.53417479991913 0
vt 0.50002557039261 0.53710508346558 0
vt 0.08439504355192 0.99413448572159 0
vt 0.00351272174157 0.99391537904739 0
vt 0.99941009283066 0.53251647949219 0
vt 0.99941486120224 0.52959042787552 0
vt 0.00058475334663 0.9939072728157 0
vt 0.0005908193998 0.99097871780396 0
vt 0.99245899915695 0.98980939388275 0
vt 0.99246633052826 0.98687851428986 0
vt 0.9912873506546 0.98946338891983 0
vt 0.98835629224777 0.98945641517639 0
vt 0.49301841855049 0.52746677398682 0
vt 0.4930108487606 0.53039759397507 0
vt 0.50001734495163 0.98823088407516 0
vt 0.50002551078796 0.98529922962189 0
vt 0.00182059407234 0.52616101503372 0
vt 0.00475185923278 0.52616912126541 0
vt 0.50120413303375 0.53452068567276 0
vt 0.504134953022 0.53452801704407 0
vt 0.99237418174744 0.53577095270157 0
vt 0.99236708879471 0.5387002825737 0
vt 0.49178767204285 0.99524170160294 0
vt 0.48885616660118 0.99523341655731 0
vt 0.52031576633453 0.53339743614197 0
vt 0.51910448074341 0.99823147058487 0
vt 0.50001406669617 0.98940366506577 0
vt 0.50122952461243 0.52457273006439 0
vt 0.9923774600029 0.53459900617599 0
vt 0.98944735527039 0.53459131717682 0
vt 0.99126327037811 0.99941235780716 0
vt 0.98833209276199 0.99940514564514 0
vt 0.00475344713777 0.52558302879334 0
vt 0.08564426749945 0.52579975128174 0
vt 0.08564265072346 0.52638590335846 0
vt 0.50416219234467 0.5239942073822 0
vt 0.52034026384354 0.52403622865677 0
vt 0.50294750928879 0.98882520198822 0
vt 0.51912903785706 0.98886811733246 0
vt 0.98835498094559 0.9900426864624 0
vt 0.90745538473129 0.98984575271606 0
vt 0.90745669603348 0.98925948143005 0
vt 0.49940457940102 0.99817943572998 0
vt 0.49941620230675 0.99379080533981 0
vt 0.49590039253235 0.99232286214828 0
vt 0.49278795719147 0.99541628360748 0
vt 0.4923740029335 0.99524343013763 0
vt 0.49238240718842 0.99231189489365 0
vt 0.99295264482498 0.53870195150375 0
vt 0.99277311563492 0.61333030462265 0
vt 0.99218708276749 0.61332887411118 0
vt 0.99188071489334 0.98653370141983 0
vt 0.99206304550171 0.91188776493073 0
vt 0.99264872074127 0.91211807727814 0
vt 0.50413650274277 0.53394186496735 0
vt 0.52031427621841 0.53398370742798 0
vt 0.52031278610229 0.53457003831863 0
vt 0.98944592475891 0.53517729043961 0
vt 0.90856593847275 0.53497689962387 0
vt 0.90856742858887 0.53439074754715 0
vt 0.50061064958572 0.5374498963356 0
vt 0.50041615962982 0.61208701133728 0
vt 0.49983072280884 0.61185663938522 0
vt 0.49943909049034 0.98529750108719 0
vt 0.49963548779488 0.91065090894699 0
vt 0.50022178888321 0.91065257787704 0
vt 0.49901312589645 0.98922902345657 0
vt 0.49942767620087 0.989402115345 0
vt 0.4994307756424 0.98822921514511 0
vt 0.49178603291512 0.99582803249359 0
vt 0.48885455727577 0.99581968784332 0
vt 0.50292086601257 0.99877506494522 0
vt 0.49998939037323 0.9987673163414 0
vt 0.50120556354523 0.53393453359604 0
vt 0.50062078237534 0.53334695100784 0
vt 0.50063198804855 0.52895897626877 0
vt 0.49711248278618 0.53040838241577 0
vt 0.50020605325699 0.53351807594299 0
vt 0.49360463023186 0.52746850252151 0
vt 0.49359673261642 0.53039902448654 0
vt 0.49360436201096 0.52746939659119 0
vt 0.49401912093163 0.52729898691177 0
vt 0.50064343214035 0.52457129955292 0
vt 0.49339494109154 0.60737979412079 0
vt 0.49280884861946 0.6073784828186 0
vt 0.49258762598038 0.91532158851624 0
vt 0.49317562580109 0.91477066278458 0
vt 0.99337673187256 0.53477400541306 0
vt 0.99648475646973 0.53168231248856 0
vt 0.99297517538071 0.53021329641342 0
vt 0.99296361207962 0.53460085391998 0
vt 0.992959856987 0.53577268123627 0
vt 0.00182210910134 0.52557480335236 0
vt 0.98947077989578 0.52523136138916 0
vt 0.99240159988403 0.52523851394653 0
vt 0.9929860830307 0.52582597732544 0
vt 0.99958771467209 0.52859348058701 0
vt 0.99128603935242 0.99004971981049 0
vt 0.99187105894089 0.99063724279404 0
vt 0.99186021089554 0.99502557516098 0
vt 0.99538058042526 0.99357670545578 0
vt 0.9922856092453 0.99046629667282 0
vt 0 0.99390625953674 0
vt 0.00000494876849 0.99097746610641 0
vt 0.99889779090881 0.99358546733856 0
vt 0.9988905787468 0.99651664495468 0
vt 0.99847555160522 0.99668729305267 0
vt 0.99184954166412 0.99941384792328 0
vt 0.99999713897705 0.53168922662735 0
vt 0.99981713294983 0.60865831375122 0
vt 0.99922972917557 0.60920947790146 0
vt 0.00020835970645 0.91400045156479 0
vt 0.00079439487308 0.91400200128555 0
vt 0.50061821937561 0.53451949357986 0
vt 0.98833072185516 0.99999129772186 0
vt 0.90743112564087 0.99979454278946 0
vt 0.90743261575699 0.99920827150345 0
vt 0.47267451882362 0.99577558040619 0
vt 0.47267615795136 0.99518930912018 0
vt 1 0.52876484394073 0
vt 0.00122691388242 0.52909082174301 0
vt 0.00123426981736 0.52615946531296 0
vt 0.99126183986664 0.99999856948853 0
vt 0.00351100694388 0.99450123310089 0
vt 0.00058342353441 0.99449187517166 0
vt 0.99187356233597 0.98946475982666 0
vt 0.50123119354248 0.52398657798767 0
vt 0.49008947610855 0.52687311172485 0
vt 0.49301990866661 0.52688068151474 0
vt 0.50001555681229 0.98881721496582 0
vt 0.99237585067749 0.53518509864807 0
vt 0.49237233400345 0.99582970142364 0
vt 0.49237215518951 0.99582958221436 0
vt 0.49940305948257 0.99876576662064 0
vt 0.99184811115265 1 0
vt 0.99888914823532 0.99710297584534 0
vt 0.00000011751445 0.99449014663696 0
vt 0.50064498186111 0.52398502826691 0
vt 0.4936058819294 0.52688360214233 0
vt 0.49360612034798 0.52688229084015 0
vt 0.00123587599955 0.52557319402695 0
vt 0.99999994039536 0.52818268537521 0
vt 0.99298769235611 0.52524000406265 0
vt 0.99187231063843 0.99005091190338 0
vt 0.49942910671234 0.98881566524506 0
vt 0.99296146631241 0.53518706560135 0
vt 0.5006195306778 0.53393334150314 0
vt 0.9076464176178 0.91168218851089 0
vt 0.90782862901688 0.83703792095184 0
vt 0.9887261390686 0.837233543396 0
vt 0.90746378898621 0.986328125 0
vt 0.98907709121704 0.68795412778854 0
vt 0.90819031000137 0.68775886297226 0
vt 0.90800946950912 0.7623964548111 0
vt 0.9080998301506 0.72507721185684 0
vt 0.98898887634277 0.72527116537094 0
vt 0.98890191316605 0.76258993148804 0
vt 0.90791916847229 0.79971677064896 0
vt 0.98881441354752 0.79991108179092 0
vt 0.08542934060097 0.60629922151566 0
vt 0.08522428572178 0.68328189849854 0
vt 0.00433337781578 0.68306678533554 0
vt 0.08563480526209 0.52931666374207 0
vt 0.00392849650234 0.83703148365021 0
vt 0.08481547981501 0.83724558353424 0
vt 0.08501981198788 0.76026439666748 0
vt 0.08491776883602 0.79875540733337 0
vt 0.0040290360339 0.79854154586792 0
vt 0.0041298805736 0.76005047559738 0
vt 0.08512192219496 0.72177320718765 0
vt 0.00423126621172 0.72155874967575 0
vt 0.99200761318207 0.68796116113663 0
vt 0.99165779352188 0.83724063634872 0
vt 0.99174576997757 0.79991787672043 0
vt 0.99191921949387 0.72527807950974 0
vt 0.99183303117752 0.76259684562683 0
vt 0.99576091766357 0.83793741464615 0
vt 0.99283075332642 0.83735811710358 0
vt 0.99611216783524 0.68728429079056 0
vt 0.99318033456802 0.68784958124161 0
vt 0.99602198600769 0.72494435310364 0
vt 0.99309086799622 0.72522360086441 0
vt 0.99593663215637 0.76260614395142 0
vt 0.99584919214249 0.80027079582214 0
vt 0.99291861057282 0.79997777938843 0
vt 0.99300575256348 0.7625994682312 0
vt 0.49670645594597 0.68602913618088 0
vt 0.49963587522507 0.68660908937454 0
vt 0.49631235003471 0.83668434619904 0
vt 0.49924483895302 0.83611977100372 0
vt 0.49641117453575 0.7990198135376 0
vt 0.49934282898903 0.79874134063721 0
vt 0.49650976061821 0.76135563850403 0
vt 0.49660819768906 0.72369241714478 0
vt 0.49953827261925 0.72398620843887 0
vt 0.49944075942039 0.7613633275032 0
vt 0.50334852933884 0.83601605892181 0
vt 0.50315314531326 0.91066020727158 0
vt 0.50041753053665 0.83600842952728 0
vt 0.50373882055283 0.68673449754715 0
vt 0.50080788135529 0.68672668933868 0
vt 0.50364142656326 0.72405415773392 0
vt 0.50071060657501 0.72404646873474 0
vt 0.50354391336441 0.76137399673462 0
vt 0.50344622135162 0.7986946105957 0
vt 0.50051528215408 0.79868698120117 0
vt 0.50061297416687 0.76136630773544 0
vt 0.48967659473419 0.68435305356979 0
vt 0.48987811803818 0.60737097263336 0
vt 0.49260750412941 0.68436056375504 0
vt 0.48927360773087 0.83832395076752 0
vt 0.49220469594002 0.83833169937134 0
vt 0.48937484622002 0.79983043670654 0
vt 0.49230572581291 0.79983806610107 0
vt 0.48947557806969 0.76133716106415 0
vt 0.48957616090775 0.72284495830536 0
vt 0.492506980896 0.72285264730453 0
vt 0.4924064874649 0.76134496927261 0
vt 0.4933777153492 0.83805847167969 0
vt 0.49377915263176 0.68463987112045 0
vt 0.49367913603783 0.72299391031265 0
vt 0.4934783577919 0.79970300197601 0
vt 0.49357885122299 0.7613480091095 0
vt 0.99904602766037 0.68590986728668 0
vt 0.99868905544281 0.83932626247406 0
vt 0.9987787604332 0.80096852779388 0
vt 0.99895423650742 0.72426038980484 0
vt 0.99886775016785 0.76261293888092 0
vt 0.00099801784381 0.8370236158371 0
vt 0.00140250485856 0.68305909633636 0
vt 0.00130032887682 0.72155094146729 0
vt 0.00109815609176 0.79853385686874 0
vt 0.00119896570686 0.76004266738892 0
vt 0.99224460124969 0.83724212646484 0
vt 0.99259394407272 0.68796271085739 0
vt 0.99250489473343 0.72527951002121 0
vt 0.99241930246353 0.76259815692902 0
vt 0.99233227968216 0.79991924762726 0
vt 0.49983128905296 0.83600687980652 0
vt 0.50022166967392 0.68672508001328 0
vt 0.50012445449829 0.72404479980469 0
vt 0.50002688169479 0.76136487722397 0
vt 0.49992910027504 0.7986855506897 0
vt 0.49279087781906 0.8383332490921 0
vt 0.49319368600845 0.6843621134758 0
vt 0.49309325218201 0.72285407781601 0
vt 0.49299269914627 0.76134639978409 0
vt 0.49289184808731 0.79983961582184 0
vt 0.99927461147308 0.83960402011871 0
vt 0.99908626079559 0.9165945649147 0
vt 0.99963283538818 0.68563497066498 0
vt 0.99954068660736 0.72412359714508 0
vt 0.99945390224457 0.76261425018311 0
vt 0.99936467409134 0.80110812187195 0
vt 0.00081627134932 0.6830575466156 0
vt 0.00102175853681 0.60607409477234 0
vt 0.00041204469744 0.83702206611633 0
vt 0.00051191507373 0.79853230714798 0
vt 0.00061284913681 0.76004123687744 0
vt 0.00071406527422 0.72154939174652 0
vt 0.66571217775345 0.61251467466354 0
vt 0.58482277393341 0.61230629682541 0
vt 0.58501601219177 0.53766983747482 0
vt 0.66590368747711 0.53787916898727 0
vt 0.54437810182571 0.61220133304596 0
vt 0.54457187652588 0.5375645160675 0
vt 0.82748740911484 0.6129242181778 0
vt 0.82767426967621 0.53829151391983 0
vt 0.74660050868988 0.61272078752518 0
vt 0.74678975343704 0.53808653354645 0
vt 0.82770645618439 0.52541434764862 0
vt 0.9085893034935 0.52561664581299 0
vt 0.90857833623886 0.53000372648239 0
vt 0.8276954293251 0.52980160713196 0
vt 0.58504945039749 0.52479183673859 0
vt 0.6659369468689 0.52500128746033 0
vt 0.66592556238174 0.52938860654831 0
vt 0.58503806591034 0.52917915582657 0
vt 0.74682259559631 0.52520900964737 0
vt 0.74681156873703 0.52959614992142 0
vt 0.3272796869278 0.91487896442413 0
vt 0.40817362070084 0.91509616374969 0
vt 0.40796634554863 0.99208307266235 0
vt 0.32707172632217 0.99186426401138 0
vt 0.44862142205238 0.91520422697067 0
vt 0.44841462373734 0.99219244718552 0
vt 0.16549783945084 0.91444301605225 0
vt 0.1652894616127 0.99142372608185 0
vt 0.24638764560223 0.91466099023819 0
vt 0.24617910385132 0.99164432287216 0
vt 0.82655358314514 0.99023312330246 0
vt 0.90745401382446 0.99043208360672 0
vt 0.90744334459305 0.99482011795044 0
vt 0.82654279470444 0.99462121725082 0
vt 0.58385014533997 0.98962146043777 0
vt 0.66475141048431 0.98982805013657 0
vt 0.66474032402039 0.99421614408493 0
vt 0.5838388800621 0.99400967359543 0
vt 0.74565273523331 0.99003213644028 0
vt 0.74564176797867 0.99442028999329 0
vt 0.82656371593475 0.98612946271896 0
vt 0.82655644416809 0.98906069993973 0
vt 0.58386069536209 0.98551779985428 0
vt 0.66476190090179 0.98572432994843 0
vt 0.6647544503212 0.98865550756454 0
vt 0.58385318517685 0.98844903707504 0
vt 0.74566292762756 0.98592835664749 0
vt 0.74565553665161 0.9888596534729 0
vt 0.58502370119095 0.53473901748657 0
vt 0.66591113805771 0.53494834899902 0
vt 0.54457950592041 0.5346337556839 0
vt 0.82768160104752 0.53536087274551 0
vt 0.74679738283157 0.53515577316284 0
vt 0.16652464866638 0.52953261137009 0
vt 0.16653242707253 0.52660173177719 0
vt 0.40919211506844 0.5301770567894 0
vt 0.3283029794693 0.52996289730072 0
vt 0.32831078767776 0.5270322561264 0
vt 0.40919983386993 0.52724623680115 0
vt 0.24741408228874 0.52974826097488 0
vt 0.24742192029953 0.52681756019592 0
vt 0.40795847773552 0.99501407146454 0
vt 0.32706379890442 0.99479520320892 0
vt 0.44840666651726 0.99512350559235 0
vt 0.16528137028217 0.9943545460701 0
vt 0.24617107212543 0.9945752620697 0
vt 0.82768452167511 0.53418874740601 0
vt 0.66591417789459 0.53377598524094 0
vt 0.58502662181854 0.53356683254242 0
vt 0.74680036306381 0.53398358821869 0
vt 0.82653194665909 0.99900937080383 0
vt 0.66472923755646 0.99860435724258 0
vt 0.58382767438889 0.99839794635773 0
vt 0.74563080072403 0.99880856275558 0
vt 0.32831239700317 0.52644610404968 0
vt 0.40920141339302 0.52666020393372 0
vt 0.44964542984962 0.52676683664322 0
vt 0.44964388012886 0.5273529291153 0
vt 0.16653403639793 0.52601563930511 0
vt 0.24742351472378 0.5262314081192 0
vt 0.82770794630051 0.52482825517654 0
vt 0.90859073400497 0.52503055334091 0
vt 0.58505094051361 0.52420574426651 0
vt 0.66593837738037 0.52441513538361 0
vt 0.74682420492172 0.52462285757065 0
vt 0.82655507326126 0.98964691162109 0
vt 0.58385169506073 0.98903524875641 0
vt 0.66475296020508 0.98924171924591 0
vt 0.74565410614014 0.98944598436356 0
vt 0.54340034723282 0.98893111944199 0
vt 0.54340183734894 0.98834478855133 0
vt 0.82768309116364 0.53477478027344 0
vt 0.58502519130707 0.53415280580521 0
vt 0.66591268777847 0.53436207771301 0
vt 0.74679893255234 0.53456962108612 0
vt 0.54458105564117 0.53404742479324 0
vt 0.54458254575729 0.53346121311188 0
vt 0.66472774744034 0.9991906285286 0
vt 0.58382618427277 0.99898421764374 0
vt 0.54337471723557 0.99888032674789 0
vt 0.54337626695633 0.99829405546188 0
vt 0.82653045654297 0.9995955824852 0
vt 0.74562937021256 0.99939477443695 0
vt 0.16527979075909 0.99494063854218 0
vt 0.08439345657825 0.99472057819366 0
vt 0.40795683860779 0.9956002831459 0
vt 0.32706212997437 0.99538147449493 0
vt 0.24616946280003 0.99516141414642 0
vt 0.66495126485825 0.91107761859894 0
vt 0.58405250310898 0.91087067127228 0
vt 0.58424472808838 0.83622616529465 0
vt 0.6651411652565 0.83643341064453 0
vt 0.54360288381577 0.91076600551605 0
vt 0.54379665851593 0.83612143993378 0
vt 0.82674825191498 0.91148334741592 0
vt 0.82693266868591 0.83683943748474 0
vt 0.74584990739822 0.91128194332123 0
vt 0.74603694677353 0.83663785457611 0
vt 0.54340940713882 0.98541355133057 0
vt 0.66552132368088 0.68715196847916 0
vt 0.5846301317215 0.68694418668747 0
vt 0.54418444633484 0.68683964014053 0
vt 0.82730185985565 0.68755978345871 0
vt 0.74641209840775 0.68735730648041 0
vt 0.58443737030029 0.76158410310745 0
vt 0.58453381061554 0.72426396608353 0
vt 0.66542619466782 0.72447150945663 0
vt 0.66533094644547 0.76179164648056 0
vt 0.54399061203003 0.76147925853729 0
vt 0.54408740997314 0.72415924072266 0
vt 0.8271170258522 0.76219815015793 0
vt 0.82720941305161 0.72487854957581 0
vt 0.74622428417206 0.76199638843536 0
vt 0.74631798267364 0.72467654943466 0
vt 0.58434110879898 0.79890483617783 0
vt 0.66523587703705 0.79911231994629 0
vt 0.54389363527298 0.7988001704216 0
vt 0.82702481746674 0.79951840639114 0
vt 0.74613052606583 0.79931688308716 0
vt 0.32809907197952 0.60694468021393 0
vt 0.40898883342743 0.60715854167938 0
vt 0.40878582000732 0.68414086103439 0
vt 0.32789513468742 0.68392705917358 0
vt 0.44943350553513 0.60726475715637 0
vt 0.44923120737076 0.68424713611603 0
vt 0.16631948947906 0.60651469230652 0
vt 0.166114538908 0.68349719047546 0
vt 0.24720932543278 0.60672998428345 0
vt 0.24700476229191 0.6837123632431 0
vt 0.44963622093201 0.53028351068497 0
vt 0.32748597860336 0.83789420127869 0
vt 0.40837892889976 0.83810985088348 0
vt 0.44882610440254 0.83821713924408 0
vt 0.1657041311264 0.83746147155762 0
vt 0.24659438431263 0.83767795562744 0
vt 0.40858286619186 0.76112473011017 0
vt 0.40848106145859 0.79961711168289 0
vt 0.32758855819702 0.79940223693848 0
vt 0.3276908993721 0.76091027259827 0
vt 0.44902911782265 0.76123130321503 0
vt 0.44892770051956 0.79972398281097 0
vt 0.1659095287323 0.76047950983047 0
vt 0.1658069640398 0.79897058010101 0
vt 0.24679987132549 0.76069498062134 0
vt 0.24669723212719 0.79918646812439 0
vt 0.40868437290192 0.72263258695602 0
vt 0.32779306173325 0.72241860628128 0
vt 0.44913026690483 0.72273910045624 0
vt 0.16601207852364 0.72198832035065 0
vt 0.24690239131451 0.72220361232758 0
vt 0.54460549354553 0.52468591928482 0
vt 0.54459410905838 0.52907347679138 0
vt 0.54339879751205 0.98951745033264 0
vt 0.54338747262955 0.99390572309494 0
vt 0.5446070432663 0.52409982681274 0
vt 0.44840511679649 0.99570971727371 0
vt 0.52011096477509 0.61213827133179 0
vt 0.52030515670776 0.53750103712082 0
vt 0.47289043664932 0.91526901721954 0
vt 0.47268414497375 0.9922581911087 0
vt 0.47391185164452 0.52683055400848 0
vt 0.51910293102264 0.99881786108017 0
vt 0.51933306455612 0.9107027053833 0
vt 0.51952773332596 0.83605825901032 0
vt 0.51991701126099 0.68677645921707 0
vt 0.5071427822113 0.76139086484909 0
vt 0.50566059350967 0.76138389110565 0
vt 0.50747168064117 0.73850065469742 0
vt 0.51110273599625 0.75219619274139 0
vt 0.51981979608536 0.72409617900848 0
vt 0.51978689432144 0.73678416013718 0
vt 0.51962518692017 0.79873692989349 0
vt 0.47370022535324 0.60732847452164 0
vt 0.47349858283997 0.684310734272 0
vt 0.47309455275536 0.83828127384186 0
vt 0.00058707187418 0.46908283233643 0
vt 0.00351770222187 0.469083070755 0
vt 0.00351842795499 0.45992231369019 0
vt 0.00058797158999 0.45992195606232 0
vt 0.48554626107216 0.7848060131073 0
vt 0.48735889792442 0.76133620738983 0
vt 0.47319597005844 0.79978799819946 0
vt 0.473224401474 0.78652489185333 0
vt 0.47339779138565 0.72280269861221 0
vt 0.51970219612122 0.77401769161224 0
vt 0.5196647644043 0.78605997562408 0
vt 0.50735193490982 0.7842766046524 0
vt 0.51105439662933 0.77060860395432 0
vt 0.00058611767599 0.49652528762817 0
vt 0.00351727521047 0.49652540683746 0
vt 0.00351712969132 0.48737275600433 0
vt 0.00058617081959 0.48737275600433 0
vt 0.47332999110222 0.7487165927887 0
vt 0.47336301207542 0.73607671260834 0
vt 0.48566916584969 0.73785758018494 0
vt 0.48195934295654 0.7521116733551 0
vt 0.00351945171133 0.45077121257782 0
vt 0.00058884493774 0.45077073574066 0
vt 0.53615045547485 0.73857533931732 0
vt 0.53784215450287 0.76146769523621 0
vt 0.00644914852455 0.51483100652695 0
vt 0.00351791549474 0.51483118534088 0
vt 0.00351839582436 0.52398478984833 0
vt 0.00644975015894 0.52398467063904 0
vt 0.47325140237808 0.77389639616013 0
vt 0.45686709880829 0.78473055362701 0
vt 0.46449020504951 0.77033424377441 0
vt 0.45517757534981 0.76125174760818 0
vt 0.00058669678401 0.51483130455017 0
vt 0.00351758557372 0.50567799806595 0
vt 0.00058652897133 0.50567823648453 0
vt 0.00644816504791 0.49652504920959 0
vt 0.00644866237417 0.50567787885666 0
vt 0.00351727427915 0.47822093963623 0
vt 0.00058652897133 0.47822082042694 0
vt 0.53232800960541 0.76145726442337 0
vt 0.53603130578995 0.78435134887695 0
vt 0.52848970890045 0.77049201726913 0
vt 0.4569905102253 0.73778241872787 0
vt 0.00644833873957 0.46908330917358 0
vt 0.00644802581519 0.47822105884552 0
vt 0.48191121220589 0.7705409526825 0
vt 0.48587673902512 0.76133525371552 0
vt 0.46069160103798 0.76127016544342 0
vt 0.46453785896301 0.75222706794739 0
vt 0.519755423069 0.74883788824081 0
vt 0.52853679656982 0.75240349769592 0
vt 0.00644888496026 0.45992255210876 0
vt 0.00644799973816 0.48737275600433 0
vt 0.00644986750558 0.45077168941498 0
vt 0.00058714661282 0.52398496866226 0
vt 0.00703408382833 0.48737275600433 0
vt 0.00703417789191 0.47822105884552 0
vt 0.51130187511444 0.75294733047485 0
vt 0.50777721405029 0.76139378547668 0
vt 0.00000185860938 0.45992195606232 0
vt 0.0000009438765 0.46908283233643 0
vt 0.47332826256752 0.74935084581375 0
vt 0.46485069394112 0.75282591581345 0
vt 0.00703487824649 0.50567775964737 0
vt 0.00703436601907 0.49652504920959 0
vt 0.51125758886337 0.7698587179184 0
vt 0.51970410346985 0.77338314056396 0
vt 0 0.48737275600433 0
vt 0.00000002021249 0.49652540683746 0
vt 0.48171764612198 0.76978158950806 0
vt 0.48524218797684 0.76133495569229 0
vt 0.4817618727684 0.75287014245987 0
vt 0.00000038309727 0.47822082042694 0
vt 0.00000292658115 0.45077085494995 0
vt 0.46132603287697 0.76127225160599 0
vt 0.00703599117696 0.52398461103439 0
vt 0.00703537929803 0.5148309469223 0
vt 0.52816897630692 0.76990276575088 0
vt 0.53169357776642 0.76145607233047 0
vt 0.46480628848076 0.76973724365234 0
vt 0.47325280308723 0.77326190471649 0
vt 0.00000012926596 0.50567811727524 0
vt 0.0000003793368 0.51483124494553 0
vt 0.51975375413895 0.74947214126587 0
vt 0.00703446753323 0.46908342838287 0
vt 0.00000091896339 0.52398502826691 0
vt 0.52821308374405 0.7529913187027 0
vt 0.00703508686274 0.45992279052734 0
vt 0.00703595392406 0.45077168941498 0
# 627 texture coordinates

o Haube.1
usemtl Glas
f 4622/5328/29 4827/5327/29 4822/5326/29 4732/5325/29
f 4632/5332/723 5047/5331/722 5046/5330/721 4653/5329/721
f 4610/5336/2 4897/5335/2 4892/5334/2 4778/5333/2
f 4636/5340/725 5062/5339/724 5061/5338/705 4671/5337/705
f 4645/5344/1 4675/5343/1 4612/5342/1 4644/5341/1
f 4696/5348/29 5059/5347/29 5058/5346/29 4620/5345/29
f 4699/5352/29 4813/5351/29 4728/5350/29 4621/5349/29
f 4698/5356/5 4807/5355/5 4802/5354/5 4614/5353/5
f 4701/5358/29 4832/5357/29 4827/5327/29 4622/5328/29
f 4703/5361/1 4748/5360/1 4753/5359/1 4612/5342/1
f 4702/5365/29 4742/5364/29 4737/5363/29 4623/5362/29
f 4703/5361/1 4612/5342/1 4675/5343/1 4674/5366/1
f 4636/5340/725 4643/5369/728 4642/5368/727 4694/5367/726
f 4632/5332/723 4687/5372/729 4686/5371/650 4700/5370/650
f 4657/5376/1 4688/5375/1 4613/5374/1 4656/5373/1
f 4689/5380/2 4768/5379/2 4773/5378/2 4611/5377/2
f 4688/5375/1 4762/5382/1 4757/5381/1 4613/5374/1
f 4698/5356/5 4614/5353/5 4681/5384/5 4680/5383/5
f 4633/5388/723 4663/5387/729 4662/5386/730 4693/5385/721
f 4637/5392/725 4669/5391/728 4668/5390/705 4697/5389/705
f 4651/5396/5 4691/5395/5 4615/5394/5 4650/5393/5
f 4691/5395/5 4793/5398/5 4798/5397/5 4615/5394/5
f 4690/5402/2 4787/5401/2 4782/5400/2 4609/5399/2
f 4692/5406/2 5074/5405/2 5073/5404/2 4608/5403/2
f 4685/5408/1 4684/5407/1 4656/5373/1 4613/5374/1
f 4695/5410/2 4902/5409/2 4897/5335/2 4610/5336/2
f 4661/5412/5 4681/5384/5 4614/5353/5 4660/5411/5
f 4695/5410/2 4610/5336/2 4649/5414/2 4648/5413/2
f 4667/5416/5 4666/5415/5 4650/5393/5 4615/5394/5
f 4699/5352/29 4621/5349/29 4665/5418/29 4664/5417/29
f 4692/5406/2 4608/5403/2 4655/5420/2 4654/5419/2
f 4696/5348/29 4620/5345/29 4673/5422/29 4672/5421/29
f 4690/5402/2 4609/5399/2 4659/5424/2 4658/5423/2
f 4702/5365/29 4623/5362/29 4683/5426/29 4682/5425/29
f 4701/5358/29 4622/5328/29 4679/5428/29 4678/5427/29
f 4689/5380/2 4611/5377/2 4641/5430/2 4640/5429/2
f 4700/5370/650 5048/5431/650 5047/5331/722 4632/5332/723
f 4694/5367/726 5063/5432/726 5062/5339/724 4636/5340/725
f 4671/5337/705 4670/5433/705 4643/5369/728 4636/5340/725
f 4653/5329/721 4652/5434/730 4687/5372/729 4632/5332/723
f 4677/5436/650 4676/5435/650 4663/5387/729 4633/5388/723
f 4647/5438/726 4646/5437/727 4669/5391/728 4637/5392/725
f 4659/5424/2 4862/5441/2 4857/5440/2 4616/5439/2
f 4653/5329/731 5046/5330/732 5075/5443/732 4617/5442/731
f 4671/5337/705 5061/5338/705 5060/5445/705 4624/5444/705
f 4665/5418/29 4932/5448/29 4927/5447/29 4625/5446/29
f 4642/5368/734 4643/5369/725 4639/5450/725 4704/5449/733
f 4675/5343/1 4645/5344/1 4704/5452/1 4639/5451/1
f 4645/5344/1 4644/5341/1 4605/5454/1 4705/5453/1
f 4689/5380/2 4640/5429/2 4705/5453/2 4605/5454/2
f 4679/5428/29 4817/5457/29 4812/5456/29 4626/5455/29
f 4667/5416/5 4803/5460/5 4808/5459/5 4627/5458/5
f 4683/5426/29 5050/5463/29 5049/5462/29 4628/5461/29
f 4677/5436/650 4842/5466/650 4837/5465/650 4629/5464/650
f 4685/5408/1 4752/5469/1 4747/5468/1 4630/5467/1
f 4673/5422/29 4738/5472/29 4743/5471/29 4631/5470/29
f 4674/5366/1 4675/5343/1 4639/5451/1 4706/5473/1
f 4643/5369/725 4670/5433/713 4706/5474/705 4639/5450/725
f 4672/5421/29 4673/5422/29 4631/5470/29 4707/5475/29
f 4703/5361/1 4674/5366/1 4707/5475/1 4631/5470/1
f 4640/5429/2 4641/5430/2 4619/5477/2 4708/5476/2
f 4694/5367/735 4642/5368/734 4708/5479/735 4619/5478/735
f 4682/5425/29 4683/5426/29 4628/5461/29 4709/5480/29
f 4700/5370/650 4686/5371/663 4709/5480/650 4628/5461/650
f 4686/5371/663 4687/5372/736 4635/5482/736 4710/5481/650
f 4656/5373/1 4684/5407/1 4710/5484/1 4635/5483/1
f 4654/5419/2 4655/5420/2 4604/5486/2 4711/5485/2
f 4688/5375/1 4657/5376/1 4711/5487/1 4604/5486/1
f 4657/5376/1 4656/5373/1 4635/5483/1 4712/5488/1
f 4687/5372/736 4652/5434/738 4712/5489/737 4635/5482/736
f 4655/5420/2 4772/5491/2 4767/5490/2 4604/5486/2
f 4644/5341/1 4758/5493/1 4763/5492/1 4605/5454/1
f 4680/5383/5 4681/5384/5 4634/5495/5 4713/5494/5
f 4663/5387/736 4676/5435/663 4713/5497/650 4634/5496/736
f 4678/5427/29 4679/5428/29 4626/5455/29 4714/5498/29
f 4698/5356/5 4680/5383/5 4714/5498/5 4626/5455/5
f 4658/5423/2 4659/5424/2 4616/5439/2 4715/5499/2
f 4693/5385/731 4662/5386/739 4715/5501/731 4616/5500/731
f 4662/5386/739 4663/5387/736 4634/5496/736 4716/5502/737
f 4681/5384/5 4661/5412/5 4716/5503/5 4634/5495/5
f 4664/5417/29 4665/5418/29 4625/5446/29 4717/5504/29
f 4697/5389/705 4668/5390/713 4717/5504/705 4625/5446/705
f 4668/5390/713 4669/5391/725 4638/5506/725 4718/5505/705
f 4650/5393/5 4666/5415/5 4718/5508/5 4638/5507/5
f 4648/5413/2 4649/5414/2 4607/5510/2 4719/5509/2
f 4691/5395/5 4651/5396/5 4719/5512/5 4607/5511/5
f 4651/5396/5 4650/5393/5 4638/5507/5 4720/5513/5
f 4669/5391/725 4646/5437/740 4720/5514/733 4638/5506/725
f 4660/5411/5 4797/5517/5 4792/5516/5 4606/5515/5
f 4649/5414/2 4783/5519/2 4788/5518/2 4607/5510/2
f 4684/5407/1 4685/5408/1 4630/5467/1 4721/5520/1
f 4702/5365/29 4682/5425/29 4721/5520/29 4630/5467/29
f 4647/5438/735 4912/5523/741 4907/5522/741 4618/5521/735
f 4641/5430/2 5065/5525/2 5064/5524/2 4619/5477/2
f 4661/5412/5 4660/5411/5 4606/5515/5 4722/5526/5
f 4690/5402/2 4658/5423/2 4722/5528/2 4606/5527/2
f 4646/5437/740 4647/5438/735 4618/5521/735 4723/5529/735
f 4695/5410/2 4648/5413/2 4723/5531/2 4618/5530/2
f 4666/5415/5 4667/5416/5 4627/5458/5 4724/5532/5
f 4699/5352/29 4664/5417/29 4724/5532/29 4627/5458/29
f 4652/5434/738 4653/5329/731 4617/5442/731 4725/5533/731
f 4692/5406/2 4654/5419/2 4725/5535/2 4617/5534/2
f 4670/5433/713 4671/5337/705 4624/5444/705 4726/5536/705
f 4696/5348/29 4672/5421/29 4726/5536/29 4624/5444/29
f 4676/5435/663 4677/5436/650 4629/5464/650 4727/5537/650
f 4701/5358/29 4678/5427/29 4727/5537/29 4629/5464/29
f 4705/5453/2 4640/5429/2 4708/5476/2 4596/5538/2
f 4704/5452/1 4645/5344/1 4705/5453/1 4596/5539/1
f 4708/5479/735 4642/5368/734 4704/5449/733 4596/5540/741
f 4720/5514/733 4646/5437/740 4723/5529/735 4597/5541/741
f 4719/5512/5 4651/5396/5 4720/5513/5 4597/5542/5
f 4723/5531/2 4648/5413/2 4719/5509/2 4597/5543/2
f 4712/5489/737 4652/5434/738 4725/5533/731 4598/5544/742
f 4711/5487/1 4657/5376/1 4712/5488/1 4598/5545/1
f 4725/5535/2 4654/5419/2 4711/5485/2 4598/5546/2
f 4722/5528/2 4658/5423/2 4715/5499/2 4599/5547/2
f 4716/5503/5 4661/5412/5 4722/5526/5 4599/5548/5
f 4715/5501/731 4662/5386/739 4716/5502/737 4599/5549/742
f 4724/5532/29 4664/5417/29 4717/5504/29 4600/5550/29
f 4718/5508/5 4666/5415/5 4724/5532/5 4600/5550/5
f 4717/5504/705 4668/5390/713 4718/5505/705 4600/5550/705
f 4706/5474/705 4670/5433/713 4726/5536/705 4601/5551/705
f 4707/5475/1 4674/5366/1 4706/5473/1 4601/5551/1
f 4726/5536/29 4672/5421/29 4707/5475/29 4601/5551/29
f 4713/5497/650 4676/5435/663 4727/5537/650 4602/5552/650
f 4714/5498/5 4680/5383/5 4713/5494/5 4602/5552/5
f 4727/5537/29 4678/5427/29 4714/5498/29 4602/5552/29
f 4721/5520/29 4682/5425/29 4709/5480/29 4603/5553/29
f 4710/5484/1 4684/5407/1 4721/5520/1 4603/5553/1
f 4709/5480/650 4686/5371/663 4710/5481/650 4603/5553/650
f 4729/5556/29 4947/5555/29 4942/5554/29 4728/5350/29
f 4728/5350/29 4942/5554/29 4937/5557/29 4621/5349/29
f 4732/5325/29 4822/5326/29 4957/5559/29 4731/5558/29
f 4730/5563/29 5017/5562/29 5016/5561/29 4952/5560/29
f 4729/5556/29 4987/5565/29 4986/5564/29 4947/5555/29
f 4781/5568/2 4877/5567/2 4872/5566/2 4782/5400/2
f 4782/5400/2 4872/5566/2 4867/5569/2 4609/5399/2
f 4778/5333/2 4892/5334/2 4887/5571/2 4779/5570/2
f 4780/5575/2 4995/5574/2 4996/5573/2 4882/5572/2
f 4781/5568/2 5025/5577/2 5026/5576/2 4877/5567/2
f 4816/5578/29 4817/5457/29 4732/5325/29 4731/5558/29
f 4817/5457/29 4679/5428/29 4622/5328/29 4732/5325/29
f 4813/5351/29 4814/5579/29 4729/5556/29 4728/5350/29
f 4814/5579/29 4988/5580/29 4987/5565/29 4729/5556/29
f 4815/5582/29 5018/5581/29 5017/5562/29 4730/5563/29
f 4804/5584/5 4803/5460/5 4798/5397/5 4799/5583/5
f 4803/5460/5 4667/5416/5 4615/5394/5 4798/5397/5
f 4807/5355/5 4806/5586/5 4801/5585/5 4802/5354/5
f 4806/5586/5 5020/5588/5 5021/5587/5 4801/5585/5
f 4805/5592/5 4990/5591/5 4991/5590/5 4800/5589/5
f 4751/5594/1 4752/5469/1 4757/5381/1 4756/5593/1
f 4752/5469/1 4685/5408/1 4613/5374/1 4757/5381/1
f 4748/5360/1 4749/5596/1 4754/5595/1 4753/5359/1
f 4749/5596/1 5007/5598/1 5006/5597/1 4754/5595/1
f 4750/5602/1 5037/5601/1 5036/5600/1 4755/5599/1
f 4739/5605/29 4738/5472/29 4733/5604/29 4734/5603/29
f 4738/5472/29 4673/5422/29 4620/5345/29 4733/5604/29
f 4742/5364/29 4741/5607/29 4736/5606/29 4737/5363/29
f 4741/5607/29 5039/5609/29 5040/5608/29 4736/5606/29
f 4740/5613/29 5009/5612/29 5010/5611/29 4735/5610/29
f 4771/5616/2 4772/5491/2 4777/5615/2 4776/5614/2
f 4772/5491/2 4655/5420/2 4608/5403/2 4777/5615/2
f 4768/5379/2 4769/5618/2 4774/5617/2 4773/5378/2
f 4769/5618/2 5003/5620/2 5002/5619/2 4774/5617/2
f 4770/5624/2 5033/5623/2 5032/5622/2 4775/5621/2
f 4759/5625/1 4758/5493/1 4753/5359/1 4754/5595/1
f 4758/5493/1 4644/5341/1 4612/5342/1 4753/5359/1
f 4762/5382/1 4761/5626/1 4756/5593/1 4757/5381/1
f 4761/5626/1 5035/5627/1 5036/5600/1 4756/5593/1
f 4760/5629/1 5005/5628/1 5006/5597/1 4755/5599/1
f 4796/5630/5 4797/5517/5 4802/5354/5 4801/5585/5
f 4797/5517/5 4660/5411/5 4614/5353/5 4802/5354/5
f 4793/5398/5 4794/5631/5 4799/5583/5 4798/5397/5
f 4794/5631/5 4992/5632/5 4991/5590/5 4799/5583/5
f 4795/5634/5 5022/5633/5 5021/5587/5 4800/5589/5
f 4784/5635/2 4783/5519/2 4778/5333/2 4779/5570/2
f 4783/5519/2 4649/5414/2 4610/5336/2 4778/5333/2
f 4787/5401/2 4786/5636/2 4781/5568/2 4782/5400/2
f 4786/5636/2 5024/5637/2 5025/5577/2 4781/5568/2
f 4785/5639/2 4994/5638/2 4995/5574/2 4780/5575/2
f 4814/5579/29 4813/5351/29 4808/5459/29 4809/5640/29
f 4813/5351/29 4699/5352/29 4627/5458/29 4808/5459/29
f 4817/5457/29 4816/5578/29 4811/5641/29 4812/5456/29
f 4816/5578/29 5018/5581/29 5019/5642/29 4811/5641/29
f 4815/5582/29 4988/5580/29 4989/5644/29 4810/5643/29
f 4806/5586/5 4807/5355/5 4812/5456/5 4811/5641/5
f 4807/5355/5 4698/5356/5 4626/5455/5 4812/5456/5
f 4803/5460/5 4804/5584/5 4809/5640/5 4808/5459/5
f 4804/5584/5 4990/5591/5 4989/5644/5 4809/5640/5
f 4805/5592/5 5020/5588/5 5019/5642/5 4810/5643/5
f 4749/5596/1 4748/5360/1 4743/5471/1 4744/5645/1
f 4748/5360/1 4703/5361/1 4631/5470/1 4743/5471/1
f 4752/5469/1 4751/5594/1 4746/5646/1 4747/5468/1
f 4751/5594/1 5037/5601/1 5038/5647/1 4746/5646/1
f 4750/5602/1 5007/5598/1 5008/5649/1 4745/5648/1
f 4741/5607/29 4742/5364/29 4747/5468/29 4746/5646/29
f 4742/5364/29 4702/5365/29 4630/5467/29 4747/5468/29
f 4738/5472/29 4739/5605/29 4744/5645/29 4743/5471/29
f 4739/5605/29 5009/5612/29 5008/5649/29 4744/5645/29
f 4740/5613/29 5039/5609/29 5038/5647/29 4745/5648/29
f 4769/5618/2 4768/5379/2 4763/5492/2 4764/5650/2
f 4768/5379/2 4689/5380/2 4605/5454/2 4763/5492/2
f 4772/5491/2 4771/5616/2 4766/5651/2 4767/5490/2
f 4771/5616/2 5033/5623/2 5034/5652/2 4766/5651/2
f 4770/5624/2 5003/5620/2 5004/5654/2 4765/5653/2
f 4761/5626/1 4762/5382/1 4767/5490/1 4766/5651/1
f 4762/5382/1 4688/5375/1 4604/5486/1 4767/5490/1
f 4758/5493/1 4759/5625/1 4764/5650/1 4763/5492/1
f 4759/5625/1 5005/5628/1 5004/5654/1 4764/5650/1
f 4760/5629/1 5035/5627/1 5034/5652/1 4765/5653/1
f 4794/5631/5 4793/5398/5 4788/5656/5 4789/5655/5
f 4793/5398/5 4691/5395/5 4607/5511/5 4788/5656/5
f 4797/5517/5 4796/5630/5 4791/5657/5 4792/5516/5
f 4796/5630/5 5022/5633/5 5023/5658/5 4791/5657/5
f 4795/5634/5 4992/5632/5 4993/5660/5 4790/5659/5
f 4786/5636/2 4787/5401/2 4792/5662/2 4791/5661/2
f 4787/5401/2 4690/5402/2 4606/5527/2 4792/5662/2
f 4783/5519/2 4784/5635/2 4789/5663/2 4788/5518/2
f 4784/5635/2 4994/5638/2 4993/5664/2 4789/5663/2
f 4785/5639/2 5024/5637/2 5023/5666/2 4790/5665/2
f 4824/5670/29 4823/5669/29 4818/5668/29 4819/5667/29
f 4823/5669/29 4963/5672/29 4964/5671/29 4818/5668/29
f 4827/5327/29 4826/5674/29 4821/5673/29 4822/5326/29
f 4826/5674/29 4825/5676/29 4820/5675/29 4821/5673/29
f 4825/5676/29 4824/5670/29 4819/5667/29 4820/5675/29
f 4846/5680/723 4847/5679/722 4852/5678/721 4851/5677/721
f 4847/5679/722 4633/5388/723 4693/5385/721 4852/5678/721
f 4843/5684/723 4844/5683/722 4849/5682/721 4848/5681/721
f 4844/5683/722 4845/5686/722 4850/5685/721 4849/5682/721
f 4845/5686/722 4846/5680/723 4851/5677/721 4850/5685/721
f 4894/5690/2 4893/5689/2 4888/5688/2 4889/5687/2
f 4893/5689/2 4977/5692/2 4978/5691/2 4888/5688/2
f 4897/5335/2 4896/5694/2 4891/5693/2 4892/5334/2
f 4896/5694/2 4895/5696/2 4890/5695/2 4891/5693/2
f 4895/5696/2 4894/5690/2 4889/5687/2 4890/5695/2
f 4916/5700/743 4917/5699/724 4922/5698/705 4921/5697/705
f 4917/5699/724 4637/5392/725 4697/5389/705 4922/5698/705
f 4913/5704/743 4914/5703/724 4919/5702/705 4918/5701/705
f 4914/5703/724 4915/5706/724 4920/5705/705 4919/5702/705
f 4915/5706/724 4916/5700/743 4921/5697/705 4920/5705/705
f 4931/5708/29 4932/5448/29 4937/5557/29 4936/5707/29
f 4932/5448/29 4665/5418/29 4621/5349/29 4937/5557/29
f 4928/5712/29 4929/5711/29 4934/5710/29 4933/5709/29
f 4929/5711/29 4930/5714/29 4935/5713/29 4934/5710/29
f 4930/5714/29 4931/5708/29 4936/5707/29 4935/5713/29
f 4829/5716/29 4828/5715/29 4823/5669/29 4824/5670/29
f 4828/5715/29 4962/5717/29 4963/5672/29 4823/5669/29
f 4832/5357/29 4831/5718/29 4826/5674/29 4827/5327/29
f 4831/5718/29 4830/5719/29 4825/5676/29 4826/5674/29
f 4830/5719/29 4829/5716/29 4824/5670/29 4825/5676/29
f 4861/5721/2 4862/5441/2 4867/5569/2 4866/5720/2
f 4862/5441/2 4659/5424/2 4609/5399/2 4867/5569/2
f 4858/5725/2 4859/5724/2 4864/5723/2 4863/5722/2
f 4859/5724/2 4860/5727/2 4865/5726/2 4864/5723/2
f 4860/5727/2 4861/5721/2 4866/5720/2 4865/5726/2
f 4899/5729/2 4898/5728/2 4893/5689/2 4894/5690/2
f 4898/5728/2 4976/5730/2 4977/5692/2 4893/5689/2
f 4902/5409/2 4901/5731/2 4896/5694/2 4897/5335/2
f 4901/5731/2 4900/5732/2 4895/5696/2 4896/5694/2
f 4900/5732/2 4899/5729/2 4894/5690/2 4895/5696/2
f 4841/5733/650 4842/5466/650 4847/5679/722 4846/5680/723
f 4842/5466/650 4677/5436/650 4633/5388/723 4847/5679/722
f 4838/5735/650 4839/5734/650 4844/5683/722 4843/5684/723
f 4839/5734/650 4840/5736/650 4845/5686/722 4844/5683/722
f 4840/5736/650 4841/5733/650 4846/5680/723 4845/5686/722
f 4911/5737/726 4912/5523/726 4917/5699/724 4916/5700/743
f 4912/5523/726 4647/5438/726 4637/5392/725 4917/5699/724
f 4908/5739/726 4909/5738/726 4914/5703/724 4913/5704/743
f 4909/5738/726 4910/5740/726 4915/5706/724 4914/5703/724
f 4910/5740/726 4911/5737/726 4916/5700/743 4915/5706/724
f 4859/5724/2 4858/5725/2 4853/5742/2 4854/5741/2
f 4858/5725/2 4984/5744/2 4985/5743/2 4853/5742/2
f 4862/5441/2 4861/5721/2 4856/5745/2 4857/5440/2
f 4861/5721/2 4860/5727/2 4855/5746/2 4856/5745/2
f 4860/5727/2 4859/5724/2 4854/5741/2 4855/5746/2
f 4851/5677/742 4852/5678/742 4857/5748/742 4856/5747/742
f 4852/5678/742 4693/5385/731 4616/5500/731 4857/5748/742
f 4848/5681/742 4849/5682/742 4854/5750/742 4853/5749/742
f 4849/5682/742 4850/5685/742 4855/5751/742 4854/5750/742
f 4850/5685/742 4851/5677/742 4856/5747/742 4855/5751/742
f 4921/5697/705 4922/5698/705 4927/5447/705 4926/5752/705
f 4922/5698/705 4697/5389/705 4625/5446/705 4927/5447/705
f 4918/5701/705 4919/5702/705 4924/5754/705 4923/5753/705
f 4919/5702/705 4920/5705/705 4925/5755/705 4924/5754/705
f 4920/5705/705 4921/5697/705 4926/5752/705 4925/5755/705
f 4929/5711/29 4928/5712/29 4923/5753/29 4924/5754/29
f 4928/5712/29 4970/5757/29 4971/5756/29 4923/5753/29
f 4932/5448/29 4931/5708/29 4926/5752/29 4927/5447/29
f 4931/5708/29 4930/5714/29 4925/5755/29 4926/5752/29
f 4930/5714/29 4929/5711/29 4924/5754/29 4925/5755/29
f 4831/5718/29 4832/5357/29 4837/5465/29 4836/5758/29
f 4832/5357/29 4701/5358/29 4629/5464/29 4837/5465/29
f 4828/5715/29 4829/5716/29 4834/5760/29 4833/5759/29
f 4829/5716/29 4830/5719/29 4835/5761/29 4834/5760/29
f 4830/5719/29 4831/5718/29 4836/5758/29 4835/5761/29
f 4839/5734/650 4838/5735/650 4833/5759/650 4834/5760/650
f 4838/5735/650 4960/5763/650 4961/5762/650 4833/5759/650
f 4842/5466/650 4841/5733/650 4836/5758/650 4837/5465/650
f 4841/5733/650 4840/5736/650 4835/5761/650 4836/5758/650
f 4840/5736/650 4839/5734/650 4834/5760/650 4835/5761/650
f 4909/5738/741 4908/5739/741 4903/5765/741 4904/5764/741
f 4908/5739/741 4974/5767/741 4975/5766/741 4903/5765/741
f 4912/5523/741 4911/5737/741 4906/5768/741 4907/5522/741
f 4911/5737/741 4910/5740/741 4905/5769/741 4906/5768/741
f 4910/5740/741 4909/5738/741 4904/5764/741 4905/5769/741
f 4901/5731/2 4902/5409/2 4907/5771/2 4906/5770/2
f 4902/5409/2 4695/5410/2 4618/5530/2 4907/5771/2
f 4898/5728/2 4899/5729/2 4904/5773/2 4903/5772/2
f 4899/5729/2 4900/5732/2 4905/5774/2 4904/5773/2
f 4900/5732/2 4901/5731/2 4906/5770/2 4905/5774/2
f 4944/5778/29 4943/5777/29 4938/5776/29 4939/5775/29
f 4943/5777/29 4967/5780/29 4968/5779/29 4938/5776/29
f 4947/5555/29 4946/5782/29 4941/5781/29 4942/5554/29
f 4946/5782/29 4945/5784/29 4940/5783/29 4941/5781/29
f 4945/5784/29 4944/5778/29 4939/5775/29 4940/5783/29
f 4939/5775/29 4938/5776/29 4933/5709/29 4934/5710/29
f 4938/5776/29 4968/5779/29 4969/5785/29 4933/5709/29
f 4942/5554/29 4941/5781/29 4936/5707/29 4937/5557/29
f 4941/5781/29 4940/5783/29 4935/5713/29 4936/5707/29
f 4940/5783/29 4939/5775/29 4934/5710/29 4935/5713/29
f 4819/5667/29 4818/5668/29 4953/5787/29 4954/5786/29
f 4818/5668/29 4964/5671/29 4965/5788/29 4953/5787/29
f 4822/5326/29 4821/5673/29 4956/5789/29 4957/5559/29
f 4821/5673/29 4820/5675/29 4955/5790/29 4956/5789/29
f 4820/5675/29 4819/5667/29 4954/5786/29 4955/5790/29
f 4949/5794/29 5043/5793/29 5042/5792/29 4948/5791/29
f 4948/5791/29 5042/5792/29 5041/5796/29 4966/5795/29
f 4952/5560/29 5016/5561/29 5045/5798/29 4951/5797/29
f 4951/5797/29 5045/5798/29 5044/5800/29 4950/5799/29
f 4950/5799/29 5044/5800/29 5043/5793/29 4949/5794/29
f 4944/5778/29 5013/5802/29 5012/5801/29 4943/5777/29
f 4943/5777/29 5012/5801/29 5011/5803/29 4967/5780/29
f 4947/5555/29 4986/5564/29 5015/5804/29 4946/5782/29
f 4946/5782/29 5015/5804/29 5014/5805/29 4945/5784/29
f 4945/5784/29 5014/5805/29 5013/5802/29 4944/5778/29
f 4874/5809/2 4873/5808/2 4868/5807/2 4869/5806/2
f 4873/5808/2 4981/5811/2 4982/5810/2 4868/5807/2
f 4877/5567/2 4876/5813/2 4871/5812/2 4872/5566/2
f 4876/5813/2 4875/5815/2 4870/5814/2 4871/5812/2
f 4875/5815/2 4874/5809/2 4869/5806/2 4870/5814/2
f 4869/5806/2 4868/5807/2 4863/5722/2 4864/5723/2
f 4868/5807/2 4982/5810/2 4983/5816/2 4863/5722/2
f 4872/5566/2 4871/5812/2 4866/5720/2 4867/5569/2
f 4871/5812/2 4870/5814/2 4865/5726/2 4866/5720/2
f 4870/5814/2 4869/5806/2 4864/5723/2 4865/5726/2
f 4889/5687/2 4888/5688/2 4883/5818/2 4884/5817/2
f 4888/5688/2 4978/5691/2 4979/5819/2 4883/5818/2
f 4892/5334/2 4891/5693/2 4886/5820/2 4887/5571/2
f 4891/5693/2 4890/5695/2 4885/5821/2 4886/5820/2
f 4890/5695/2 4889/5687/2 4884/5817/2 4885/5821/2
f 4879/5825/2 4999/5824/2 5000/5823/2 4878/5822/2
f 4878/5822/2 5000/5823/2 5001/5827/2 4980/5826/2
f 4882/5572/2 4996/5573/2 4997/5829/2 4881/5828/2
f 4881/5828/2 4997/5829/2 4998/5831/2 4880/5830/2
f 4880/5830/2 4998/5831/2 4999/5824/2 4879/5825/2
f 4874/5809/2 5029/5833/2 5030/5832/2 4873/5808/2
f 4873/5808/2 5030/5832/2 5031/5834/2 4981/5811/2
f 4877/5567/2 5026/5576/2 5027/5835/2 4876/5813/2
f 4876/5813/2 5027/5835/2 5028/5836/2 4875/5815/2
f 4875/5815/2 5028/5836/2 5029/5833/2 4874/5809/2
f 4959/5838/723 4843/5684/723 4848/5681/721 4958/5837/721
f 4973/5840/743 4913/5704/743 4918/5701/705 4972/5839/705
f 4970/5757/29 4928/5712/29 4933/5709/29 4969/5785/29
f 4984/5744/2 4858/5725/2 4863/5722/2 4983/5816/2
f 4960/5763/650 4838/5735/650 4843/5684/723 4959/5838/723
f 4974/5767/726 4908/5739/726 4913/5704/743 4973/5840/743
f 4958/5837/742 4848/5681/742 4853/5749/742 4985/5841/742
f 4972/5839/705 4918/5701/705 4923/5753/705 4971/5756/705
f 4962/5717/29 4828/5715/29 4833/5759/29 4961/5762/29
f 4976/5730/2 4898/5728/2 4903/5772/2 4975/5842/2
f 4963/5672/29 5051/5844/29 5052/5843/29 4964/5671/29
f 4977/5692/2 5066/5846/2 5067/5845/2 4978/5691/2
f 4962/5717/29 5050/5463/29 5051/5844/29 4963/5672/29
f 4976/5730/2 5065/5525/2 5066/5846/2 4977/5692/2
f 4984/5744/2 5074/5405/2 5075/5847/2 4985/5743/2
f 4970/5757/29 5059/5347/29 5060/5445/29 4971/5756/29
f 4960/5763/650 5048/5431/650 5049/5462/650 4961/5762/650
f 4974/5767/741 5063/5432/744 5064/5848/744 4975/5766/741
f 4967/5780/29 5056/5850/29 5057/5849/29 4968/5779/29
f 4968/5779/29 5057/5849/29 5058/5346/29 4969/5785/29
f 4964/5671/29 5052/5843/29 5053/5851/29 4965/5788/29
f 5132/5855/29 5101/5854/29 5100/5853/29 5135/5852/29
f 5040/5608/29 5101/5854/29 5102/5857/29 5054/5856/29
f 4734/5603/29 5056/5850/29 5055/5858/29 5010/5611/29
f 4981/5811/2 5071/5860/2 5072/5859/2 4982/5810/2
f 4982/5810/2 5072/5859/2 5073/5404/2 4983/5816/2
f 4978/5691/2 5067/5845/2 5068/5861/2 4979/5819/2
f 5141/5865/745 5109/5864/745 5108/5863/745 5144/5862/745
f 4775/5621/2 5093/5867/2 5092/5866/2 5002/5619/2
f 5002/5619/2 5092/5866/2 5099/5869/2 5069/5868/2
f 4776/5614/2 5071/5860/2 5070/5870/2 5032/5622/2
f 4987/5565/29 4730/5563/29 4952/5560/29 4986/5564/29
f 4995/5574/2 4779/5570/2 4887/5571/2 4996/5573/2
f 4988/5580/29 4815/5582/29 4730/5563/29 4987/5565/29
f 4990/5591/5 4804/5584/5 4799/5583/5 4991/5590/5
f 5007/5598/1 4750/5602/1 4755/5599/1 5006/5597/1
f 5009/5612/29 4739/5605/29 4734/5603/29 5010/5611/29
f 5003/5620/2 4770/5624/2 4775/5621/2 5002/5619/2
f 5005/5628/1 4759/5625/1 4754/5595/1 5006/5597/1
f 4992/5632/5 4795/5634/5 4800/5589/5 4991/5590/5
f 4994/5638/2 4784/5635/2 4779/5570/2 4995/5574/2
f 4988/5580/29 4814/5579/29 4809/5640/29 4989/5644/29
f 4990/5591/5 4805/5592/5 4810/5643/5 4989/5644/5
f 5007/5598/1 4749/5596/1 4744/5645/1 5008/5649/1
f 5009/5612/29 4740/5613/29 4745/5648/29 5008/5649/29
f 5003/5620/2 4769/5618/2 4764/5650/2 5004/5654/2
f 5005/5628/1 4760/5629/1 4765/5653/1 5004/5654/1
f 4992/5632/5 4794/5631/5 4789/5655/5 4993/5660/5
f 4994/5638/2 4785/5639/2 4790/5665/2 4993/5664/2
f 5013/5802/29 4949/5794/29 4948/5791/29 5012/5801/29
f 5012/5801/29 4948/5791/29 4966/5795/29 5011/5803/29
f 4986/5564/29 4952/5560/29 4951/5797/29 5015/5804/29
f 5015/5804/29 4951/5797/29 4950/5799/29 5014/5805/29
f 5014/5805/29 4950/5799/29 4949/5794/29 5013/5802/29
f 4999/5824/2 4884/5817/2 4883/5818/2 5000/5823/2
f 5000/5823/2 4883/5818/2 4979/5819/2 5001/5827/2
f 4996/5573/2 4887/5571/2 4886/5820/2 4997/5829/2
f 4997/5829/2 4886/5820/2 4885/5821/2 4998/5831/2
f 4998/5831/2 4885/5821/2 4884/5817/2 4999/5824/2
f 5116/5874/29 5107/5873/29 5106/5872/29 5130/5871/29
f 5010/5611/29 5107/5873/29 5100/5853/29 4735/5610/29
f 5138/5878/746 5114/5877/746 5113/5876/746 5139/5875/746
f 5002/5619/2 5069/5868/2 5068/5861/2 4774/5617/2
f 5017/5562/29 4731/5558/29 4957/5559/29 5016/5561/29
f 5025/5577/2 4780/5575/2 4882/5572/2 5026/5576/2
f 5018/5581/29 4816/5578/29 4731/5558/29 5017/5562/29
f 5020/5588/5 4805/5592/5 4800/5589/5 5021/5587/5
f 5037/5601/1 4751/5594/1 4756/5593/1 5036/5600/1
f 5039/5609/29 4740/5613/29 4735/5610/29 5040/5608/29
f 5033/5623/2 4771/5616/2 4776/5614/2 5032/5622/2
f 5035/5627/1 4760/5629/1 4755/5599/1 5036/5600/1
f 5022/5633/5 4796/5630/5 4801/5585/5 5021/5587/5
f 5024/5637/2 4785/5639/2 4780/5575/2 5025/5577/2
f 5018/5581/29 4815/5582/29 4810/5643/29 5019/5642/29
f 5020/5588/5 4806/5586/5 4811/5641/5 5019/5642/5
f 5037/5601/1 4750/5602/1 4745/5648/1 5038/5647/1
f 5039/5609/29 4741/5607/29 4746/5646/29 5038/5647/29
f 5033/5623/2 4770/5624/2 4765/5653/2 5034/5652/2
f 5035/5627/1 4761/5626/1 4766/5651/1 5034/5652/1
f 5022/5633/5 4795/5634/5 4790/5659/5 5023/5658/5
f 5024/5637/2 4786/5636/2 4791/5661/2 5023/5666/2
f 5043/5793/29 4954/5786/29 4953/5787/29 5042/5792/29
f 5042/5792/29 4953/5787/29 4965/5788/29 5041/5796/29
f 5016/5561/29 4957/5559/29 4956/5789/29 5045/5798/29
f 5045/5798/29 4956/5789/29 4955/5790/29 5044/5800/29
f 5044/5800/29 4955/5790/29 4954/5786/29 5043/5793/29
f 5029/5833/2 4879/5825/2 4878/5822/2 5030/5832/2
f 5030/5832/2 4878/5822/2 4980/5826/2 5031/5834/2
f 5026/5576/2 4882/5572/2 4881/5828/2 5027/5835/2
f 5027/5835/2 4881/5828/2 4880/5830/2 5028/5836/2
f 5028/5836/2 4880/5830/2 4879/5825/2 5029/5833/2
f 5040/5608/29 5054/5856/29 5053/5851/29 4736/5606/29
f 5136/5882/2 5094/5881/2 5095/5880/2 5145/5879/2
f 5032/5622/2 5094/5881/2 5093/5867/2 4775/5621/2
f 5047/5331/722 4959/5838/723 4958/5837/721 5046/5330/721
f 5062/5339/724 4973/5840/743 4972/5839/705 5061/5338/705
f 5059/5347/29 4970/5757/29 4969/5785/29 5058/5346/29
f 5074/5405/2 4984/5744/2 4983/5816/2 5073/5404/2
f 5048/5431/650 4960/5763/650 4959/5838/723 5047/5331/722
f 5063/5432/726 4974/5767/726 4973/5840/743 5062/5339/724
f 5046/5330/732 4958/5837/742 4985/5841/742 5075/5443/732
f 5061/5338/705 4972/5839/705 4971/5756/705 5060/5445/705
f 5050/5463/29 4962/5717/29 4961/5762/29 5049/5462/29
f 5065/5525/2 4976/5730/2 4975/5842/2 5064/5524/2
f 5051/5844/29 4623/5362/29 4737/5363/29 5052/5843/29
f 5066/5846/2 4611/5377/2 4773/5378/2 5067/5845/2
f 5050/5463/29 4683/5426/29 4623/5362/29 5051/5844/29
f 5065/5525/2 4641/5430/2 4611/5377/2 5066/5846/2
f 5074/5405/2 4692/5406/2 4617/5534/2 5075/5847/2
f 5059/5347/29 4696/5348/29 4624/5444/29 5060/5445/29
f 5048/5431/650 4700/5370/650 4628/5461/650 5049/5462/650
f 5063/5432/744 4694/5367/735 4619/5478/735 5064/5848/744
f 5056/5850/29 4734/5603/29 4733/5604/29 5057/5849/29
f 5057/5849/29 4733/5604/29 4620/5345/29 5058/5346/29
f 5052/5843/29 4737/5363/29 4736/5606/29 5053/5851/29
f 5117/5884/246 5110/5883/246 5109/5864/246 5141/5865/246
f 5054/5856/29 5102/5857/29 5103/5885/29 5041/5796/29
f 5041/5796/29 5103/5885/29 5104/5886/29 4966/5795/29
f 5056/5850/29 4967/5780/29 5011/5803/29 5055/5858/29
f 5071/5860/2 4776/5614/2 4777/5615/2 5072/5859/2
f 5072/5859/2 4777/5615/2 4608/5403/2 5073/5404/2
f 5067/5845/2 4773/5378/2 4774/5617/2 5068/5861/2
f 5121/5890/226 5110/5889/226 5111/5888/226 5125/5887/226
f 5118/5893/2 5098/5892/2 5099/5869/2 5120/5891/2
f 5001/5827/2 5098/5892/2 5097/5894/2 4980/5826/2
f 5122/5897/747 5112/5896/747 5111/5888/747 5119/5895/747
f 5071/5860/2 4981/5811/2 5031/5834/2 5070/5870/2
f 5127/5899/748 5112/5896/748 5113/5876/748 5131/5898/748
f 5128/5901/749 5115/5900/749 5114/5877/749 5138/5878/749
f 5129/5904/29 5105/5903/29 5104/5886/29 5124/5902/29
f 5011/5803/29 5105/5903/29 5106/5872/29 5055/5858/29
f 5069/5868/2 5001/5827/2 4979/5819/2 5068/5861/2
f 5054/5856/29 5041/5796/29 4965/5788/29 5053/5851/29
f 5031/5834/2 5096/5905/2 5095/5880/2 5070/5870/2
f 5134/5907/750 5115/5900/750 5108/5863/750 5147/5906/750
f 4980/5826/2 5097/5894/2 5096/5905/2 5031/5834/2
f 5093/5867/2 5137/5909/2 5142/5908/2 5092/5866/2
f 5092/5866/2 5142/5908/2 5120/5891/2 5099/5869/2
f 5094/5881/2 5032/5622/2 5070/5870/2 5095/5880/2
f 5094/5881/2 5136/5882/2 5137/5909/2 5093/5867/2
f 5098/5892/2 5001/5827/2 5069/5868/2 5099/5869/2
f 5098/5892/2 5118/5893/2 5140/5910/2 5097/5894/2
f 5096/5905/2 5143/5911/2 5145/5879/2 5095/5880/2
f 5097/5894/2 5140/5910/2 5143/5911/2 5096/5905/2
f 5101/5854/29 5040/5608/29 4735/5610/29 5100/5853/29
f 5101/5854/29 5132/5855/29 5126/5912/29 5102/5857/29
f 5107/5873/29 5010/5611/29 5055/5858/29 5106/5872/29
f 5107/5873/29 5116/5874/29 5135/5852/29 5100/5853/29
f 5102/5857/29 5126/5912/29 5123/5913/29 5103/5885/29
f 5103/5885/29 5123/5913/29 5124/5902/29 5104/5886/29
f 5105/5903/29 5011/5803/29 4966/5795/29 5104/5886/29
f 5105/5903/29 5129/5904/29 5130/5871/29 5106/5872/29
f 5109/5864/745 5146/5914/745 5147/5906/745 5108/5863/745
f 5114/5877/746 5133/5915/746 5131/5898/746 5113/5876/746
f 5110/5883/246 5121/5916/246 5146/5914/246 5109/5864/246
f 5110/5889/226 5117/5917/226 5119/5895/226 5111/5888/226
f 5112/5896/747 5127/5899/747 5125/5887/747 5111/5888/747
f 5112/5896/748 5122/5897/748 5139/5875/748 5113/5876/748
f 5115/5900/749 5134/5907/749 5133/5915/749 5114/5877/749
f 5115/5900/750 5128/5901/750 5144/5862/750 5108/5863/750
f 5133/5915/751 5134/5907/751 5091/5919/751 5080/5918/751
f 5132/5855/29 5135/5852/29 5080/5921/29 5091/5920/29
f 5141/5865/752 5144/5862/752 5087/5923/752 5085/5922/752
f 5145/5879/2 5143/5911/2 5085/5925/2 5087/5924/2
f 5127/5899/753 5131/5898/753 5079/5927/753 5078/5926/753
f 5116/5874/29 5130/5871/29 5078/5929/29 5079/5928/29
f 5138/5878/754 5139/5875/754 5089/5931/754 5081/5930/754
f 5142/5908/2 5137/5909/2 5081/5933/2 5089/5932/2
f 5136/5882/2 5145/5879/2 5087/5924/2 5086/5934/2
f 5144/5862/755 5128/5901/755 5086/5935/755 5087/5923/755
f 5117/5884/756 5141/5865/756 5085/5922/756 5083/5936/756
f 5143/5911/2 5140/5910/2 5083/5937/2 5085/5925/2
f 5121/5890/757 5125/5887/757 5082/5939/757 5077/5938/757
f 5129/5904/29 5124/5902/29 5077/5941/29 5082/5940/29
f 5118/5893/2 5120/5891/2 5084/5943/2 5076/5942/2
f 5122/5897/747 5119/5895/747 5076/5945/747 5084/5944/747
f 5137/5909/2 5136/5882/2 5086/5934/2 5081/5933/2
f 5128/5901/751 5138/5878/751 5081/5930/751 5086/5935/751
f 5126/5912/29 5132/5855/29 5091/5920/29 5090/5946/29
f 5134/5907/755 5147/5906/755 5090/5947/755 5091/5919/755
f 5120/5891/2 5142/5908/2 5089/5932/2 5084/5943/2
f 5139/5875/753 5122/5897/753 5084/5944/753 5089/5931/753
f 5119/5895/757 5117/5917/757 5083/5948/757 5076/5945/757
f 5140/5910/2 5118/5893/2 5076/5942/2 5083/5937/2
f 5131/5898/754 5133/5915/754 5080/5918/754 5079/5927/754
f 5135/5852/29 5116/5874/29 5079/5928/29 5080/5921/29
f 5123/5913/29 5126/5912/29 5090/5946/29 5088/5949/29
f 5147/5906/752 5146/5914/752 5088/5950/752 5090/5947/752
f 5124/5902/29 5123/5913/29 5088/5949/29 5077/5941/29
f 5146/5914/756 5121/5916/756 5077/5951/756 5088/5950/756
f 5130/5871/29 5129/5904/29 5082/5940/29 5078/5929/29
f 5125/5887/747 5127/5899/747 5078/5926/747 5082/5939/747

